# Run started: 2025-07-08 12:55:16.143186
#
0 10000 1.0 160.63687133789062 4554
10 10000 0.84765625 160.45208740234375 2820
20 10000 0.861328125 160.32736206054688 6183
30 10000 0.8583984375 160.21405029296875 3846
40 10000 0.869140625 160.04568481445312 2222
50 10000 0.859375 159.90028381347656 9844
60 10000 0.849609375 159.69174194335938 6359
70 10000 0.86328125 159.38746643066406 1538
80 10000 0.83203125 159.20053100585938 5248
90 10000 0.8583984375 158.98477172851562 2132
100 10000 0.873046875 158.724365234375 3537
110 10000 0.8525390625 158.49472045898438 9139
120 10000 0.83203125 158.32391357421875 7219
130 10000 0.8310546875 158.1979522705078 9796
140 10000 0.8291015625 157.95223999023438 3523
150 10000 0.83203125 157.77108764648438 7825
160 10000 0.8447265625 157.57667541503906 4872
170 10000 0.86328125 157.2161865234375 2284
180 10000 0.8544921875 156.87564086914062 7091
190 10000 0.8623046875 156.68484497070312 7860
200 10000 0.833984375 156.40219116210938 2344
210 10000 0.837890625 156.16546630859375 1539
220 10000 0.8447265625 156.04043579101562 5536
230 10000 0.8447265625 155.89120483398438 156
240 10000 0.83984375 155.828125 6622
250 10000 0.84375 155.4747314453125 3066
260 10000 0.8369140625 155.18411254882812 6948
270 10000 0.8505859375 154.8818359375 784
280 10000 0.8671875 154.6103973388672 4571
290 10000 0.837890625 154.43600463867188 7418
300 10000 0.8408203125 154.17483520507812 281
310 10000 0.853515625 154.05084228515625 5006
320 10000 0.861328125 153.87306213378906 4854
330 10000 0.85546875 153.7288055419922 7021
340 10000 0.845703125 153.5833740234375 5974
350 10000 0.8486328125 153.4402313232422 7957
360 10000 0.8232421875 153.3405303955078 5807
370 10000 0.8486328125 153.23599243164062 5110
380 10000 0.8330078125 152.93795776367188 4952
390 10000 0.83984375 152.6005859375 5626
400 10000 0.8486328125 152.38473510742188 9551
410 10000 0.8076171875 152.23582458496094 3556
420 10000 0.8525390625 151.9493865966797 571
430 10000 0.8701171875 151.71090698242188 1561
440 10000 0.8642578125 151.47283935546875 1106
450 10000 0.8681640625 151.3581085205078 9887
460 10000 0.8681640625 151.20692443847656 875
470 10000 0.8564453125 151.11801147460938 9886
480 10000 0.8466796875 150.9663848876953 9116
490 10000 0.8388671875 150.76963806152344 6844
500 10000 0.8515625 150.4650115966797 2803
510 10000 0.8505859375 150.24252319335938 5455
520 10000 0.8623046875 150.02589416503906 2511
530 10000 0.8525390625 149.82217407226562 4720
540 10000 0.8525390625 149.69448852539062 2463
550 10000 0.83984375 149.37844848632812 7993
560 10000 0.8369140625 149.17715454101562 7478
570 10000 0.8515625 148.99815368652344 4675
580 10000 0.8271484375 148.83535766601562 1732
590 10000 0.8310546875 148.69564819335938 5373
600 10000 0.8408203125 148.3933868408203 8121
610 10000 0.8447265625 148.01473999023438 690
620 10000 0.83984375 147.86158752441406 7329
630 10000 0.828125 147.69131469726562 8117
640 10000 0.8369140625 147.49508666992188 9753
650 10000 0.845703125 147.31849670410156 910
660 10000 0.8525390625 147.19232177734375 9604
670 10000 0.859375 146.982666015625 5679
680 10000 0.826171875 146.8816375732422 948
690 10000 0.8486328125 146.74002075195312 1117
700 10000 0.8359375 146.61965942382812 8386
710 10000 0.8466796875 146.4208984375 137
720 10000 0.837890625 146.05465698242188 5183
730 10000 0.8330078125 145.84542846679688 5776
740 10000 0.810546875 145.70492553710938 5410
750 10000 0.8310546875 145.4385986328125 3365
760 10000 0.853515625 145.25579833984375 8641
770 10000 0.8486328125 145.06954956054688 8465
780 10000 0.8603515625 144.98077392578125 3640
790 10000 0.8369140625 144.88656616210938 2887
800 10000 0.8525390625 144.7056884765625 80
810 10000 0.8408203125 144.40542602539062 7035
820 10000 0.8544921875 144.16665649414062 9768
830 10000 0.841796875 143.98641967773438 3036
840 10000 0.8515625 143.83273315429688 4998
850 10000 0.818359375 143.65147399902344 9506
860 10000 0.8330078125 143.5373992919922 8735
870 10000 0.8271484375 143.29287719726562 5917
880 10000 0.818359375 143.1639862060547 1748
890 10000 0.8310546875 142.9435577392578 2077
900 10000 0.8330078125 142.74453735351562 8136
910 10000 0.8310546875 142.5967559814453 5479
920 10000 0.84375 142.462158203125 2073
930 10000 0.857421875 142.25863647460938 9207
940 10000 0.85546875 142.06239318847656 7428
950 10000 0.8408203125 141.85147094726562 9661
960 10000 0.830078125 141.65435791015625 4424
970 10000 0.8642578125 141.510986328125 4742
980 10000 0.841796875 141.3509521484375 7428
990 10000 0.8251953125 141.1163330078125 8467
1000 10000 0.849609375 140.90472412109375 4578
1010 10000 0.8349609375 140.7391357421875 4364
1020 10000 0.841796875 140.64425659179688 8229
1030 10000 0.8388671875 140.38746643066406 2938
1040 10000 0.8212890625 140.12728881835938 7295
1050 10000 0.83203125 140.01446533203125 1613
1060 10000 0.84375 139.77891540527344 19
1070 10000 0.8564453125 139.61770629882812 9663
1080 10000 0.84765625 139.41416931152344 5832
1090 10000 0.8701171875 139.27247619628906 2810
1100 10000 0.83203125 139.02911376953125 4072
1110 10000 0.8232421875 138.811767578125 2424
1120 10000 0.8291015625 138.6458740234375 9362
1130 10000 0.8330078125 138.45266723632812 9973
1140 10000 0.845703125 138.27325439453125 9456
1150 10000 0.841796875 138.09263610839844 8464
1160 10000 0.8408203125 137.93405151367188 9690
1170 10000 0.861328125 137.8177490234375 6303
1180 10000 0.8193359375 137.67303466796875 3648
1190 10000 0.8427734375 137.5487518310547 9743
1200 10000 0.84375 137.31753540039062 9909
1210 10000 0.8369140625 137.09228515625 6766
1220 10000 0.8330078125 136.9392547607422 1479
1230 10000 0.833984375 136.78311157226562 1552
1240 10000 0.8466796875 136.62603759765625 1343
1250 10000 0.8408203125 136.40545654296875 7497
1260 10000 0.8212890625 136.21414184570312 4412
1270 10000 0.8369140625 136.0125732421875 9737
1280 10000 0.814453125 135.82545471191406 9019
1290 10000 0.8466796875 135.7397918701172 2012
1300 10000 0.8671875 135.53370666503906 459
1310 10000 0.8232421875 135.36599731445312 894
1320 10000 0.8271484375 135.13034057617188 8986
1330 10000 0.84375 134.90818786621094 8644
1340 10000 0.859375 134.77133178710938 3010
1350 10000 0.8349609375 134.620849609375 3094
1360 10000 0.8369140625 134.42886352539062 9957
1370 10000 0.8427734375 134.11636352539062 3611
1380 10000 0.8037109375 133.9496307373047 3400
1390 10000 0.837890625 133.73606872558594 8189
1400 10000 0.8564453125 133.46051025390625 6818
1410 10000 0.8310546875 133.34071350097656 5832
1420 10000 0.84765625 133.05393981933594 9077
1430 10000 0.861328125 132.8360595703125 1810
1440 10000 0.8310546875 132.63079833984375 5465
1450 10000 0.8359375 132.39193725585938 2267
1460 10000 0.8515625 132.24807739257812 423
1470 10000 0.8505859375 132.08782958984375 8804
1480 10000 0.8271484375 131.93777465820312 875
1490 10000 0.8447265625 131.75213623046875 6434
1500 10000 0.83984375 131.66995239257812 9132
1510 10000 0.8271484375 131.474365234375 3536
1520 10000 0.8359375 131.22998046875 9486
1530 10000 0.8349609375 131.04446411132812 9134
1540 10000 0.83203125 130.85902404785156 1526
1550 10000 0.8466796875 130.74179077148438 465
1560 10000 0.8369140625 130.48622131347656 4640
1570 10000 0.8408203125 130.22068786621094 8561
1580 10000 0.853515625 129.9718017578125 6521
1590 10000 0.8359375 129.7516326904297 753
1600 10000 0.8408203125 129.5901641845703 2595
1610 10000 0.828125 129.3492889404297 6622
1620 10000 0.8251953125 129.16281127929688 7466
1630 10000 0.828125 128.89166259765625 4362
1640 10000 0.833984375 128.715576171875 384
1650 10000 0.8515625 128.46434020996094 555
1660 10000 0.853515625 128.26690673828125 6507
1670 10000 0.8486328125 128.14199829101562 7169
1680 10000 0.8349609375 127.97744750976562 5187
1690 10000 0.833984375 127.74301147460938 3550
1700 10000 0.84375 127.59562683105469 9703
1710 10000 0.8642578125 127.32386779785156 1689
1720 10000 0.828125 127.13683319091797 4437
1730 10000 0.8193359375 126.94192504882812 8509
1740 10000 0.8330078125 126.7347412109375 2982
1750 10000 0.8212890625 126.54498291015625 158
1760 10000 0.822265625 126.34105682373047 6451
1770 10000 0.8427734375 126.18856811523438 2114
1780 10000 0.845703125 126.03793334960938 1884
1790 10000 0.841796875 125.8816909790039 3468
1800 10000 0.8330078125 125.6820068359375 4886
1810 10000 0.8359375 125.44523620605469 7191
1820 10000 0.8232421875 125.28472900390625 470
1830 10000 0.8408203125 125.17085266113281 4438
1840 10000 0.83984375 124.97322082519531 4649
1850 10000 0.8369140625 124.84722900390625 2764
1860 10000 0.826171875 124.71592712402344 5917
1870 10000 0.8212890625 124.48344421386719 8434
1880 10000 0.8291015625 124.35273742675781 7279
1890 10000 0.833984375 124.19345092773438 2774
1900 10000 0.81640625 124.03211975097656 4470
1910 10000 0.833984375 123.82894134521484 8988
1920 10000 0.8271484375 123.64615631103516 5753
1930 10000 0.8544921875 123.45382690429688 6784
1940 10000 0.8427734375 123.296142578125 6607
1950 10000 0.8310546875 123.17603302001953 2783
1960 10000 0.8134765625 122.99205017089844 5255
1970 10000 0.830078125 122.84305572509766 5286
1980 10000 0.857421875 122.70187377929688 9602
1990 10000 0.8330078125 122.56632995605469 9563
2000 10000 0.818359375 122.44452667236328 2498
2010 10000 0.8291015625 122.2218246459961 3914
2020 10000 0.8505859375 122.09446716308594 6587
2030 10000 0.837890625 121.96446990966797 503
2040 10000 0.8271484375 121.71124267578125 7190
2050 10000 0.822265625 121.44442749023438 9716
2060 10000 0.8232421875 121.24882507324219 9885
2070 10000 0.8310546875 121.03997802734375 1367
2080 10000 0.845703125 120.94111633300781 5697
2090 10000 0.8408203125 120.76335144042969 6182
2100 10000 0.8330078125 120.6937255859375 4758
2110 10000 0.833984375 120.55206298828125 7664
2120 10000 0.8291015625 120.34925079345703 8266
2130 10000 0.80078125 120.11238098144531 7564
2140 10000 0.8251953125 119.90342712402344 4515
2150 10000 0.83203125 119.80680847167969 3382
2160 10000 0.837890625 119.5682601928711 8189
2170 10000 0.830078125 119.39633178710938 4268
2180 10000 0.837890625 119.12165832519531 5696
2190 10000 0.85546875 118.96189880371094 9289
2200 10000 0.8544921875 118.80887603759766 8837
2210 10000 0.84765625 118.72987365722656 8787
2220 10000 0.8271484375 118.60137939453125 2411
2230 10000 0.8193359375 118.484130859375 3464
2240 10000 0.8251953125 118.2891845703125 7383
2250 10000 0.845703125 118.14720153808594 1965
2260 10000 0.8193359375 117.98162841796875 2766
2270 10000 0.8525390625 117.7657241821289 4935
2280 10000 0.84765625 117.60413360595703 5956
2290 10000 0.845703125 117.37113189697266 6186
2300 10000 0.8447265625 117.21922302246094 9588
2310 10000 0.8388671875 117.04662322998047 5465
2320 10000 0.8369140625 116.8842544555664 3057
2330 10000 0.8310546875 116.63888549804688 9098
2340 10000 0.8291015625 116.44795989990234 8019
2350 10000 0.8359375 116.28019714355469 5754
2360 10000 0.81640625 116.17692565917969 8807
2370 10000 0.853515625 116.06767272949219 6637
2380 10000 0.837890625 115.8914566040039 3547
2390 10000 0.8369140625 115.73007202148438 2382
2400 10000 0.837890625 115.52481079101562 7872
2410 10000 0.822265625 115.39015197753906 9944
2420 10000 0.8369140625 115.23461151123047 22
2430 10000 0.8505859375 115.13290405273438 4094
2440 10000 0.828125 114.97085571289062 9808
2450 10000 0.8427734375 114.89924621582031 9135
2460 10000 0.7998046875 114.63751220703125 2645
2470 10000 0.84765625 114.43472290039062 7060
2480 10000 0.849609375 114.18901062011719 9181
2490 10000 0.8134765625 114.02250671386719 9291
2500 10000 0.8310546875 113.83038330078125 5034
2510 10000 0.8271484375 113.716796875 8000
2520 10000 0.8232421875 113.56216430664062 8612
2530 10000 0.8388671875 113.32281494140625 2494
2540 10000 0.8330078125 113.19088745117188 7530
2550 10000 0.8203125 113.10271453857422 6200
2560 10000 0.8154296875 112.93266296386719 3454
2570 10000 0.8310546875 112.80589294433594 3149
2580 10000 0.8154296875 112.71137237548828 5350
2590 10000 0.826171875 112.63375854492188 4045
2600 10000 0.85546875 112.53660583496094 4167
2610 10000 0.81640625 112.32612609863281 5566
2620 10000 0.833984375 112.07760620117188 5518
2630 10000 0.8466796875 111.89100646972656 9157
2640 10000 0.8271484375 111.77120971679688 3189
2650 10000 0.8466796875 111.68402099609375 8282
2660 10000 0.8251953125 111.44380187988281 3165
2670 10000 0.8388671875 111.30105590820312 8616
2680 10000 0.8154296875 111.12549591064453 5393
2690 10000 0.830078125 110.96029663085938 587
2700 10000 0.837890625 110.83216094970703 8494
2710 10000 0.8134765625 110.66429138183594 4876
2720 10000 0.833984375 110.51815795898438 9022
2730 10000 0.837890625 110.4173583984375 5198
2740 10000 0.8251953125 110.21438598632812 1760
2750 10000 0.833984375 110.03872680664062 7251
2760 10000 0.8359375 109.89329528808594 487
2770 10000 0.8603515625 109.79270935058594 3946
2780 10000 0.8291015625 109.69731140136719 2501
2790 10000 0.8212890625 109.47491455078125 9269
2800 10000 0.818359375 109.39945220947266 4420
2810 10000 0.8212890625 109.26930236816406 6010
2820 10000 0.841796875 109.066162109375 1273
2830 10000 0.833984375 108.92168426513672 1880
2840 10000 0.8291015625 108.71412658691406 8144
2850 10000 0.8125 108.52297973632812 7234
2860 10000 0.8134765625 108.37088012695312 3823
2870 10000 0.8349609375 108.21448516845703 1059
2880 10000 0.83984375 108.10370635986328 1456
2890 10000 0.84765625 107.95399475097656 9841
2900 10000 0.82421875 107.80973815917969 9221
2910 10000 0.8232421875 107.61671447753906 9854
2920 10000 0.861328125 107.40251159667969 8647
2930 10000 0.8369140625 107.26873779296875 3530
2940 10000 0.837890625 107.13297271728516 4879
2950 10000 0.822265625 107.0111083984375 6866
2960 10000 0.828125 106.89315795898438 8905
2970 10000 0.8330078125 106.71589660644531 9841
2980 10000 0.806640625 106.50338745117188 9423
2990 10000 0.8212890625 106.34671783447266 1868
3000 10000 0.8310546875 106.21946716308594 8755
3010 10000 0.8447265625 106.05879211425781 997
3020 10000 0.83203125 105.86894226074219 330
3030 10000 0.818359375 105.7862777709961 784
3040 10000 0.8388671875 105.67554473876953 252
3050 10000 0.8408203125 105.61166381835938 9662
3060 10000 0.828125 105.45417022705078 5282
3070 10000 0.8251953125 105.30239868164062 9145
3080 10000 0.828125 105.16577911376953 5695
3090 10000 0.822265625 105.0494384765625 3279
3100 10000 0.8427734375 104.8609619140625 346
3110 10000 0.8203125 104.72383117675781 4979
3120 10000 0.8388671875 104.58369445800781 2542
3130 10000 0.8271484375 104.49629211425781 887
3140 10000 0.822265625 104.3097152709961 248
3150 10000 0.833984375 104.18594360351562 4575
3160 10000 0.8193359375 103.99800109863281 9102
3170 10000 0.8017578125 103.83065795898438 8710
3180 10000 0.8271484375 103.73457336425781 623
3190 10000 0.822265625 103.54951477050781 1313
3200 10000 0.8271484375 103.33252716064453 8077
3210 10000 0.80078125 103.24266815185547 2823
3220 10000 0.8037109375 103.16136932373047 2780
3230 10000 0.81640625 103.01937103271484 5499
3240 10000 0.8271484375 102.88743591308594 7986
3250 10000 0.8427734375 102.6910171508789 8458
3260 10000 0.822265625 102.59829711914062 6661
3270 10000 0.8310546875 102.48250579833984 6741
3280 10000 0.8154296875 102.376953125 2219
3290 10000 0.8271484375 102.19261169433594 756
3300 10000 0.8359375 102.0474853515625 5460
3310 10000 0.826171875 101.92135620117188 4687
3320 10000 0.8525390625 101.73233032226562 9758
3330 10000 0.8017578125 101.50895690917969 3044
3340 10000 0.83203125 101.33303833007812 7099
3350 10000 0.828125 101.2367935180664 928
3360 10000 0.8359375 101.08187866210938 4864
3370 10000 0.8408203125 100.92610168457031 5936
3380 10000 0.8359375 100.75936889648438 1352
3390 10000 0.8232421875 100.64472198486328 1138
3400 10000 0.8203125 100.50391387939453 7317
3410 10000 0.826171875 100.43638610839844 8496
3420 10000 0.8271484375 100.33963012695312 5034
3430 10000 0.8212890625 100.16835021972656 5149
3440 10000 0.826171875 100.03036499023438 6752
3450 10000 0.84375 99.8804931640625 4916
3460 10000 0.8310546875 99.74888610839844 9487
3470 10000 0.826171875 99.62554931640625 7004
3480 10000 0.837890625 99.41201782226562 7801
3490 10000 0.80078125 99.3080062866211 5324
3500 10000 0.80859375 99.17596435546875 7300
3510 10000 0.830078125 99.07312774658203 5764
3520 10000 0.8291015625 98.95425415039062 5088
3530 10000 0.85546875 98.77237701416016 8730
3540 10000 0.814453125 98.56045532226562 8064
3550 10000 0.82421875 98.41903686523438 7321
3560 10000 0.7900390625 98.29005432128906 4414
3570 10000 0.83203125 98.19926452636719 9190
3580 10000 0.818359375 98.10152435302734 7407
3590 10000 0.79296875 97.987060546875 2658
3600 10000 0.80078125 97.83872985839844 7501
3610 10000 0.82421875 97.66622924804688 1018
3620 10000 0.8115234375 97.54884338378906 3444
3630 10000 0.83203125 97.3927230834961 546
3640 10000 0.837890625 97.26042175292969 8896
3650 10000 0.826171875 97.1828842163086 4047
3660 10000 0.814453125 97.1138916015625 5485
3670 10000 0.82421875 96.971923828125 8947
3680 10000 0.822265625 96.86483764648438 1124
3690 10000 0.8408203125 96.81813049316406 4293
3700 10000 0.8466796875 96.71011352539062 9347
3710 10000 0.806640625 96.60324096679688 7233
3720 10000 0.83203125 96.49034118652344 7068
3730 10000 0.8310546875 96.36935424804688 9403
3740 10000 0.8095703125 96.30282592773438 8933
3750 10000 0.83984375 96.16433715820312 4807
3760 10000 0.80859375 96.02194213867188 1708
3770 10000 0.80859375 95.91041564941406 416
3780 10000 0.830078125 95.84031677246094 7196
3790 10000 0.826171875 95.72193145751953 9671
3800 10000 0.8330078125 95.61082458496094 867
3810 10000 0.8212890625 95.47615051269531 1118
3820 10000 0.806640625 95.28015899658203 4235
3830 10000 0.818359375 95.18821716308594 6720
3840 10000 0.8037109375 95.12430572509766 4100
3850 10000 0.8203125 95.02940368652344 4103
3860 10000 0.8251953125 94.90982055664062 5453
3870 10000 0.8212890625 94.76122283935547 61
3880 10000 0.8115234375 94.62393188476562 692
3890 10000 0.814453125 94.46708679199219 9821
3900 10000 0.8232421875 94.36322784423828 7739
3910 10000 0.8134765625 94.19328308105469 4773
3920 10000 0.802734375 94.04646301269531 8571
3930 10000 0.83203125 93.86231231689453 5888
3940 10000 0.8251953125 93.78765869140625 3692
3950 10000 0.818359375 93.62435913085938 6250
3960 10000 0.8154296875 93.4295883178711 3216
3970 10000 0.8310546875 93.29387664794922 7254
3980 10000 0.8095703125 93.1596450805664 615
3990 10000 0.8173828125 93.09744262695312 6231
4000 10000 0.8125 92.88011932373047 5641
4010 10000 0.828125 92.81633758544922 1493
4020 10000 0.8388671875 92.57897186279297 5685
4030 10000 0.8203125 92.4354019165039 1886
4040 10000 0.8125 92.24874114990234 2101
4050 10000 0.837890625 92.09236907958984 2145
4060 10000 0.8212890625 92.01850891113281 1769
4070 10000 0.826171875 91.88854217529297 9388
4080 10000 0.8310546875 91.79240417480469 4566
4090 10000 0.833984375 91.70257568359375 6275
4100 10000 0.826171875 91.59576416015625 2670
4110 10000 0.8505859375 91.50714111328125 1173
4120 10000 0.8427734375 91.38430786132812 891
4130 10000 0.83203125 91.24362182617188 9752
4140 10000 0.8310546875 91.1843032836914 3187
4150 10000 0.818359375 91.0872573852539 4660
4160 10000 0.830078125 90.96886444091797 9482
4170 10000 0.833984375 90.89173126220703 9295
4180 10000 0.80859375 90.82719421386719 1671
4190 10000 0.8251953125 90.71279907226562 7949
4200 10000 0.794921875 90.47356414794922 3048
4210 10000 0.8203125 90.37864685058594 143
4220 10000 0.8388671875 90.249755859375 6678
4230 10000 0.8291015625 90.15214538574219 7244
4240 10000 0.82421875 89.99822235107422 6487
4250 10000 0.8046875 89.86978149414062 8227
4260 10000 0.80078125 89.79388427734375 8926
4270 10000 0.8173828125 89.63279724121094 4049
4280 10000 0.80859375 89.5429458618164 8470
4290 10000 0.8388671875 89.26295471191406 9448
4300 10000 0.8134765625 89.06288146972656 2729
4310 10000 0.82421875 88.93646240234375 4169
4320 10000 0.826171875 88.7574234008789 4053
4330 10000 0.80859375 88.67373657226562 94
4340 10000 0.826171875 88.51297760009766 1826
4350 10000 0.8115234375 88.42961120605469 5051
4360 10000 0.8212890625 88.32313537597656 179
4370 10000 0.8203125 88.20865631103516 5394
4380 10000 0.8232421875 88.1277084350586 1900
4390 10000 0.8291015625 88.05235290527344 411
4400 10000 0.8203125 87.86964416503906 2439
4410 10000 0.826171875 87.72329711914062 9684
4420 10000 0.82421875 87.61083221435547 8671
4430 10000 0.8251953125 87.4394302368164 3926
4440 10000 0.7978515625 87.18405151367188 1877
4450 10000 0.8271484375 87.13005065917969 4185
4460 10000 0.8212890625 86.96064758300781 4273
4470 10000 0.8173828125 86.84798431396484 7281
4480 10000 0.830078125 86.70878601074219 7395
4490 10000 0.82421875 86.59065246582031 9835
4500 10000 0.830078125 86.42483520507812 2778
4510 10000 0.81640625 86.29563903808594 5492
4520 10000 0.8115234375 86.21249389648438 9471
4530 10000 0.806640625 86.04963684082031 2326
4540 10000 0.818359375 85.93933868408203 3976
4550 10000 0.82421875 85.86500549316406 9766
4560 10000 0.8408203125 85.7396240234375 994
4570 10000 0.8125 85.6657485961914 5313
4580 10000 0.8310546875 85.51966094970703 4081
4590 10000 0.8173828125 85.40380859375 2229
4600 10000 0.775390625 85.23351287841797 6689
4610 10000 0.8046875 85.12661743164062 7181
4620 10000 0.8046875 84.90010833740234 6048
4630 10000 0.8115234375 84.72254943847656 9307
4640 10000 0.7958984375 84.65167999267578 4346
4650 10000 0.828125 84.52593231201172 8809
4660 10000 0.798828125 84.43438720703125 1225
4670 10000 0.818359375 84.35893249511719 8045
4680 10000 0.8134765625 84.20476531982422 4174
4690 10000 0.8017578125 84.05968475341797 8228
4700 10000 0.8173828125 83.9089126586914 8225
4710 10000 0.8115234375 83.7840576171875 2857
4720 10000 0.8251953125 83.69591522216797 2874
4730 10000 0.8154296875 83.59901428222656 32
4740 10000 0.798828125 83.45793151855469 9321
4750 10000 0.8310546875 83.34857177734375 4231
4760 10000 0.8125 83.25344848632812 3244
4770 10000 0.8369140625 83.14646911621094 1967
4780 10000 0.80859375 83.0140151977539 7198
4790 10000 0.814453125 82.88804626464844 7612
4800 10000 0.7822265625 82.79281616210938 5094
4810 10000 0.8125 82.70226287841797 5704
4820 10000 0.8056640625 82.57125091552734 5062
4830 10000 0.82421875 82.45597839355469 9980
4840 10000 0.8046875 82.35486602783203 6970
4850 10000 0.81640625 82.23151397705078 6164
4860 10000 0.81640625 82.11836242675781 4633
4870 10000 0.82421875 81.99921417236328 9299
4880 10000 0.82421875 81.84957122802734 9871
4890 10000 0.814453125 81.77967071533203 7580
4900 10000 0.810546875 81.6722183227539 9911
4910 10000 0.8212890625 81.57716369628906 8049
4920 10000 0.7939453125 81.46404266357422 9133
4930 10000 0.8076171875 81.31654357910156 3256
4940 10000 0.8173828125 81.23147583007812 1902
4950 10000 0.8349609375 81.1438980102539 9991
4960 10000 0.8173828125 80.94245147705078 3687
4970 10000 0.7978515625 80.87470245361328 1657
4980 10000 0.802734375 80.81537628173828 4126
4990 10000 0.828125 80.73058319091797 1418
5000 10000 0.822265625 80.60563659667969 4151
5010 10000 0.806640625 80.519775390625 932
5020 10000 0.822265625 80.4339599609375 37
5030 10000 0.8125 80.30921173095703 2785
5040 10000 0.8203125 80.23722839355469 5843
5050 10000 0.8046875 80.11884307861328 5442
5060 10000 0.8125 80.05903625488281 3340
5070 10000 0.7841796875 79.82818603515625 1649
5080 10000 0.791015625 79.69020080566406 1511
5090 10000 0.8291015625 79.6262435913086 8408
5100 10000 0.837890625 79.53410339355469 5344
5110 10000 0.8076171875 79.41100311279297 3947
5120 10000 0.818359375 79.25853729248047 5370
5130 10000 0.8203125 79.123291015625 1228
5140 10000 0.8212890625 79.04005432128906 6490
5150 10000 0.8232421875 78.96221923828125 1790
5160 10000 0.80078125 78.90196228027344 9088
5170 10000 0.798828125 78.82097625732422 7740
5180 10000 0.818359375 78.68888092041016 1714
5190 10000 0.8173828125 78.59557342529297 1652
5200 10000 0.8046875 78.49334716796875 3252
5210 10000 0.8330078125 78.3816909790039 2313
5220 10000 0.8271484375 78.24071502685547 4216
5230 10000 0.80859375 78.12601470947266 1359
5240 10000 0.8232421875 77.9974136352539 6298
5250 10000 0.8232421875 77.90338134765625 3440
5260 10000 0.8173828125 77.8313980102539 1636
5270 10000 0.8046875 77.75487518310547 6194
5280 10000 0.82421875 77.60736083984375 6650
5290 10000 0.8046875 77.46986389160156 3521
5300 10000 0.8076171875 77.42343139648438 4705
5310 10000 0.79296875 77.32022857666016 7368
5320 10000 0.818359375 77.23222351074219 1198
5330 10000 0.8203125 77.15511322021484 9916
5340 10000 0.830078125 77.09049987792969 6384
5350 10000 0.828125 76.99642181396484 3727
5360 10000 0.818359375 76.85297393798828 0
5370 10000 0.7998046875 76.72103881835938 8845
5380 10000 0.802734375 76.57933807373047 5907
5390 10000 0.818359375 76.492919921875 2424
5400 10000 0.8203125 76.38691711425781 1547
5410 10000 0.8154296875 76.22282409667969 7254
5420 10000 0.82421875 76.10749816894531 8033
5430 10000 0.80859375 75.9945068359375 1254
5440 10000 0.8037109375 75.91460418701172 817
5450 10000 0.8017578125 75.82247924804688 6055
5460 10000 0.8134765625 75.74069213867188 3767
5470 10000 0.798828125 75.62155151367188 1295
5480 10000 0.8095703125 75.5493392944336 8789
5490 10000 0.8203125 75.46707153320312 3048
5500 10000 0.794921875 75.30715942382812 9649
5510 10000 0.8203125 75.15487670898438 5050
5520 10000 0.8134765625 75.04890441894531 9570
5530 10000 0.7958984375 74.9413833618164 4993
5540 10000 0.7978515625 74.85358428955078 7743
5550 10000 0.802734375 74.6976547241211 1846
5560 10000 0.791015625 74.61418151855469 6745
5570 10000 0.802734375 74.52281951904297 1433
5580 10000 0.8076171875 74.31621551513672 3433
5590 10000 0.826171875 74.20828247070312 9018
5600 10000 0.802734375 74.14251708984375 4773
5610 10000 0.8154296875 74.03134155273438 8541
5620 10000 0.8095703125 73.89286804199219 5466
5630 10000 0.8046875 73.75338745117188 9798
5640 10000 0.81640625 73.6680908203125 6900
5650 10000 0.8125 73.52725982666016 3071
5660 10000 0.798828125 73.42739868164062 3747
5670 10000 0.810546875 73.3348159790039 8410
5680 10000 0.8056640625 73.24324798583984 8693
5690 10000 0.7880859375 73.17057800292969 7549
5700 10000 0.794921875 73.01972961425781 47
5710 10000 0.7939453125 72.90138244628906 7539
5720 10000 0.83203125 72.82843780517578 2605
5730 10000 0.8212890625 72.65719604492188 9082
5740 10000 0.791015625 72.586669921875 4503
5750 10000 0.8095703125 72.45246887207031 1060
5760 10000 0.7939453125 72.31426239013672 859
5770 10000 0.8046875 72.19247436523438 2117
5780 10000 0.791015625 72.06546020507812 8984
5790 10000 0.8212890625 72.00202941894531 3081
5800 10000 0.8154296875 71.91771697998047 5056
5810 10000 0.8173828125 71.82654571533203 9283
5820 10000 0.787109375 71.72095489501953 1508
5830 10000 0.798828125 71.64559173583984 4037
5840 10000 0.8173828125 71.51433563232422 5907
5850 10000 0.818359375 71.42112731933594 8031
5860 10000 0.818359375 71.36845397949219 395
5870 10000 0.8115234375 71.272705078125 4259
5880 10000 0.78515625 71.1763916015625 5541
5890 10000 0.8291015625 71.09740447998047 7629
5900 10000 0.7841796875 70.99658966064453 5291
5910 10000 0.80078125 70.9031753540039 6829
5920 10000 0.791015625 70.79884338378906 3006
5930 10000 0.8125 70.73178100585938 4141
5940 10000 0.8076171875 70.6388168334961 8368
5950 10000 0.8203125 70.49873352050781 8336
5960 10000 0.8212890625 70.45208740234375 5946
5970 10000 0.828125 70.3927001953125 2644
5980 10000 0.810546875 70.28866577148438 4797
5990 10000 0.8056640625 70.19684600830078 3480
6000 10000 0.83203125 70.11940002441406 4062
6010 10000 0.794921875 69.89179229736328 5934
6020 10000 0.8212890625 69.71473693847656 6587
6030 10000 0.794921875 69.5976791381836 1464
6040 10000 0.79296875 69.51789855957031 3457
6050 10000 0.8125 69.45451354980469 1135
6060 10000 0.7890625 69.35456848144531 9545
6070 10000 0.791015625 69.24301147460938 7343
6080 10000 0.8173828125 69.17537689208984 6458
6090 10000 0.7978515625 69.08293151855469 2648
6100 10000 0.7744140625 68.97576141357422 3367
6110 10000 0.814453125 68.921142578125 4541
6120 10000 0.794921875 68.81645202636719 4843
6130 10000 0.8330078125 68.75434112548828 8674
6140 10000 0.814453125 68.62255096435547 889
6150 10000 0.8076171875 68.53768920898438 8988
6160 10000 0.80078125 68.4175033569336 9110
6170 10000 0.796875 68.27720642089844 829
6180 10000 0.8203125 68.21440124511719 945
6190 10000 0.8115234375 68.11161804199219 6750
6200 10000 0.80859375 67.97908782958984 1642
6210 10000 0.8125 67.8410873413086 2141
6220 10000 0.822265625 67.72247314453125 3299
6230 10000 0.796875 67.62330627441406 2015
6240 10000 0.783203125 67.48564910888672 5863
6250 10000 0.78515625 67.36500549316406 2687
6260 10000 0.796875 67.22308349609375 530
6270 10000 0.798828125 67.16106414794922 2929
6280 10000 0.80078125 67.0010757446289 5336
6290 10000 0.798828125 66.93994140625 2149
6300 10000 0.7939453125 66.8888168334961 3267
6310 10000 0.8056640625 66.70673370361328 8955
6320 10000 0.7998046875 66.66612243652344 5134
6330 10000 0.8037109375 66.54681396484375 5240
6340 10000 0.791015625 66.47119140625 2376
6350 10000 0.779296875 66.3597412109375 6004
6360 10000 0.8046875 66.246826171875 1045
6370 10000 0.794921875 66.18611145019531 1142
6380 10000 0.8125 66.08741760253906 7438
6390 10000 0.8076171875 66.00453186035156 8805
6400 10000 0.8154296875 65.9444808959961 7859
6410 10000 0.810546875 65.86355590820312 50
6420 10000 0.822265625 65.75753784179688 7927
6430 10000 0.8203125 65.62560272216797 515
6440 10000 0.8056640625 65.5077133178711 6499
6450 10000 0.814453125 65.45858764648438 7667
6460 10000 0.8017578125 65.39383697509766 8725
6470 10000 0.8056640625 65.32857513427734 7624
6480 10000 0.7890625 65.21316528320312 3518
6490 10000 0.798828125 65.06822967529297 6026
6500 10000 0.8115234375 65.02428436279297 9762
6510 10000 0.796875 64.91078186035156 8499
6520 10000 0.79296875 64.82595825195312 5823
6530 10000 0.8095703125 64.73580932617188 8228
6540 10000 0.7958984375 64.66329956054688 3201
6550 10000 0.7998046875 64.5205078125 7945
6560 10000 0.8037109375 64.43079376220703 6545
6570 10000 0.8017578125 64.32968139648438 4807
6580 10000 0.806640625 64.23794555664062 2571
6590 10000 0.7919921875 64.18517303466797 5327
6600 10000 0.8046875 64.05534362792969 3915
6610 10000 0.7919921875 64.00655364990234 2894
6620 10000 0.79296875 63.90007781982422 7256
6630 10000 0.7919921875 63.78971862792969 9739
6640 10000 0.810546875 63.64494323730469 8062
6650 10000 0.7705078125 63.482330322265625 7270
6660 10000 0.794921875 63.37425994873047 5074
6670 10000 0.8076171875 63.24394226074219 9130
6680 10000 0.8046875 63.17524719238281 5355
6690 10000 0.8095703125 63.059303283691406 7462
6700 10000 0.7744140625 62.950836181640625 4021
6710 10000 0.796875 62.81268310546875 1155
6720 10000 0.7919921875 62.69868850708008 303
6730 10000 0.7841796875 62.65840530395508 6944
6740 10000 0.794921875 62.59380340576172 1638
6750 10000 0.787109375 62.49571228027344 4821
6760 10000 0.8095703125 62.38484191894531 5920
6770 10000 0.7900390625 62.33283996582031 353
6780 10000 0.8046875 62.21222686767578 3599
6790 10000 0.7822265625 62.143516540527344 3072
6800 10000 0.79296875 62.08032989501953 6750
6810 10000 0.7890625 61.97955322265625 306
6820 10000 0.814453125 61.92610168457031 6090
6830 10000 0.7919921875 61.86526107788086 2462
6840 10000 0.76953125 61.7244873046875 931
6850 10000 0.796875 61.613548278808594 5984
6860 10000 0.8193359375 61.5175895690918 2249
6870 10000 0.81640625 61.42242431640625 6912
6880 10000 0.794921875 61.319881439208984 4047
6890 10000 0.7783203125 61.192955017089844 5975
6900 10000 0.8125 61.081024169921875 3950
6910 10000 0.78515625 60.94767379760742 5210
6920 10000 0.798828125 60.83912658691406 9317
6930 10000 0.806640625 60.78155517578125 788
6940 10000 0.7919921875 60.72779083251953 4838
6950 10000 0.7822265625 60.672157287597656 8491
6960 10000 0.787109375 60.58472442626953 6160
6970 10000 0.7939453125 60.51350784301758 1688
6980 10000 0.7861328125 60.40268325805664 4055
6990 10000 0.7861328125 60.318294525146484 2356
7000 10000 0.80078125 60.223915100097656 2247
7010 10000 0.7861328125 60.14079284667969 9566
7020 10000 0.8095703125 60.018917083740234 9671
7030 10000 0.798828125 59.92008972167969 5770
7040 10000 0.783203125 59.81081771850586 4608
7050 10000 0.8095703125 59.720848083496094 8289
7060 10000 0.787109375 59.6066780090332 1746
7070 10000 0.7939453125 59.52096176147461 9875
7080 10000 0.79296875 59.45440673828125 7355
7090 10000 0.80859375 59.36284637451172 7525
7100 10000 0.818359375 59.285247802734375 890
7110 10000 0.791015625 59.164512634277344 5668
7120 10000 0.8134765625 59.114646911621094 8048
7130 10000 0.787109375 59.0046272277832 4340
7140 10000 0.8095703125 58.9266242980957 9519
7150 10000 0.7939453125 58.78421401977539 3523
7160 10000 0.7939453125 58.65154266357422 9243
7170 10000 0.775390625 58.55036544799805 4560
7180 10000 0.8056640625 58.454898834228516 483
7190 10000 0.7841796875 58.36852264404297 3503
7200 10000 0.791015625 58.27418518066406 3933
7210 10000 0.791015625 58.21410369873047 391
7220 10000 0.779296875 58.16380310058594 6231
7230 10000 0.7841796875 58.06117248535156 2312
7240 10000 0.80078125 57.88777542114258 1464
7250 10000 0.779296875 57.821449279785156 8976
7260 10000 0.7880859375 57.75830841064453 1964
7270 10000 0.8095703125 57.68316650390625 8128
7280 10000 0.7958984375 57.62098693847656 2659
7290 10000 0.80078125 57.53586959838867 8704
7300 10000 0.8251953125 57.47907257080078 5374
7310 10000 0.798828125 57.41687774658203 5632
7320 10000 0.80859375 57.36798858642578 4789
7330 10000 0.78125 57.28672790527344 2139
7340 10000 0.7919921875 57.19295883178711 8674
7350 10000 0.8076171875 57.14113998413086 13
7360 10000 0.8037109375 57.08290100097656 2263
7370 10000 0.8046875 56.984535217285156 3152
7380 10000 0.78125 56.88976287841797 4462
7390 10000 0.7744140625 56.80419158935547 7139
7400 10000 0.7783203125 56.69097137451172 4211
7410 10000 0.767578125 56.59848403930664 4436
7420 10000 0.783203125 56.53338623046875 3979
7430 10000 0.7939453125 56.482601165771484 406
7440 10000 0.767578125 56.40406799316406 8449
7450 10000 0.7939453125 56.33441925048828 7668
7460 10000 0.7978515625 56.240623474121094 2435
7470 10000 0.7841796875 56.131431579589844 803
7480 10000 0.7822265625 56.01778793334961 3743
7490 10000 0.7958984375 55.9508056640625 1718
7500 10000 0.7861328125 55.85657501220703 7023
7510 10000 0.7998046875 55.720947265625 491
7520 10000 0.7646484375 55.62976837158203 2748
7530 10000 0.7822265625 55.560935974121094 8378
7540 10000 0.78515625 55.50389862060547 5149
7550 10000 0.794921875 55.334190368652344 4063
7560 10000 0.80078125 55.263736724853516 8733
7570 10000 0.7705078125 55.201332092285156 5191
7580 10000 0.8095703125 55.10759353637695 7195
7590 10000 0.7978515625 55.04169845581055 537
7600 10000 0.802734375 54.960079193115234 8688
7610 10000 0.76171875 54.911598205566406 6515
7620 10000 0.798828125 54.8189697265625 9924
7630 10000 0.7919921875 54.73356628417969 2549
7640 10000 0.775390625 54.67152786254883 8583
7650 10000 0.779296875 54.58567428588867 7047
7660 10000 0.7890625 54.53932189941406 9075
7670 10000 0.7626953125 54.463722229003906 6432
7680 10000 0.7880859375 54.35194396972656 2144
7690 10000 0.796875 54.23979187011719 3823
7700 10000 0.783203125 54.18583679199219 1119
7710 10000 0.7958984375 54.094017028808594 6923
7720 10000 0.78515625 54.0457878112793 5576
7730 10000 0.775390625 53.97050476074219 4491
7740 10000 0.7763671875 53.89344024658203 763
7750 10000 0.7890625 53.78119659423828 9498
7760 10000 0.798828125 53.72004318237305 9430
7770 10000 0.7939453125 53.658607482910156 95
7780 10000 0.767578125 53.599830627441406 8604
7790 10000 0.7666015625 53.519554138183594 286
7800 10000 0.7763671875 53.46110916137695 3764
7810 10000 0.7880859375 53.36011505126953 9948
7820 10000 0.796875 53.299861907958984 1105
7830 10000 0.7734375 53.2327766418457 3079
7840 10000 0.8037109375 53.118003845214844 2546
7850 10000 0.80859375 53.022315979003906 8610
7860 10000 0.7763671875 52.969268798828125 296
7870 10000 0.787109375 52.89068603515625 5528
7880 10000 0.779296875 52.8262825012207 6640
7890 10000 0.7802734375 52.726158142089844 5712
7900 10000 0.7919921875 52.663116455078125 2852
7910 10000 0.765625 52.628639221191406 4551
7920 10000 0.7998046875 52.56210708618164 3847
7930 10000 0.7939453125 52.49671936035156 8952
7940 10000 0.7890625 52.414695739746094 3639
7950 10000 0.7880859375 52.32868194580078 6988
7960 10000 0.767578125 52.22538757324219 976
7970 10000 0.7822265625 52.16847229003906 9270
7980 10000 0.7783203125 52.10022735595703 6735
7990 10000 0.8095703125 52.01765441894531 3735
8000 10000 0.7861328125 51.963462829589844 3595
8010 10000 0.7939453125 51.919700622558594 7753
8020 10000 0.7890625 51.81379699707031 4477
8030 10000 0.7724609375 51.72477722167969 1310
8040 10000 0.783203125 51.61491394042969 4900
8050 10000 0.7724609375 51.56129837036133 8841
8060 10000 0.7802734375 51.471710205078125 2718
8070 10000 0.791015625 51.34319305419922 4298
8080 10000 0.7822265625 51.25880813598633 354
8090 10000 0.7880859375 51.184486389160156 4461
8100 10000 0.7724609375 51.093475341796875 3256
8110 10000 0.771484375 51.00456619262695 8723
8120 10000 0.7900390625 50.941558837890625 2179
8130 10000 0.7919921875 50.85095977783203 8558
8140 10000 0.78515625 50.78929138183594 2750
8150 10000 0.806640625 50.731990814208984 4905
8160 10000 0.7646484375 50.62741470336914 532
8170 10000 0.7822265625 50.54618453979492 2991
8180 10000 0.798828125 50.48672103881836 8362
8190 10000 0.775390625 50.41899108886719 2923
8200 10000 0.7822265625 50.32704162597656 8482
8210 10000 0.779296875 50.21690368652344 5010
8220 10000 0.7900390625 50.12206268310547 2463
8230 10000 0.7783203125 50.064842224121094 9583
8240 10000 0.771484375 50.004764556884766 5068
8250 10000 0.796875 49.90907287597656 1320
8260 10000 0.7880859375 49.836875915527344 1763
8270 10000 0.7705078125 49.74530029296875 1705
8280 10000 0.7685546875 49.70603942871094 1383
8290 10000 0.7734375 49.63239669799805 9554
8300 10000 0.80859375 49.56757736206055 2333
8310 10000 0.7958984375 49.530303955078125 1771
8320 10000 0.783203125 49.43084716796875 5743
8330 10000 0.7900390625 49.393714904785156 6741
8340 10000 0.78515625 49.32162094116211 6377
8350 10000 0.771484375 49.25680160522461 8097
8360 10000 0.80078125 49.12706756591797 4661
8370 10000 0.7890625 49.0444221496582 9354
8380 10000 0.7822265625 48.993919372558594 943
8390 10000 0.7880859375 48.90980529785156 222
8400 10000 0.7802734375 48.87310791015625 9641
8410 10000 0.7568359375 48.80216979980469 8913
8420 10000 0.787109375 48.75865173339844 6161
8430 10000 0.787109375 48.68260192871094 2645
8440 10000 0.765625 48.6254997253418 7700
8450 10000 0.79296875 48.561241149902344 858
8460 10000 0.7861328125 48.48789596557617 747
8470 10000 0.7744140625 48.46342849731445 3140
8480 10000 0.7646484375 48.34877014160156 6061
8490 10000 0.7763671875 48.259437561035156 5430
8500 10000 0.779296875 48.16069030761719 4186
8510 10000 0.8076171875 48.08397674560547 5145
8520 10000 0.7705078125 47.981117248535156 405
8530 10000 0.78125 47.85560607910156 1461
8540 10000 0.775390625 47.78486633300781 2226
8550 10000 0.7890625 47.75016403198242 4805
8560 10000 0.7734375 47.69736099243164 642
8570 10000 0.7744140625 47.61119842529297 9054
8580 10000 0.7744140625 47.496177673339844 4600
8590 10000 0.7822265625 47.45552062988281 3163
8600 10000 0.79296875 47.391632080078125 7054
8610 10000 0.7900390625 47.351844787597656 8900
8620 10000 0.7734375 47.23200225830078 6280
8630 10000 0.791015625 47.17595672607422 3403
8640 10000 0.7841796875 47.09001922607422 5615
8650 10000 0.8056640625 47.028961181640625 9273
8660 10000 0.7685546875 46.9794921875 9184
8670 10000 0.7724609375 46.910282135009766 9939
8680 10000 0.7958984375 46.847755432128906 6824
8690 10000 0.8037109375 46.77019119262695 9358
8700 10000 0.7919921875 46.701229095458984 865
8710 10000 0.7744140625 46.64335632324219 8887
8720 10000 0.7861328125 46.58588409423828 3270
8730 10000 0.798828125 46.52344512939453 6915
8740 10000 0.7822265625 46.45590591430664 8730
8750 10000 0.7822265625 46.39928436279297 6081
8760 10000 0.775390625 46.33930206298828 6645
8770 10000 0.8203125 46.26511001586914 4229
8780 10000 0.828125 46.18452453613281 5396
8790 10000 0.76171875 46.12027359008789 8991
8800 10000 0.7880859375 46.04643630981445 6707
8810 10000 0.771484375 45.992340087890625 1139
8820 10000 0.7890625 45.96217346191406 2950
8830 10000 0.7685546875 45.91438674926758 8042
8840 10000 0.8056640625 45.84950637817383 7031
8850 10000 0.76953125 45.785194396972656 1445
8860 10000 0.7724609375 45.739501953125 3699
8870 10000 0.7724609375 45.67000961303711 3975
8880 10000 0.76953125 45.603553771972656 1028
8890 10000 0.787109375 45.52289581298828 5206
8900 10000 0.76171875 45.449066162109375 6167
8910 10000 0.76171875 45.35811996459961 4201
8920 10000 0.7802734375 45.2901611328125 940
8930 10000 0.76953125 45.212684631347656 4248
8940 10000 0.7880859375 45.15779113769531 7432
8950 10000 0.79296875 45.099952697753906 2582
8960 10000 0.7939453125 45.01896667480469 1359
8970 10000 0.7880859375 44.928226470947266 2146
8980 10000 0.7841796875 44.8758430480957 5135
8990 10000 0.7890625 44.798736572265625 6507
9000 10000 0.7705078125 44.71611022949219 6882
9010 10000 0.7490234375 44.64813232421875 2450
9020 10000 0.7822265625 44.51327896118164 7205
9030 10000 0.775390625 44.457584381103516 2063
9040 10000 0.76953125 44.415836334228516 3361
9050 10000 0.7685546875 44.36711120605469 5097
9060 10000 0.7685546875 44.28208541870117 3777
9070 10000 0.767578125 44.233211517333984 8740
9080 10000 0.7724609375 44.148536682128906 5459
9090 10000 0.7685546875 44.07828140258789 7529
9100 10000 0.765625 44.01205825805664 4760
9110 10000 0.7919921875 43.94575119018555 5302
9120 10000 0.779296875 43.89359664916992 3622
9130 10000 0.7578125 43.81243133544922 1275
9140 10000 0.7724609375 43.72545623779297 1004
9150 10000 0.771484375 43.68605041503906 6560
9160 10000 0.7626953125 43.61268997192383 5463
9170 10000 0.7744140625 43.520668029785156 2772
9180 10000 0.783203125 43.48297882080078 4565
9190 10000 0.7763671875 43.41907501220703 7191
9200 10000 0.7734375 43.35282897949219 5989
9210 10000 0.759765625 43.31808090209961 1052
9220 10000 0.78515625 43.22493362426758 4370
9230 10000 0.759765625 43.163543701171875 1777
9240 10000 0.775390625 43.10838317871094 6633
9250 10000 0.7685546875 43.06507110595703 9007
9260 10000 0.7734375 43.008338928222656 4386
9270 10000 0.7802734375 42.919464111328125 1687
9280 10000 0.787109375 42.8623046875 8538
9290 10000 0.7685546875 42.77176284790039 886
9300 10000 0.80078125 42.708927154541016 2225
9310 10000 0.7744140625 42.66932678222656 9795
9320 10000 0.7958984375 42.60383987426758 2261
9330 10000 0.775390625 42.53522491455078 3367
9340 10000 0.7666015625 42.46381378173828 5985
9350 10000 0.779296875 42.42284393310547 3697
9360 10000 0.775390625 42.34849548339844 5645
9370 10000 0.7734375 42.278831481933594 2505
9380 10000 0.77734375 42.24554443359375 819
9390 10000 0.7822265625 42.21101379394531 3504
9400 10000 0.7568359375 42.14641189575195 7031
9410 10000 0.7421875 42.09889221191406 4979
9420 10000 0.7783203125 42.02220153808594 398
9430 10000 0.7724609375 41.98431396484375 1840
9440 10000 0.787109375 41.921852111816406 6327
9450 10000 0.7802734375 41.87733459472656 1985
9460 10000 0.7734375 41.786293029785156 3829
9470 10000 0.7509765625 41.711669921875 4512
9480 10000 0.74609375 41.625606536865234 2809
9490 10000 0.783203125 41.56855010986328 3347
9500 10000 0.7626953125 41.522804260253906 3784
9510 10000 0.759765625 41.45468521118164 4918
9520 10000 0.7861328125 41.4180793762207 2320
9530 10000 0.775390625 41.36294937133789 4398
9540 10000 0.763671875 41.326759338378906 39
9550 10000 0.7880859375 41.28864288330078 160
9560 10000 0.7783203125 41.228111267089844 2967
9570 10000 0.7900390625 41.18947982788086 6560
9580 10000 0.7783203125 41.106689453125 6649
9590 10000 0.755859375 41.054927825927734 6651
9600 10000 0.76171875 40.98698425292969 8398
9610 10000 0.7646484375 40.91604995727539 2061
9620 10000 0.78515625 40.89106369018555 2192
9630 10000 0.76171875 40.83102035522461 2655
9640 10000 0.7734375 40.77494812011719 3193
9650 10000 0.7900390625 40.724266052246094 1392
9660 10000 0.76953125 40.65678405761719 1299
9670 10000 0.7724609375 40.590755462646484 1631
9680 10000 0.767578125 40.53343200683594 4007
9690 10000 0.7705078125 40.4246826171875 1176
9700 10000 0.7705078125 40.33257293701172 1548
9710 10000 0.7724609375 40.23558807373047 2300
9720 10000 0.7880859375 40.21293258666992 4558
9730 10000 0.7734375 40.165306091308594 4297
9740 10000 0.763671875 40.121116638183594 3201
9750 10000 0.7685546875 40.08626937866211 2978
9760 10000 0.76171875 40.03752899169922 7421
9770 10000 0.7568359375 39.97788619995117 7948
9780 10000 0.7822265625 39.920108795166016 6243
9790 10000 0.7666015625 39.839935302734375 8333
9800 10000 0.755859375 39.77234649658203 9329
9810 10000 0.7646484375 39.74750900268555 4396
9820 10000 0.7666015625 39.69932556152344 7126
9830 10000 0.771484375 39.65363693237305 2982
9840 10000 0.7802734375 39.604644775390625 1615
9850 10000 0.7724609375 39.546504974365234 9319
9860 10000 0.7841796875 39.468788146972656 3011
9870 10000 0.76953125 39.40519714355469 6633
9880 10000 0.76953125 39.34107971191406 3835
9890 10000 0.76171875 39.26238250732422 4382
9900 10000 0.759765625 39.20029067993164 2451
9910 10000 0.7587890625 39.1435432434082 6772
9920 10000 0.7568359375 39.08430862426758 9706
9930 10000 0.7666015625 39.05297088623047 7415
9940 10000 0.775390625 38.999786376953125 4073
9950 10000 0.759765625 38.95623779296875 4498
9960 10000 0.765625 38.917259216308594 4296
9970 10000 0.7568359375 38.87334442138672 8592
9980 10000 0.75 38.799530029296875 7627
9990 10000 0.751953125 38.73033905029297 931
10000 10000 0.771484375 38.660804748535156 2974
10010 10000 0.7841796875 38.61406707763672 101
10020 10000 0.7529296875 38.55584716796875 8416
10030 10000 0.75390625 38.506683349609375 116
10040 10000 0.7763671875 38.43647766113281 705
10050 10000 0.7705078125 38.3569450378418 9744
10060 10000 0.787109375 38.28990173339844 4140
10070 10000 0.7392578125 38.2331657409668 6964
10080 10000 0.76953125 38.15502166748047 920
10090 10000 0.7763671875 38.11521911621094 1706
10100 10000 0.7646484375 38.088897705078125 1258
10110 10000 0.759765625 37.993316650390625 6248
10120 10000 0.763671875 37.945823669433594 6740
10130 10000 0.7939453125 37.895835876464844 3952
10140 10000 0.7607421875 37.817832946777344 3154
10150 10000 0.765625 37.77305603027344 2610
10160 10000 0.7744140625 37.73588562011719 1740
10170 10000 0.7666015625 37.661678314208984 169
10180 10000 0.767578125 37.62306213378906 7855
10190 10000 0.775390625 37.5782470703125 2857
10200 10000 0.77734375 37.526668548583984 528
10210 10000 0.755859375 37.485595703125 3242
10220 10000 0.751953125 37.39234924316406 5582
10230 10000 0.734375 37.31007385253906 6255
10240 10000 0.7607421875 37.27989959716797 9054
10250 10000 0.767578125 37.252906799316406 9422
10260 10000 0.7626953125 37.1916618347168 4058
10270 10000 0.7578125 37.13142395019531 1765
10280 10000 0.765625 37.05883026123047 5808
10290 10000 0.779296875 36.99758529663086 1563
10300 10000 0.7626953125 36.95100402832031 9010
10310 10000 0.77734375 36.9012451171875 1323
10320 10000 0.76953125 36.85298156738281 3359
10330 10000 0.7548828125 36.79462432861328 4275
10340 10000 0.7578125 36.740814208984375 2223
10350 10000 0.7529296875 36.691429138183594 6106
10360 10000 0.759765625 36.662574768066406 9435
10370 10000 0.7685546875 36.6229248046875 7175
10380 10000 0.7353515625 36.578590393066406 8284
10390 10000 0.759765625 36.54615020751953 8477
10400 10000 0.755859375 36.48796844482422 13
10410 10000 0.7529296875 36.40306091308594 4054
10420 10000 0.755859375 36.37357711791992 6210
10430 10000 0.7666015625 36.32209777832031 7608
10440 10000 0.7490234375 36.263710021972656 8399
10450 10000 0.7646484375 36.2116813659668 1809
10460 10000 0.7724609375 36.16339111328125 3753
10470 10000 0.7412109375 36.088191986083984 6879
10480 10000 0.7587890625 36.04547119140625 9928
10490 10000 0.7470703125 35.983192443847656 6974
10500 10000 0.7763671875 35.94371795654297 7636
10510 10000 0.755859375 35.892967224121094 2329
10520 10000 0.7783203125 35.833377838134766 2403
10530 10000 0.7294921875 35.79228591918945 5851
10540 10000 0.7578125 35.71719741821289 5416
10550 10000 0.765625 35.6785888671875 7357
10560 10000 0.78125 35.616905212402344 6008
10570 10000 0.7568359375 35.54432678222656 5021
10580 10000 0.7373046875 35.47488021850586 4754
10590 10000 0.7529296875 35.423667907714844 2810
10600 10000 0.7431640625 35.367088317871094 7108
10610 10000 0.767578125 35.30202102661133 4215
10620 10000 0.7431640625 35.26945495605469 2094
10630 10000 0.73828125 35.228660583496094 1075
10640 10000 0.7685546875 35.16596221923828 3566
10650 10000 0.7666015625 35.136680603027344 9177
10660 10000 0.7626953125 35.08770751953125 1441
10670 10000 0.75390625 35.06380844116211 8767
10680 10000 0.7373046875 35.0286865234375 4765
10690 10000 0.7578125 34.98789978027344 4708
10700 10000 0.73828125 34.962074279785156 2731
10710 10000 0.7666015625 34.89405059814453 9161
10720 10000 0.763671875 34.855560302734375 5472
10730 10000 0.767578125 34.77165222167969 8830
10740 10000 0.7646484375 34.720497131347656 5507
10750 10000 0.751953125 34.685508728027344 5801
10760 10000 0.740234375 34.65301513671875 284
10770 10000 0.75 34.61030960083008 3982
10780 10000 0.7666015625 34.57910919189453 111
10790 10000 0.7607421875 34.55186462402344 6113
10800 10000 0.75 34.49244689941406 2084
10810 10000 0.7734375 34.436744689941406 6073
10820 10000 0.7626953125 34.36822509765625 2177
10830 10000 0.7392578125 34.307735443115234 3538
10840 10000 0.7578125 34.26255798339844 5974
10850 10000 0.7373046875 34.23268508911133 7324
10860 10000 0.7392578125 34.19325256347656 8323
10870 10000 0.7392578125 34.13081741333008 8786
10880 10000 0.7529296875 34.08601379394531 7447
10890 10000 0.7421875 34.054840087890625 4724
10900 10000 0.7451171875 33.995025634765625 129
10910 10000 0.7578125 33.965484619140625 8834
10920 10000 0.7578125 33.91498947143555 6055
10930 10000 0.7568359375 33.880184173583984 8785
10940 10000 0.7587890625 33.83192443847656 7925
10950 10000 0.7607421875 33.769317626953125 716
10960 10000 0.7529296875 33.73924255371094 3570
10970 10000 0.7392578125 33.693885803222656 4830
10980 10000 0.7666015625 33.64649200439453 8113
10990 10000 0.7744140625 33.58405303955078 3781
11000 10000 0.740234375 33.50857162475586 3070
11010 10000 0.7490234375 33.456024169921875 3930
11020 10000 0.75 33.40784454345703 6449
11030 10000 0.7734375 33.36228561401367 4754
11040 10000 0.7724609375 33.28546142578125 1682
11050 10000 0.7802734375 33.22349166870117 1062
11060 10000 0.7470703125 33.190032958984375 8835
11070 10000 0.7529296875 33.13398742675781 4625
11080 10000 0.7529296875 33.09581756591797 4062
11090 10000 0.7568359375 33.04823684692383 2746
11100 10000 0.75 33.014060974121094 3764
11110 10000 0.732421875 32.964942932128906 5885
11120 10000 0.740234375 32.92085266113281 9219
11130 10000 0.7802734375 32.87576675415039 2107
11140 10000 0.7646484375 32.82841873168945 3449
11150 10000 0.74609375 32.79450225830078 7666
11160 10000 0.755859375 32.7376823425293 9627
11170 10000 0.7578125 32.67770767211914 2003
11180 10000 0.7490234375 32.61225128173828 422
11190 10000 0.728515625 32.55870819091797 2322
11200 10000 0.7353515625 32.520233154296875 5698
11210 10000 0.7353515625 32.46559143066406 4187
11220 10000 0.7353515625 32.403865814208984 5585
11230 10000 0.744140625 32.35721206665039 2117
11240 10000 0.759765625 32.30377197265625 6537
11250 10000 0.732421875 32.249061584472656 1785
11260 10000 0.7626953125 32.17995834350586 1392
11270 10000 0.7666015625 32.147308349609375 9160
11280 10000 0.7568359375 32.10797119140625 1255
11290 10000 0.7490234375 32.058143615722656 1959
11300 10000 0.7587890625 32.01234436035156 2039
11310 10000 0.7421875 31.962688446044922 8417
11320 10000 0.7626953125 31.915523529052734 5350
11330 10000 0.7509765625 31.897441864013672 1158
11340 10000 0.7353515625 31.818756103515625 991
11350 10000 0.7470703125 31.783119201660156 4024
11360 10000 0.7470703125 31.73826026916504 7429
11370 10000 0.7509765625 31.698429107666016 1499
11380 10000 0.7568359375 31.652000427246094 1285
11390 10000 0.7275390625 31.624874114990234 7803
11400 10000 0.744140625 31.590373992919922 7631
11410 10000 0.748046875 31.533580780029297 9863
11420 10000 0.751953125 31.476591110229492 3882
11430 10000 0.744140625 31.418855667114258 8007
11440 10000 0.765625 31.398818969726562 2401
11450 10000 0.744140625 31.372135162353516 2799
11460 10000 0.7421875 31.322050094604492 5147
11470 10000 0.7763671875 31.24259376525879 1465
11480 10000 0.7197265625 31.20685386657715 9928
11490 10000 0.76171875 31.157014846801758 1927
11500 10000 0.7373046875 31.111103057861328 110
11510 10000 0.771484375 31.07933235168457 597
11520 10000 0.724609375 31.03297233581543 2820
11530 10000 0.755859375 30.988388061523438 9250
11540 10000 0.7490234375 30.943023681640625 2387
11550 10000 0.7451171875 30.88527488708496 4405
11560 10000 0.7470703125 30.84792709350586 4044
11570 10000 0.7529296875 30.812976837158203 2914
11580 10000 0.7666015625 30.77102279663086 4734
11590 10000 0.7470703125 30.70578384399414 9355
11600 10000 0.755859375 30.679899215698242 7839
11610 10000 0.73828125 30.646162033081055 9779
11620 10000 0.7666015625 30.59520149230957 3585
11630 10000 0.7333984375 30.567649841308594 2903
11640 10000 0.7470703125 30.509159088134766 3041
11650 10000 0.7587890625 30.488496780395508 126
11660 10000 0.75390625 30.45281410217285 7841
11670 10000 0.759765625 30.411388397216797 16
11680 10000 0.783203125 30.38294792175293 2918
11690 10000 0.74609375 30.344161987304688 6185
11700 10000 0.7490234375 30.313568115234375 3208
11710 10000 0.755859375 30.29532241821289 7870
11720 10000 0.7529296875 30.25788116455078 4102
11730 10000 0.748046875 30.220592498779297 3718
11740 10000 0.73828125 30.137266159057617 7548
11750 10000 0.76953125 30.069576263427734 5881
11760 10000 0.73046875 30.02452850341797 7613
11770 10000 0.7666015625 29.988595962524414 1445
11780 10000 0.7587890625 29.934703826904297 6884
11790 10000 0.7578125 29.906333923339844 2354
11800 10000 0.7431640625 29.858627319335938 8072
11810 10000 0.7490234375 29.819555282592773 2902
11820 10000 0.7568359375 29.767295837402344 8371
11830 10000 0.7626953125 29.72161865234375 2139
11840 10000 0.751953125 29.68799591064453 3902
11850 10000 0.736328125 29.642688751220703 5501
11860 10000 0.74609375 29.59547996520996 4947
11870 10000 0.7470703125 29.553903579711914 4261
11880 10000 0.74609375 29.506591796875 4961
11890 10000 0.7353515625 29.4635066986084 6311
11900 10000 0.7353515625 29.438570022583008 9459
11910 10000 0.7236328125 29.394092559814453 6845
11920 10000 0.7548828125 29.358867645263672 2407
11930 10000 0.7578125 29.302566528320312 947
11940 10000 0.7431640625 29.25408172607422 9037
11950 10000 0.76171875 29.215389251708984 6429
11960 10000 0.744140625 29.17145347595215 4277
11970 10000 0.7548828125 29.113534927368164 706
11980 10000 0.7431640625 29.057676315307617 8314
11990 10000 0.73828125 29.010961532592773 5952
12000 10000 0.7412109375 28.980186462402344 5477
12010 10000 0.7294921875 28.93250274658203 392
12020 10000 0.7353515625 28.88220977783203 9384
12030 10000 0.7265625 28.855758666992188 5802
12040 10000 0.73046875 28.834693908691406 3379
12050 10000 0.73828125 28.80630111694336 4153
12060 10000 0.728515625 28.768470764160156 7631
12070 10000 0.73046875 28.73628044128418 1149
12080 10000 0.7578125 28.69580078125 7683
12090 10000 0.7421875 28.636119842529297 5258
12100 10000 0.703125 28.610990524291992 4912
12110 10000 0.7392578125 28.5780086517334 5916
12120 10000 0.740234375 28.55990982055664 2791
12130 10000 0.7568359375 28.488731384277344 4412
12140 10000 0.751953125 28.446836471557617 5310
12150 10000 0.7607421875 28.424097061157227 8547
12160 10000 0.7314453125 28.397686004638672 9644
12170 10000 0.7470703125 28.356704711914062 6401
12180 10000 0.7158203125 28.327369689941406 8227
12190 10000 0.7373046875 28.287487030029297 258
12200 10000 0.7392578125 28.251384735107422 4283
12210 10000 0.734375 28.23611831665039 6470
12220 10000 0.7431640625 28.20566177368164 5178
12230 10000 0.7412109375 28.166027069091797 8201
12240 10000 0.751953125 28.096874237060547 1840
12250 10000 0.7587890625 28.06475257873535 1493
12260 10000 0.7412109375 28.02363395690918 6718
12270 10000 0.7275390625 27.976627349853516 6621
12280 10000 0.7509765625 27.93072509765625 6266
12290 10000 0.7705078125 27.880935668945312 9157
12300 10000 0.7265625 27.828868865966797 2041
12310 10000 0.7568359375 27.780624389648438 3697
12320 10000 0.7412109375 27.73912239074707 2609
12330 10000 0.7373046875 27.696258544921875 9345
12340 10000 0.7314453125 27.648908615112305 8751
12350 10000 0.736328125 27.604129791259766 2554
12360 10000 0.740234375 27.5540714263916 9691
12370 10000 0.73828125 27.50796890258789 3745
12380 10000 0.744140625 27.469398498535156 5074
12390 10000 0.7353515625 27.424484252929688 578
12400 10000 0.71875 27.348388671875 7617
12410 10000 0.75390625 27.271434783935547 3956
12420 10000 0.736328125 27.21493911743164 578
12430 10000 0.732421875 27.173717498779297 7176
12440 10000 0.740234375 27.125558853149414 2630
12450 10000 0.74609375 27.061025619506836 4288
12460 10000 0.7041015625 27.011688232421875 5805
12470 10000 0.75390625 26.976259231567383 2755
12480 10000 0.7255859375 26.932884216308594 5922
12490 10000 0.76953125 26.897624969482422 7870
12500 10000 0.740234375 26.879322052001953 1200
12510 10000 0.75 26.853466033935547 3784
12520 10000 0.7421875 26.792556762695312 8985
12530 10000 0.748046875 26.74193572998047 1884
12540 10000 0.734375 26.72197723388672 5074
12550 10000 0.732421875 26.702571868896484 3668
12560 10000 0.7255859375 26.6722412109375 1259
12570 10000 0.7412109375 26.627670288085938 3082
12580 10000 0.7373046875 26.58492660522461 5141
12590 10000 0.759765625 26.538223266601562 3923
12600 10000 0.744140625 26.503265380859375 6910
12610 10000 0.716796875 26.472536087036133 456
12620 10000 0.7265625 26.4364070892334 8728
12630 10000 0.73046875 26.4177188873291 9572
12640 10000 0.734375 26.37753677368164 2864
12650 10000 0.7265625 26.35388946533203 1140
12660 10000 0.7392578125 26.305500030517578 9492
12670 10000 0.75 26.27277374267578 8078
12680 10000 0.7138671875 26.249536514282227 7235
12690 10000 0.7265625 26.234453201293945 5639
12700 10000 0.7529296875 26.1676025390625 4278
12710 10000 0.7265625 26.135406494140625 8730
12720 10000 0.7431640625 26.106090545654297 5271
12730 10000 0.73828125 26.068859100341797 7339
12740 10000 0.7236328125 26.028202056884766 7366
12750 10000 0.7236328125 25.99968719482422 3848
12760 10000 0.7373046875 25.955928802490234 1172
12770 10000 0.7294921875 25.915924072265625 8408
12780 10000 0.7138671875 25.893146514892578 4765
12790 10000 0.712890625 25.84231948852539 7009
12800 10000 0.755859375 25.801525115966797 5361
12810 10000 0.7333984375 25.768672943115234 554
12820 10000 0.7177734375 25.745677947998047 8006
12830 10000 0.732421875 25.68878746032715 4851
12840 10000 0.69921875 25.624357223510742 22
12850 10000 0.705078125 25.585607528686523 2440
12860 10000 0.736328125 25.554983139038086 5156
12870 10000 0.736328125 25.52020263671875 2811
12880 10000 0.7314453125 25.48810577392578 522
12890 10000 0.734375 25.448516845703125 4125
12900 10000 0.7431640625 25.403297424316406 1754
12910 10000 0.73828125 25.35991859436035 7287
12920 10000 0.73828125 25.329792022705078 8140
12930 10000 0.734375 25.281558990478516 6566
12940 10000 0.7099609375 25.24795913696289 2930
12950 10000 0.724609375 25.201669692993164 2640
12960 10000 0.7353515625 25.175251007080078 9745
12970 10000 0.728515625 25.12921714782715 6398
12980 10000 0.74609375 25.08051300048828 2142
12990 10000 0.7294921875 25.05419158935547 1489
13000 10000 0.740234375 25.02303695678711 8409
13010 10000 0.7138671875 24.981645584106445 1665
13020 10000 0.72265625 24.943387985229492 870
13030 10000 0.716796875 24.911882400512695 8900
13040 10000 0.716796875 24.87933349609375 7971
13050 10000 0.724609375 24.840496063232422 2053
13060 10000 0.703125 24.813472747802734 5992
13070 10000 0.7119140625 24.785757064819336 5009
13080 10000 0.69921875 24.749353408813477 2703
13090 10000 0.7236328125 24.705625534057617 895
13100 10000 0.720703125 24.675344467163086 2368
13110 10000 0.708984375 24.643346786499023 6798
13120 10000 0.7099609375 24.600202560424805 1847
13130 10000 0.7451171875 24.57760238647461 2576
13140 10000 0.7421875 24.526386260986328 8202
13150 10000 0.7255859375 24.49016761779785 2608
13160 10000 0.7451171875 24.456144332885742 7717
13170 10000 0.736328125 24.422401428222656 7221
13180 10000 0.73828125 24.39771270751953 3277
13190 10000 0.72265625 24.3629093170166 1744
13200 10000 0.708984375 24.32331085205078 1734
13210 10000 0.6884765625 24.286983489990234 3977
13220 10000 0.697265625 24.222742080688477 4843
13230 10000 0.716796875 24.18539810180664 4246
13240 10000 0.7265625 24.163484573364258 387
13250 10000 0.7080078125 24.126327514648438 8581
13260 10000 0.7216796875 24.077651977539062 6313
13270 10000 0.7158203125 24.034406661987305 9523
13280 10000 0.71484375 24.00617218017578 6580
13290 10000 0.7333984375 23.947723388671875 2565
13300 10000 0.7265625 23.90934944152832 1388
13310 10000 0.7197265625 23.883220672607422 6268
13320 10000 0.7021484375 23.846206665039062 6315
13330 10000 0.7119140625 23.812793731689453 7527
13340 10000 0.74609375 23.790191650390625 6519
13350 10000 0.7197265625 23.750728607177734 3394
13360 10000 0.7255859375 23.701736450195312 7461
13370 10000 0.7373046875 23.676898956298828 85
13380 10000 0.724609375 23.636009216308594 7579
13390 10000 0.6982421875 23.604598999023438 1438
13400 10000 0.7294921875 23.581356048583984 9900
13410 10000 0.75390625 23.559986114501953 8218
13420 10000 0.7275390625 23.529727935791016 3240
13430 10000 0.72265625 23.495315551757812 4687
13440 10000 0.7275390625 23.468482971191406 1645
13450 10000 0.71875 23.43886375427246 8258
13460 10000 0.7255859375 23.40997314453125 4446
13470 10000 0.7470703125 23.36648178100586 459
13480 10000 0.72265625 23.336191177368164 8534
13490 10000 0.7158203125 23.31621551513672 6750
13500 10000 0.7294921875 23.28716278076172 5663
13510 10000 0.732421875 23.262451171875 9950
13520 10000 0.7255859375 23.21734046936035 3707
13530 10000 0.7275390625 23.179874420166016 6434
13540 10000 0.7197265625 23.137611389160156 2378
13550 10000 0.712890625 23.110897064208984 8603
13560 10000 0.7177734375 23.073802947998047 4634
13570 10000 0.7236328125 23.04922866821289 4245
13580 10000 0.71875 22.989551544189453 8913
13590 10000 0.693359375 22.942546844482422 6898
13600 10000 0.7177734375 22.914592742919922 6101
13610 10000 0.7275390625 22.884334564208984 8701
13620 10000 0.6982421875 22.859451293945312 1433
13630 10000 0.7294921875 22.828384399414062 8706
13640 10000 0.7333984375 22.793949127197266 5563
13650 10000 0.7138671875 22.760316848754883 2634
13660 10000 0.736328125 22.735031127929688 1157
13670 10000 0.7275390625 22.711505889892578 1457
13680 10000 0.7197265625 22.690343856811523 3561
13690 10000 0.705078125 22.658004760742188 5048
13700 10000 0.71875 22.624698638916016 5978
13710 10000 0.6787109375 22.59946060180664 6537
13720 10000 0.7099609375 22.557044982910156 7155
13730 10000 0.7275390625 22.540287017822266 9657
13740 10000 0.7109375 22.49120330810547 7821
13750 10000 0.72265625 22.438865661621094 6535
13760 10000 0.705078125 22.411449432373047 1193
13770 10000 0.7294921875 22.356740951538086 3807
13780 10000 0.70703125 22.31720733642578 1246
13790 10000 0.7373046875 22.286582946777344 4617
13800 10000 0.71875 22.251224517822266 5951
13810 10000 0.7294921875 22.229127883911133 6023
13820 10000 0.72265625 22.15707778930664 1992
13830 10000 0.71875 22.128631591796875 1155
13840 10000 0.7265625 22.093425750732422 2013
13850 10000 0.7275390625 22.047435760498047 2001
13860 10000 0.6884765625 22.03371810913086 8064
13870 10000 0.7001953125 21.99852180480957 966
13880 10000 0.7138671875 21.967466354370117 1419
13890 10000 0.716796875 21.94074249267578 1958
13900 10000 0.72265625 21.910968780517578 6872
13910 10000 0.7314453125 21.856843948364258 9410
13920 10000 0.716796875 21.83171844482422 5372
13930 10000 0.6982421875 21.806148529052734 7631
13940 10000 0.7216796875 21.76343536376953 5293
13950 10000 0.7021484375 21.747333526611328 7101
13960 10000 0.7177734375 21.707441329956055 9311
13970 10000 0.70703125 21.671070098876953 4358
13980 10000 0.7509765625 21.640239715576172 1055
13990 10000 0.6875 21.62311553955078 7371
14000 10000 0.689453125 21.58454132080078 1382
14010 10000 0.732421875 21.5521297454834 4522
14020 10000 0.7109375 21.52798843383789 3568
14030 10000 0.7177734375 21.506698608398438 2724
14040 10000 0.7236328125 21.472209930419922 9844
14050 10000 0.7177734375 21.41561508178711 9143
14060 10000 0.716796875 21.391109466552734 4582
14070 10000 0.7275390625 21.368366241455078 8928
14080 10000 0.71484375 21.343788146972656 1342
14090 10000 0.7373046875 21.31751251220703 1498
14100 10000 0.70703125 21.27208709716797 4221
14110 10000 0.7177734375 21.221792221069336 4719
14120 10000 0.71484375 21.19257354736328 6339
14130 10000 0.720703125 21.156017303466797 7973
14140 10000 0.7421875 21.120946884155273 2673
14150 10000 0.693359375 21.08104705810547 2332
14160 10000 0.728515625 21.065059661865234 5902
14170 10000 0.7060546875 21.041868209838867 9343
14180 10000 0.6845703125 21.007946014404297 1306
14190 10000 0.681640625 20.98048973083496 201
14200 10000 0.70703125 20.95136070251465 6007
14210 10000 0.7177734375 20.926219940185547 4041
14220 10000 0.7177734375 20.892410278320312 3738
14230 10000 0.7197265625 20.86347198486328 7061
14240 10000 0.6982421875 20.844444274902344 2818
14250 10000 0.705078125 20.79239273071289 4304
14260 10000 0.73828125 20.77820587158203 6211
14270 10000 0.734375 20.762348175048828 3571
14280 10000 0.7158203125 20.715164184570312 9178
14290 10000 0.6953125 20.678020477294922 6495
14300 10000 0.728515625 20.64963150024414 4039
14310 10000 0.732421875 20.62818717956543 3194
14320 10000 0.6962890625 20.603891372680664 5898
14330 10000 0.7255859375 20.589710235595703 5119
14340 10000 0.716796875 20.561641693115234 6609
14350 10000 0.681640625 20.532894134521484 9376
14360 10000 0.7275390625 20.488754272460938 6920
14370 10000 0.6845703125 20.467683792114258 3043
14380 10000 0.6875 20.45052146911621 4123
14390 10000 0.6953125 20.417585372924805 4028
14400 10000 0.7294921875 20.372669219970703 6505
14410 10000 0.7275390625 20.343889236450195 2199
14420 10000 0.7314453125 20.315336227416992 7905
14430 10000 0.7265625 20.286874771118164 4337
14440 10000 0.69140625 20.266996383666992 4363
14450 10000 0.716796875 20.237957000732422 9109
14460 10000 0.7294921875 20.208406448364258 7823
14470 10000 0.70703125 20.183616638183594 3860
14480 10000 0.724609375 20.156076431274414 5339
14490 10000 0.7158203125 20.134765625 8405
14500 10000 0.712890625 20.10687255859375 9359
14510 10000 0.712890625 20.08429718017578 1834
14520 10000 0.705078125 20.064435958862305 2666
14530 10000 0.7236328125 20.047163009643555 1182
14540 10000 0.7197265625 20.018108367919922 9051
14550 10000 0.7197265625 19.998023986816406 5533
14560 10000 0.7041015625 19.979219436645508 2364
14570 10000 0.6953125 19.953649520874023 3384
14580 10000 0.693359375 19.927061080932617 3936
14590 10000 0.712890625 19.883800506591797 4733
14600 10000 0.7138671875 19.850269317626953 7062
14610 10000 0.7099609375 19.811397552490234 9917
14620 10000 0.7294921875 19.782014846801758 4302
14630 10000 0.693359375 19.749923706054688 5719
14640 10000 0.6875 19.72433090209961 278
14650 10000 0.7236328125 19.691295623779297 4647
14660 10000 0.7080078125 19.658897399902344 4490
14670 10000 0.7314453125 19.626667022705078 5586
14680 10000 0.6904296875 19.603425979614258 6617
14690 10000 0.677734375 19.581024169921875 4649
14700 10000 0.703125 19.568002700805664 2871
14710 10000 0.7021484375 19.528797149658203 7630
14720 10000 0.6943359375 19.496536254882812 4454
14730 10000 0.70703125 19.464805603027344 1786
14740 10000 0.705078125 19.440290451049805 7626
14750 10000 0.7080078125 19.407215118408203 5835
14760 10000 0.703125 19.379060745239258 6417
14770 10000 0.7021484375 19.362503051757812 6255
14780 10000 0.7099609375 19.344463348388672 1715
14790 10000 0.6962890625 19.32623291015625 2565
14800 10000 0.71875 19.303712844848633 9267
14810 10000 0.7314453125 19.271448135375977 1753
14820 10000 0.7060546875 19.23263931274414 1964
14830 10000 0.6904296875 19.216341018676758 6505
14840 10000 0.693359375 19.187475204467773 2392
14850 10000 0.7080078125 19.168746948242188 3548
14860 10000 0.7138671875 19.134925842285156 4655
14870 10000 0.7158203125 19.098922729492188 1333
14880 10000 0.724609375 19.073930740356445 2842
14890 10000 0.71484375 19.057222366333008 579
14900 10000 0.7197265625 19.039167404174805 4173
14910 10000 0.7060546875 19.00344467163086 5641
14920 10000 0.693359375 18.981508255004883 6458
14930 10000 0.712890625 18.96246910095215 4822
14940 10000 0.705078125 18.952070236206055 4945
14950 10000 0.71484375 18.930835723876953 3065
14960 10000 0.6708984375 18.909574508666992 8389
14970 10000 0.6943359375 18.888912200927734 8174
14980 10000 0.693359375 18.86968231201172 3136
14990 10000 0.7080078125 18.851055145263672 6660
15000 10000 0.7080078125 18.824312210083008 7227
15010 10000 0.6982421875 18.78584098815918 207
15020 10000 0.7021484375 18.767871856689453 8726
15030 10000 0.7021484375 18.732559204101562 5942
15040 10000 0.6982421875 18.704975128173828 5570
15050 10000 0.701171875 18.691761016845703 2803
15060 10000 0.7109375 18.67304801940918 3903
15070 10000 0.7060546875 18.648279190063477 5788
15080 10000 0.71484375 18.630733489990234 1380
15090 10000 0.6982421875 18.59299087524414 8201
15100 10000 0.701171875 18.569395065307617 5974
15110 10000 0.71875 18.55023193359375 1683
15120 10000 0.6806640625 18.51586151123047 6381
15130 10000 0.7197265625 18.479766845703125 8372
15140 10000 0.7158203125 18.45616340637207 6574
15150 10000 0.7080078125 18.430774688720703 9593
15160 10000 0.7080078125 18.40612030029297 2536
15170 10000 0.6904296875 18.385696411132812 2517
15180 10000 0.689453125 18.359041213989258 1907
15190 10000 0.7021484375 18.332019805908203 479
15200 10000 0.6953125 18.29975128173828 8664
15210 10000 0.7216796875 18.27588653564453 5698
15220 10000 0.7021484375 18.251781463623047 3803
15230 10000 0.7119140625 18.214521408081055 5430
15240 10000 0.673828125 18.17984962463379 3355
15250 10000 0.6748046875 18.150104522705078 127
15260 10000 0.6953125 18.118026733398438 7285
15270 10000 0.6904296875 18.075611114501953 2713
15280 10000 0.7001953125 18.04974937438965 938
15290 10000 0.7080078125 18.033432006835938 3362
15300 10000 0.7041015625 18.008590698242188 4932
15310 10000 0.7001953125 17.982263565063477 4801
15320 10000 0.701171875 17.952341079711914 5808
15330 10000 0.7041015625 17.90776824951172 9767
15340 10000 0.69140625 17.889156341552734 4206
15350 10000 0.693359375 17.85651969909668 7513
15360 10000 0.6943359375 17.830669403076172 2114
15370 10000 0.6796875 17.807571411132812 5373
15380 10000 0.7158203125 17.78676986694336 3101
15390 10000 0.689453125 17.769065856933594 1723
15400 10000 0.701171875 17.738977432250977 1763
15410 10000 0.72265625 17.71771240234375 9995
15420 10000 0.669921875 17.693126678466797 3025
15430 10000 0.7041015625 17.66126251220703 4957
15440 10000 0.6826171875 17.64459228515625 4028
15450 10000 0.6875 17.618579864501953 7842
15460 10000 0.7080078125 17.583314895629883 9906
15470 10000 0.6884765625 17.561092376708984 8885
15480 10000 0.6748046875 17.53863525390625 520
15490 10000 0.7080078125 17.505985260009766 9837
15500 10000 0.701171875 17.481815338134766 5761
15510 10000 0.6884765625 17.44834327697754 2231
15520 10000 0.701171875 17.410306930541992 4714
15530 10000 0.712890625 17.380342483520508 8617
15540 10000 0.7001953125 17.359298706054688 2786
15550 10000 0.701171875 17.32338523864746 4153
15560 10000 0.6884765625 17.299217224121094 2517
15570 10000 0.662109375 17.26554298400879 3045
15580 10000 0.69140625 17.249168395996094 5446
15590 10000 0.7216796875 17.209186553955078 4687
15600 10000 0.681640625 17.19562339782715 53
15610 10000 0.7197265625 17.177017211914062 9777
15620 10000 0.7158203125 17.15015411376953 692
15630 10000 0.67578125 17.13503646850586 5037
15640 10000 0.69921875 17.111331939697266 6527
15650 10000 0.7109375 17.091707229614258 164
15660 10000 0.6865234375 17.07256317138672 7342
15670 10000 0.68359375 17.044307708740234 6639
15680 10000 0.685546875 17.028108596801758 9907
15690 10000 0.6796875 17.010807037353516 2810
15700 10000 0.6865234375 16.991199493408203 9794
15710 10000 0.6962890625 16.961408615112305 693
15720 10000 0.708984375 16.929393768310547 9318
15730 10000 0.69921875 16.90611457824707 6582
15740 10000 0.6943359375 16.88233757019043 4129
15750 10000 0.7119140625 16.86415672302246 1987
15760 10000 0.673828125 16.843364715576172 666
15770 10000 0.6904296875 16.8333740234375 5595
15780 10000 0.681640625 16.807445526123047 8662
15790 10000 0.6748046875 16.770328521728516 5066
15800 10000 0.6796875 16.740304946899414 2057
15810 10000 0.681640625 16.720876693725586 7031
15820 10000 0.677734375 16.68773651123047 7601
15830 10000 0.70703125 16.66694450378418 8085
15840 10000 0.6748046875 16.642980575561523 9268
15850 10000 0.6962890625 16.622385025024414 2549
15860 10000 0.7197265625 16.604551315307617 5731
15870 10000 0.6884765625 16.572914123535156 9206
15880 10000 0.7080078125 16.552967071533203 1426
15890 10000 0.7080078125 16.526737213134766 2310
15900 10000 0.7119140625 16.50735092163086 2765
15910 10000 0.7158203125 16.493188858032227 7659
15920 10000 0.669921875 16.459611892700195 1202
15930 10000 0.6669921875 16.445308685302734 2640
15940 10000 0.6845703125 16.42412567138672 7337
15950 10000 0.701171875 16.39981460571289 8684
15960 10000 0.703125 16.377784729003906 2249
15970 10000 0.69921875 16.348487854003906 6950
15980 10000 0.6982421875 16.3203125 5560
15990 10000 0.67578125 16.28727149963379 1467
16000 10000 0.69140625 16.26471710205078 6870
16010 10000 0.701171875 16.253463745117188 3392
16020 10000 0.6806640625 16.22732925415039 7323
16030 10000 0.6552734375 16.18390464782715 837
16040 10000 0.66015625 16.17593765258789 8529
16050 10000 0.67578125 16.15152359008789 5156
16060 10000 0.6962890625 16.12875747680664 6450
16070 10000 0.685546875 16.10947608947754 9994
16080 10000 0.703125 16.081912994384766 1633
16090 10000 0.6552734375 16.06773567199707 5700
16100 10000 0.681640625 16.042064666748047 4247
16110 10000 0.6748046875 16.021175384521484 48
16120 10000 0.6845703125 15.999797821044922 102
16130 10000 0.6806640625 15.979169845581055 8296
16140 10000 0.6875 15.957107543945312 8497
16150 10000 0.673828125 15.934549331665039 4744
16160 10000 0.7158203125 15.917198181152344 6870
16170 10000 0.6708984375 15.894158363342285 1738
16180 10000 0.7060546875 15.864006042480469 229
16190 10000 0.6650390625 15.843706130981445 4392
16200 10000 0.701171875 15.82563591003418 5231
16210 10000 0.6669921875 15.793327331542969 2791
16220 10000 0.658203125 15.769554138183594 7316
16230 10000 0.7216796875 15.752538681030273 9914
16240 10000 0.671875 15.72218132019043 364
16250 10000 0.7041015625 15.70546817779541 6671
16260 10000 0.69921875 15.686908721923828 7935
16270 10000 0.671875 15.678823471069336 5046
16280 10000 0.6640625 15.654396057128906 8229
16290 10000 0.6689453125 15.635345458984375 3496
16300 10000 0.6826171875 15.610410690307617 6884
16310 10000 0.6943359375 15.584867477416992 1760
16320 10000 0.640625 15.553610801696777 8392
16330 10000 0.7041015625 15.524587631225586 233
16340 10000 0.6875 15.510396957397461 6488
16350 10000 0.669921875 15.481147766113281 7835
16360 10000 0.63671875 15.462135314941406 9100
16370 10000 0.681640625 15.439018249511719 5567
16380 10000 0.7109375 15.407384872436523 6361
16390 10000 0.6689453125 15.398242950439453 7946
16400 10000 0.68359375 15.370654106140137 1738
16410 10000 0.6826171875 15.35161018371582 955
16420 10000 0.6845703125 15.320341110229492 1673
16430 10000 0.6640625 15.297503471374512 5462
16440 10000 0.7021484375 15.276211738586426 8357
16450 10000 0.6806640625 15.25670051574707 8046
16460 10000 0.658203125 15.236370086669922 6803
16470 10000 0.673828125 15.221451759338379 2897
16480 10000 0.6552734375 15.210127830505371 110
16490 10000 0.693359375 15.191287994384766 6284
16500 10000 0.6630859375 15.178439140319824 3514
16510 10000 0.669921875 15.160918235778809 4438
16520 10000 0.7001953125 15.13183879852295 1928
16530 10000 0.6708984375 15.089473724365234 7994
16540 10000 0.671875 15.07484245300293 9751
16550 10000 0.6455078125 15.054854393005371 1940
16560 10000 0.6533203125 15.04508113861084 4357
16570 10000 0.6767578125 15.030655860900879 9726
16580 10000 0.68359375 14.991765975952148 1454
16590 10000 0.6904296875 14.970637321472168 1055
16600 10000 0.6650390625 14.948856353759766 9441
16610 10000 0.673828125 14.938711166381836 822
16620 10000 0.69140625 14.919557571411133 2871
16630 10000 0.662109375 14.88731575012207 757
16640 10000 0.6826171875 14.872332572937012 156
16650 10000 0.6689453125 14.847885131835938 7019
16660 10000 0.6689453125 14.830188751220703 1153
16670 10000 0.6826171875 14.811925888061523 1913
16680 10000 0.6875 14.788599014282227 1838
16690 10000 0.6884765625 14.77145004272461 4907
16700 10000 0.6650390625 14.756644248962402 3014
16710 10000 0.6923828125 14.738157272338867 6845
16720 10000 0.68359375 14.723913192749023 4869
16730 10000 0.6865234375 14.708719253540039 90
16740 10000 0.6484375 14.68757438659668 8463
16750 10000 0.66796875 14.667621612548828 8183
16760 10000 0.6865234375 14.653390884399414 2233
16770 10000 0.6494140625 14.63990592956543 5196
16780 10000 0.671875 14.6099853515625 2729
16790 10000 0.677734375 14.591938018798828 3800
16800 10000 0.6689453125 14.565921783447266 4763
16810 10000 0.6865234375 14.541404724121094 9343
16820 10000 0.689453125 14.523968696594238 5517
16830 10000 0.6787109375 14.50393009185791 2721
16840 10000 0.6796875 14.476773262023926 4318
16850 10000 0.7138671875 14.44597053527832 6614
16860 10000 0.6669921875 14.42871379852295 8705
16870 10000 0.65234375 14.400749206542969 1163
16880 10000 0.65625 14.370603561401367 7775
16890 10000 0.65625 14.34669303894043 1369
16900 10000 0.666015625 14.329719543457031 1197
16910 10000 0.6884765625 14.302285194396973 9269
16920 10000 0.650390625 14.27836799621582 2501
16930 10000 0.6689453125 14.262388229370117 838
16940 10000 0.6455078125 14.244707107543945 7084
16950 10000 0.69140625 14.235217094421387 6789
16960 10000 0.67578125 14.220052719116211 8869
16970 10000 0.66015625 14.198593139648438 2321
16980 10000 0.671875 14.183235168457031 1649
16990 10000 0.6787109375 14.171031951904297 3035
17000 10000 0.6806640625 14.150833129882812 8715
17010 10000 0.67578125 14.135686874389648 4548
17020 10000 0.6611328125 14.123926162719727 7951
17030 10000 0.6572265625 14.100698471069336 4449
17040 10000 0.673828125 14.09185791015625 4757
17050 10000 0.6484375 14.07186508178711 7417
17060 10000 0.65625 14.055644989013672 846
17070 10000 0.67578125 14.042447090148926 6453
17080 10000 0.7001953125 14.020381927490234 7414
17090 10000 0.6787109375 14.001757621765137 4947
17100 10000 0.6591796875 13.99203872680664 6151
17110 10000 0.6826171875 13.973304748535156 3341
17120 10000 0.6572265625 13.955381393432617 135
17130 10000 0.6630859375 13.924642562866211 9160
17140 10000 0.677734375 13.902251243591309 7206
17150 10000 0.6611328125 13.868158340454102 8689
17160 10000 0.658203125 13.854366302490234 1987
17170 10000 0.658203125 13.836507797241211 2771
17180 10000 0.6943359375 13.815479278564453 6150
17190 10000 0.6572265625 13.795051574707031 1904
17200 10000 0.626953125 13.776718139648438 1258
17210 10000 0.6552734375 13.76125431060791 5570
17220 10000 0.6748046875 13.743509292602539 4301
17230 10000 0.693359375 13.7200927734375 9209
17240 10000 0.6591796875 13.702637672424316 9172
17250 10000 0.6708984375 13.673542022705078 5064
17260 10000 0.669921875 13.6561861038208 2093
17270 10000 0.6611328125 13.639045715332031 8115
17280 10000 0.685546875 13.613302230834961 8570
17290 10000 0.662109375 13.592954635620117 5183
17300 10000 0.6640625 13.580649375915527 7374
17310 10000 0.6767578125 13.573493957519531 9814
17320 10000 0.6484375 13.554826736450195 5853
17330 10000 0.640625 13.532058715820312 4710
17340 10000 0.65625 13.521316528320312 3089
17350 10000 0.6435546875 13.508901596069336 7049
17360 10000 0.66015625 13.488080978393555 5210
17370 10000 0.677734375 13.466161727905273 8002
17380 10000 0.66796875 13.447589874267578 1285
17390 10000 0.650390625 13.436871528625488 993
17400 10000 0.6728515625 13.422818183898926 7641
17410 10000 0.669921875 13.39854621887207 9236
17420 10000 0.6611328125 13.383569717407227 6242
17430 10000 0.65234375 13.361474990844727 5278
17440 10000 0.6533203125 13.345220565795898 9242
17450 10000 0.6630859375 13.310563087463379 6693
17460 10000 0.6865234375 13.29990291595459 2769
17470 10000 0.66796875 13.282512664794922 9336
17480 10000 0.6298828125 13.258309364318848 1215
17490 10000 0.6748046875 13.233146667480469 7432
17500 10000 0.6494140625 13.210865020751953 3829
17510 10000 0.65234375 13.188068389892578 5215
17520 10000 0.6806640625 13.158647537231445 6681
17530 10000 0.6376953125 13.144514083862305 2954
17540 10000 0.677734375 13.13184642791748 1157
17550 10000 0.662109375 13.101184844970703 4195
17560 10000 0.66796875 13.083317756652832 4930
17570 10000 0.666015625 13.066532135009766 2035
17580 10000 0.669921875 13.044161796569824 2076
17590 10000 0.697265625 13.0299711227417 8460
17600 10000 0.6513671875 13.015179634094238 1010
17610 10000 0.677734375 12.983890533447266 3418
17620 10000 0.6416015625 12.973234176635742 230
17630 10000 0.6650390625 12.947942733764648 5264
17640 10000 0.65625 12.932479858398438 6436
17650 10000 0.6669921875 12.92204761505127 5391
17660 10000 0.671875 12.897929191589355 8249
17670 10000 0.6591796875 12.881664276123047 9223
17680 10000 0.6435546875 12.861542701721191 6415
17690 10000 0.68359375 12.838156700134277 7608
17700 10000 0.6259765625 12.816338539123535 4067
17710 10000 0.662109375 12.793363571166992 2171
17720 10000 0.66015625 12.773303031921387 5355
17730 10000 0.66015625 12.749768257141113 6661
17740 10000 0.671875 12.727452278137207 150
17750 10000 0.65625 12.704345703125 6589
17760 10000 0.6513671875 12.690536499023438 2630
17770 10000 0.6650390625 12.671064376831055 307
17780 10000 0.640625 12.660503387451172 0
17790 10000 0.6767578125 12.639876365661621 394
17800 10000 0.640625 12.622932434082031 5807
17810 10000 0.6474609375 12.610739707946777 9732
17820 10000 0.6630859375 12.598380088806152 5987
17830 10000 0.66796875 12.580873489379883 2148
17840 10000 0.6484375 12.555152893066406 8864
17850 10000 0.6591796875 12.5360107421875 4465
17860 10000 0.6689453125 12.507731437683105 9029
17870 10000 0.6728515625 12.499212265014648 2183
17880 10000 0.6416015625 12.474235534667969 5365
17890 10000 0.6826171875 12.45453929901123 4441
17900 10000 0.6455078125 12.441421508789062 4101
17910 10000 0.646484375 12.41351318359375 9543
17920 10000 0.681640625 12.394147872924805 4715
17930 10000 0.6787109375 12.369918823242188 4487
17940 10000 0.6650390625 12.363626480102539 7502
17950 10000 0.6474609375 12.346941947937012 6387
17960 10000 0.6552734375 12.324007034301758 2797
17970 10000 0.654296875 12.312824249267578 9092
17980 10000 0.640625 12.294292449951172 797
17990 10000 0.6494140625 12.272485733032227 4215
18000 10000 0.6171875 12.248193740844727 6812
18010 10000 0.650390625 12.238119125366211 7074
18020 10000 0.6474609375 12.215953826904297 8388
18030 10000 0.66796875 12.201187133789062 9994
18040 10000 0.658203125 12.181717872619629 4065
18050 10000 0.6435546875 12.165902137756348 9493
18060 10000 0.6650390625 12.151036262512207 2265
18070 10000 0.6669921875 12.136030197143555 652
18080 10000 0.650390625 12.117919921875 3892
18090 10000 0.6435546875 12.102001190185547 7741
18100 10000 0.6826171875 12.078771591186523 9995
18110 10000 0.6455078125 12.064340591430664 1578
18120 10000 0.6396484375 12.045713424682617 633
18130 10000 0.6669921875 12.035141944885254 9020
18140 10000 0.6572265625 12.02527141571045 739
18150 10000 0.65234375 12.003144264221191 8329
18160 10000 0.6298828125 11.988602638244629 3146
18170 10000 0.6435546875 11.974048614501953 541
18180 10000 0.626953125 11.964864730834961 9980
18190 10000 0.6591796875 11.940019607543945 650
18200 10000 0.64453125 11.924032211303711 697
18210 10000 0.6337890625 11.908308029174805 77
18220 10000 0.6376953125 11.881367683410645 3250
18230 10000 0.640625 11.865984916687012 3198
18240 10000 0.666015625 11.841920852661133 7711
18250 10000 0.6103515625 11.829029083251953 5991
18260 10000 0.640625 11.805153846740723 8510
18270 10000 0.669921875 11.795914649963379 4966
18280 10000 0.66015625 11.771379470825195 8325
18290 10000 0.638671875 11.759779930114746 195
18300 10000 0.646484375 11.737524032592773 64
18310 10000 0.634765625 11.71314525604248 4288
18320 10000 0.6513671875 11.693607330322266 312
18330 10000 0.650390625 11.680074691772461 702
18340 10000 0.6318359375 11.667816162109375 5605
18350 10000 0.63671875 11.643982887268066 3704
18360 10000 0.6591796875 11.6226224899292 8665
18370 10000 0.615234375 11.610570907592773 2194
18380 10000 0.6484375 11.599302291870117 2904
18390 10000 0.6328125 11.57898235321045 372
18400 10000 0.654296875 11.555188179016113 5953
18410 10000 0.6484375 11.535618782043457 3351
18420 10000 0.6533203125 11.519596099853516 6764
18430 10000 0.6328125 11.504870414733887 8972
18440 10000 0.646484375 11.480802536010742 4547
18450 10000 0.646484375 11.468620300292969 9424
18460 10000 0.6416015625 11.448631286621094 6471
18470 10000 0.6201171875 11.43724250793457 2105
18480 10000 0.6630859375 11.421879768371582 4307
18490 10000 0.650390625 11.405024528503418 9043
18500 10000 0.658203125 11.393014907836914 1359
18510 10000 0.6640625 11.372859001159668 1936
18520 10000 0.634765625 11.352471351623535 8691
18530 10000 0.662109375 11.337198257446289 7507
18540 10000 0.6640625 11.330827713012695 7394
18550 10000 0.65234375 11.311222076416016 6515
18560 10000 0.66015625 11.294437408447266 5116
18570 10000 0.6748046875 11.282093048095703 6726
18580 10000 0.6591796875 11.263015747070312 6650
18590 10000 0.6103515625 11.248419761657715 6364
18600 10000 0.6279296875 11.229459762573242 5917
18610 10000 0.623046875 11.217094421386719 6874
18620 10000 0.6484375 11.210975646972656 148
18630 10000 0.646484375 11.200748443603516 8060
18640 10000 0.6298828125 11.180120468139648 3893
18650 10000 0.6474609375 11.158472061157227 5279
18660 10000 0.634765625 11.136974334716797 8040
18670 10000 0.619140625 11.12602710723877 5009
18680 10000 0.6181640625 11.114681243896484 5796
18690 10000 0.634765625 11.09527587890625 1581
18700 10000 0.6533203125 11.07217788696289 1402
18710 10000 0.65234375 11.059237480163574 1171
18720 10000 0.6669921875 11.037156105041504 9109
18730 10000 0.642578125 11.023527145385742 5774
18740 10000 0.64453125 11.00766372680664 3932
18750 10000 0.64453125 10.994793891906738 6058
18760 10000 0.65234375 10.975733757019043 8220
18770 10000 0.6376953125 10.964032173156738 7810
18780 10000 0.6396484375 10.952398300170898 6968
18790 10000 0.638671875 10.938363075256348 6709
18800 10000 0.6416015625 10.927019119262695 7144
18810 10000 0.6650390625 10.9010009765625 6995
18820 10000 0.6591796875 10.889541625976562 9063
18830 10000 0.640625 10.872940063476562 9552
18840 10000 0.6513671875 10.853263854980469 8497
18850 10000 0.6455078125 10.834332466125488 8536
18860 10000 0.6572265625 10.822052955627441 1551
18870 10000 0.6396484375 10.804506301879883 6068
18880 10000 0.64453125 10.778386116027832 6127
18890 10000 0.607421875 10.767552375793457 7556
18900 10000 0.66015625 10.750469207763672 8121
18910 10000 0.6416015625 10.73238754272461 9470
18920 10000 0.6318359375 10.723042488098145 8560
18930 10000 0.6220703125 10.704482078552246 937
18940 10000 0.6357421875 10.689672470092773 5490
18950 10000 0.625 10.676488876342773 6782
18960 10000 0.623046875 10.65822982788086 3163
18970 10000 0.6416015625 10.63991641998291 7625
18980 10000 0.640625 10.619348526000977 3868
18990 10000 0.640625 10.592309951782227 9691
19000 10000 0.6142578125 10.582149505615234 5109
19010 10000 0.634765625 10.560697555541992 1707
19020 10000 0.625 10.542283058166504 7309
19030 10000 0.6171875 10.525404930114746 5983
19040 10000 0.64453125 10.510245323181152 7748
19050 10000 0.6728515625 10.497394561767578 1230
19060 10000 0.62890625 10.479351043701172 8447
19070 10000 0.6318359375 10.461990356445312 9730
19080 10000 0.623046875 10.441757202148438 3962
19090 10000 0.6201171875 10.429018020629883 81
19100 10000 0.6591796875 10.417886734008789 39
19110 10000 0.6494140625 10.40599536895752 4309
19120 10000 0.607421875 10.38876724243164 4747
19130 10000 0.6142578125 10.380922317504883 7420
19140 10000 0.619140625 10.366059303283691 4694
19150 10000 0.6123046875 10.352178573608398 5041
19160 10000 0.6435546875 10.341978073120117 8704
19170 10000 0.634765625 10.330156326293945 1058
19180 10000 0.611328125 10.31104850769043 4057
19190 10000 0.6435546875 10.301973342895508 404
19200 10000 0.642578125 10.289412498474121 5968
19210 10000 0.6376953125 10.277168273925781 4172
19220 10000 0.638671875 10.263432502746582 3246
19230 10000 0.6171875 10.248823165893555 1451
19240 10000 0.6181640625 10.222671508789062 9634
19250 10000 0.6279296875 10.211536407470703 8975
19260 10000 0.6630859375 10.19668960571289 1190
19270 10000 0.626953125 10.180641174316406 4745
19280 10000 0.615234375 10.169195175170898 4503
19290 10000 0.62109375 10.156576156616211 4656
19300 10000 0.6533203125 10.138714790344238 1688
19310 10000 0.634765625 10.11505126953125 8793
19320 10000 0.6396484375 10.101806640625 6370
19330 10000 0.6240234375 10.086200714111328 7800
19340 10000 0.6162109375 10.071566581726074 5554
19350 10000 0.6484375 10.057588577270508 4316
19360 10000 0.6181640625 10.037705421447754 6562
19370 10000 0.6279296875 10.014608383178711 5766
19380 10000 0.638671875 10.002791404724121 9976
19390 10000 0.6337890625 9.9857177734375 4776
19400 10000 0.625 9.972115516662598 6203
19410 10000 0.615234375 9.958846092224121 3856
19420 10000 0.6298828125 9.943076133728027 9857
19430 10000 0.6376953125 9.927900314331055 195
19440 10000 0.59765625 9.90975570678711 5863
19450 10000 0.599609375 9.890332221984863 4288
19460 10000 0.62109375 9.874120712280273 1208
19470 10000 0.6220703125 9.858447074890137 9702
19480 10000 0.6162109375 9.847408294677734 4585
19490 10000 0.6376953125 9.835163116455078 7639
19500 10000 0.6298828125 9.821540832519531 3932
19510 10000 0.626953125 9.81103801727295 3063
19520 10000 0.6396484375 9.799310684204102 6435
19530 10000 0.623046875 9.78469467163086 6883
19540 10000 0.63671875 9.764404296875 6660
19550 10000 0.6328125 9.753016471862793 8350
19560 10000 0.6064453125 9.736457824707031 6934
19570 10000 0.6357421875 9.726104736328125 5492
19580 10000 0.6259765625 9.712739944458008 4359
19590 10000 0.615234375 9.706464767456055 4057
19600 10000 0.6279296875 9.69602108001709 3430
19610 10000 0.634765625 9.679253578186035 6934
19620 10000 0.626953125 9.659027099609375 9154
19630 10000 0.6181640625 9.645220756530762 2791
19640 10000 0.623046875 9.635717391967773 1291
19650 10000 0.6220703125 9.621257781982422 3625
19660 10000 0.6318359375 9.604598999023438 314
19670 10000 0.62109375 9.58076286315918 7583
19680 10000 0.638671875 9.564542770385742 4636
19690 10000 0.603515625 9.548675537109375 4452
19700 10000 0.6357421875 9.534059524536133 5389
19710 10000 0.6279296875 9.520645141601562 871
19720 10000 0.662109375 9.50442123413086 327
19730 10000 0.6279296875 9.490899085998535 8150
19740 10000 0.5966796875 9.480891227722168 1895
19750 10000 0.6396484375 9.468631744384766 4793
19760 10000 0.6181640625 9.454751968383789 5821
19770 10000 0.6279296875 9.440656661987305 6212
19780 10000 0.626953125 9.428831100463867 8281
19790 10000 0.6142578125 9.405715942382812 7227
19800 10000 0.625 9.392705917358398 9289
19810 10000 0.6123046875 9.379528999328613 736
19820 10000 0.626953125 9.373839378356934 9288
19830 10000 0.6162109375 9.361618041992188 7864
19840 10000 0.6123046875 9.349466323852539 505
19850 10000 0.6201171875 9.340971946716309 2320
19860 10000 0.5966796875 9.32935905456543 8253
19870 10000 0.6201171875 9.309477806091309 9283
19880 10000 0.619140625 9.293764114379883 5926
19890 10000 0.6220703125 9.284826278686523 3486
19900 10000 0.6533203125 9.269439697265625 3212
19910 10000 0.6337890625 9.255294799804688 7131
19920 10000 0.60546875 9.245073318481445 7321
19930 10000 0.5830078125 9.236665725708008 5881
19940 10000 0.623046875 9.228116035461426 6418
19950 10000 0.6005859375 9.202690124511719 9905
19960 10000 0.6220703125 9.194345474243164 4915
19970 10000 0.6015625 9.185832977294922 418
19980 10000 0.6142578125 9.170540809631348 3711
19990 10000 0.5859375 9.156770706176758 2308
20000 10000 0.6181640625 9.142566680908203 7529
20010 10000 0.5947265625 9.1341552734375 7913
20020 10000 0.623046875 9.123771667480469 5801
20030 10000 0.619140625 9.113121032714844 1454
20040 10000 0.6123046875 9.103828430175781 7790
20050 10000 0.6474609375 9.08935832977295 5050
20060 10000 0.638671875 9.075319290161133 9769
20070 10000 0.6171875 9.066707611083984 1593
20080 10000 0.6201171875 9.050901412963867 8841
20090 10000 0.576171875 9.032082557678223 5555
20100 10000 0.625 9.022936820983887 7925
20110 10000 0.6123046875 9.012940406799316 852
20120 10000 0.626953125 8.989961624145508 2130
20130 10000 0.64453125 8.979341506958008 4762
20140 10000 0.6083984375 8.966605186462402 5780
20150 10000 0.642578125 8.953545570373535 9484
20160 10000 0.611328125 8.94433879852295 5946
20170 10000 0.60546875 8.935282707214355 4895
20180 10000 0.5791015625 8.92339038848877 1509
20190 10000 0.6064453125 8.911619186401367 2071
20200 10000 0.6328125 8.902487754821777 2869
20210 10000 0.62890625 8.894523620605469 4225
20220 10000 0.5859375 8.88631820678711 3646
20230 10000 0.6044921875 8.881163597106934 9047
20240 10000 0.6015625 8.874814987182617 8735
20250 10000 0.5771484375 8.853111267089844 3085
20260 10000 0.6171875 8.838644027709961 4651
20270 10000 0.6005859375 8.824779510498047 6881
20280 10000 0.625 8.81311321258545 6729
20290 10000 0.6044921875 8.806011199951172 1002
20300 10000 0.5947265625 8.789764404296875 7499
20310 10000 0.615234375 8.785581588745117 1456
20320 10000 0.60546875 8.772384643554688 8637
20330 10000 0.623046875 8.762979507446289 4412
20340 10000 0.6103515625 8.753585815429688 1893
20350 10000 0.603515625 8.736165046691895 474
20360 10000 0.60546875 8.723856925964355 2569
20370 10000 0.6494140625 8.710290908813477 5252
20380 10000 0.6357421875 8.700855255126953 4994
20390 10000 0.611328125 8.689055442810059 9532
20400 10000 0.6123046875 8.680306434631348 6043
20410 10000 0.607421875 8.667097091674805 7692
20420 10000 0.595703125 8.654289245605469 8291
20430 10000 0.59375 8.642232894897461 5588
20440 10000 0.5927734375 8.62888240814209 6545
20450 10000 0.5908203125 8.619258880615234 2072
20460 10000 0.5986328125 8.605934143066406 8190
20470 10000 0.611328125 8.592391967773438 1239
20480 10000 0.619140625 8.577058792114258 9026
20490 10000 0.603515625 8.571210861206055 2332
20500 10000 0.5986328125 8.566882133483887 7015
20510 10000 0.6171875 8.554912567138672 9288
20520 10000 0.5947265625 8.543490409851074 3219
20530 10000 0.603515625 8.534096717834473 7896
20540 10000 0.615234375 8.518805503845215 3136
20550 10000 0.6044921875 8.505796432495117 8113
20560 10000 0.59375 8.493538856506348 3846
20570 10000 0.62890625 8.486475944519043 1874
20580 10000 0.6083984375 8.477041244506836 9186
20590 10000 0.5966796875 8.464742660522461 7821
20600 10000 0.60546875 8.448758125305176 5471
20610 10000 0.578125 8.443740844726562 9461
20620 10000 0.576171875 8.434396743774414 5317
20630 10000 0.6015625 8.423046112060547 6754
20640 10000 0.61328125 8.40546703338623 3333
20650 10000 0.5966796875 8.393516540527344 9679
20660 10000 0.603515625 8.376726150512695 8179
20670 10000 0.5712890625 8.360063552856445 9714
20680 10000 0.6142578125 8.355228424072266 6892
20690 10000 0.6025390625 8.346691131591797 6403
20700 10000 0.6103515625 8.32850456237793 3917
20710 10000 0.6083984375 8.31275749206543 222
20720 10000 0.5947265625 8.30085563659668 1203
20730 10000 0.5966796875 8.288147926330566 5502
20740 10000 0.609375 8.279973030090332 2373
20750 10000 0.5869140625 8.270591735839844 2500
20760 10000 0.6103515625 8.261637687683105 1333
20770 10000 0.59765625 8.24863338470459 5226
20780 10000 0.6201171875 8.239009857177734 6485
20790 10000 0.5791015625 8.227800369262695 6828
20800 10000 0.58984375 8.214244842529297 143
20810 10000 0.583984375 8.195037841796875 1847
20820 10000 0.576171875 8.185905456542969 5683
20830 10000 0.595703125 8.175573348999023 214
20840 10000 0.5888671875 8.16631031036377 5613
20850 10000 0.5673828125 8.149264335632324 2593
20860 10000 0.580078125 8.139202117919922 9401
20870 10000 0.642578125 8.12863540649414 8560
20880 10000 0.607421875 8.116177558898926 9096
20890 10000 0.611328125 8.099791526794434 3537
20900 10000 0.62890625 8.09425163269043 594
20910 10000 0.6162109375 8.084921836853027 1372
20920 10000 0.62109375 8.072147369384766 8793
20930 10000 0.625 8.067350387573242 6488
20940 10000 0.59375 8.057220458984375 2752
20950 10000 0.6162109375 8.045660972595215 6211
20960 10000 0.5966796875 8.035467147827148 8772
20970 10000 0.58984375 8.013517379760742 3070
20980 10000 0.58203125 8.004870414733887 3992
20990 10000 0.5869140625 7.994444847106934 6262
21000 10000 0.6025390625 7.984174728393555 9806
21010 10000 0.583984375 7.972313404083252 3606
21020 10000 0.6025390625 7.965404510498047 207
21030 10000 0.6142578125 7.947515487670898 3572
21040 10000 0.583984375 7.934347629547119 5541
21050 10000 0.6015625 7.914433479309082 1088
21060 10000 0.5732421875 7.904255390167236 6351
21070 10000 0.572265625 7.891749382019043 4793
21080 10000 0.6025390625 7.8827619552612305 5507
21090 10000 0.5595703125 7.874159812927246 4263
21100 10000 0.62109375 7.8670759201049805 7787
21110 10000 0.5888671875 7.857587814331055 7237
21120 10000 0.609375 7.844816207885742 8154
21130 10000 0.5869140625 7.832806587219238 1196
21140 10000 0.58203125 7.825997829437256 3959
21150 10000 0.587890625 7.812565326690674 2605
21160 10000 0.595703125 7.80406379699707 3600
21170 10000 0.5966796875 7.793357849121094 599
21180 10000 0.6123046875 7.780336380004883 3879
21190 10000 0.6064453125 7.762371063232422 4141
21200 10000 0.6357421875 7.754613876342773 9729
21210 10000 0.5732421875 7.744864463806152 3196
21220 10000 0.5908203125 7.7256574630737305 3234
21230 10000 0.583984375 7.718542098999023 173
21240 10000 0.5908203125 7.713103294372559 34
21250 10000 0.5888671875 7.707208633422852 264
21260 10000 0.5673828125 7.700493812561035 6709
21270 10000 0.59375 7.683806419372559 7556
21280 10000 0.56640625 7.674686431884766 3074
21290 10000 0.57421875 7.667276382446289 2365
21300 10000 0.609375 7.656347751617432 2066
21310 10000 0.5869140625 7.643603324890137 1283
21320 10000 0.5712890625 7.638887405395508 934
21330 10000 0.599609375 7.621984004974365 5881
21340 10000 0.5849609375 7.613742828369141 3051
21350 10000 0.5732421875 7.604808807373047 6599
21360 10000 0.6025390625 7.592835903167725 2456
21370 10000 0.587890625 7.583189964294434 8273
21380 10000 0.5771484375 7.572499752044678 533
21390 10000 0.5791015625 7.565086364746094 72
21400 10000 0.57421875 7.552635669708252 9020
21410 10000 0.5546875 7.542335510253906 4303
21420 10000 0.5693359375 7.536324977874756 7765
21430 10000 0.6044921875 7.527248382568359 5794
21440 10000 0.595703125 7.509642601013184 3628
21450 10000 0.591796875 7.503218650817871 6506
21460 10000 0.5693359375 7.498967170715332 360
21470 10000 0.5712890625 7.491942405700684 6886
21480 10000 0.587890625 7.477417945861816 5179
21490 10000 0.5791015625 7.47117805480957 2179
21500 10000 0.5986328125 7.45658540725708 7342
21510 10000 0.6142578125 7.447821617126465 1576
21520 10000 0.5751953125 7.438629627227783 9347
21530 10000 0.5673828125 7.422410488128662 746
21540 10000 0.580078125 7.402324676513672 7376
21550 10000 0.5712890625 7.390005111694336 2527
21560 10000 0.5986328125 7.378652572631836 5692
21570 10000 0.595703125 7.3600664138793945 1713
21580 10000 0.619140625 7.350120544433594 2054
21590 10000 0.607421875 7.346139907836914 2520
21600 10000 0.5986328125 7.335896015167236 1136
21610 10000 0.5693359375 7.328079700469971 8574
21620 10000 0.5791015625 7.319406509399414 5995
21630 10000 0.5869140625 7.306385040283203 1099
21640 10000 0.5712890625 7.297402381896973 9071
21650 10000 0.6005859375 7.28900671005249 5991
21660 10000 0.580078125 7.275190830230713 613
21670 10000 0.5751953125 7.26877498626709 808
21680 10000 0.587890625 7.262828350067139 2898
21690 10000 0.5888671875 7.2498250007629395 8448
21700 10000 0.5615234375 7.24151086807251 7388
21710 10000 0.60546875 7.227323532104492 7721
21720 10000 0.5751953125 7.2174577713012695 9360
21730 10000 0.583984375 7.209002494812012 9727
21740 10000 0.568359375 7.195628643035889 9838
21750 10000 0.6005859375 7.185482025146484 9906
21760 10000 0.5712890625 7.179256439208984 4595
21770 10000 0.572265625 7.172834873199463 1280
21780 10000 0.578125 7.157411098480225 2068
21790 10000 0.5908203125 7.148414611816406 287
21800 10000 0.5869140625 7.14265251159668 2653
21810 10000 0.5556640625 7.13568115234375 4127
21820 10000 0.57421875 7.130228519439697 9532
21830 10000 0.5830078125 7.12265682220459 156
21840 10000 0.5556640625 7.115133285522461 3197
21850 10000 0.580078125 7.107836723327637 2967
21860 10000 0.5947265625 7.099575042724609 4590
21870 10000 0.5810546875 7.090191841125488 8153
21880 10000 0.5732421875 7.077559947967529 1642
21890 10000 0.564453125 7.0670342445373535 5454
21900 10000 0.5654296875 7.054123878479004 1340
21910 10000 0.5693359375 7.047361850738525 1770
21920 10000 0.5966796875 7.0363054275512695 1914
21930 10000 0.5546875 7.016287803649902 4432
21940 10000 0.5751953125 7.005741119384766 1536
21950 10000 0.5712890625 6.996755599975586 3862
21960 10000 0.5380859375 6.985715866088867 4211
21970 10000 0.595703125 6.976314067840576 5815
21980 10000 0.552734375 6.964841365814209 6902
21990 10000 0.55859375 6.956078052520752 2460
22000 10000 0.55078125 6.945407867431641 1424
22010 10000 0.5712890625 6.936968803405762 1291
22020 10000 0.576171875 6.928529739379883 3608
22030 10000 0.57421875 6.92125940322876 4569
22040 10000 0.5703125 6.911224365234375 777
22050 10000 0.55859375 6.9003424644470215 9307
22060 10000 0.5703125 6.893341064453125 6712
22070 10000 0.5478515625 6.881516456604004 4456
22080 10000 0.5732421875 6.876964569091797 577
22090 10000 0.5810546875 6.870692253112793 5461
22100 10000 0.5517578125 6.859992027282715 9440
22110 10000 0.546875 6.853079795837402 3370
22120 10000 0.5927734375 6.843302249908447 5490
22130 10000 0.5810546875 6.839599609375 1464
22140 10000 0.5615234375 6.832406044006348 7819
22150 10000 0.5703125 6.82115364074707 9596
22160 10000 0.5556640625 6.810433387756348 7541
22170 10000 0.5498046875 6.805938720703125 9153
22180 10000 0.5546875 6.794899940490723 6979
22190 10000 0.5400390625 6.789300918579102 6469
22200 10000 0.568359375 6.777299880981445 7522
22210 10000 0.5625 6.771429061889648 4542
22220 10000 0.5830078125 6.765535354614258 9515
22230 10000 0.572265625 6.7568254470825195 798
22240 10000 0.5537109375 6.751183032989502 9098
22250 10000 0.5673828125 6.741598129272461 4546
22260 10000 0.5712890625 6.726167678833008 2668
22270 10000 0.5625 6.717111587524414 4228
22280 10000 0.5712890625 6.707942962646484 4775
22290 10000 0.5478515625 6.696719169616699 4963
22300 10000 0.5888671875 6.689020156860352 3302
22310 10000 0.5595703125 6.679685592651367 9629
22320 10000 0.5341796875 6.67317008972168 7267
22330 10000 0.552734375 6.665331840515137 2704
22340 10000 0.51953125 6.651557922363281 5052
22350 10000 0.5478515625 6.640302658081055 5162
22360 10000 0.5595703125 6.6312031745910645 3214
22370 10000 0.560546875 6.6224284172058105 27
22380 10000 0.55859375 6.60866117477417 1345
22390 10000 0.5517578125 6.603491306304932 2069
22400 10000 0.55078125 6.59429931640625 7980
22410 10000 0.5751953125 6.584648609161377 9839
22420 10000 0.5634765625 6.577779293060303 3280
22430 10000 0.564453125 6.570493698120117 6143
22440 10000 0.5966796875 6.560542106628418 4852
22450 10000 0.55078125 6.550726890563965 2717
22460 10000 0.54296875 6.544454574584961 2469
22470 10000 0.58203125 6.53358268737793 7281
22480 10000 0.5673828125 6.528158187866211 1301
22490 10000 0.5654296875 6.5211968421936035 8123
22500 10000 0.5634765625 6.516055107116699 2250
22510 10000 0.5517578125 6.509297847747803 2746
22520 10000 0.5556640625 6.500973701477051 5324
22530 10000 0.5517578125 6.485963344573975 6649
22540 10000 0.5380859375 6.479137420654297 4685
22550 10000 0.552734375 6.473789691925049 3400
22560 10000 0.5625 6.4630937576293945 6809
22570 10000 0.5556640625 6.4501776695251465 2149
22580 10000 0.5673828125 6.442790985107422 5806
22590 10000 0.5341796875 6.433413505554199 4857
22600 10000 0.5498046875 6.424495697021484 9735
22610 10000 0.5732421875 6.415582656860352 8153
22620 10000 0.541015625 6.4069061279296875 5554
22630 10000 0.568359375 6.40279483795166 7095
22640 10000 0.5419921875 6.392234802246094 7306
22650 10000 0.5615234375 6.379278659820557 7274
22660 10000 0.5576171875 6.37049674987793 3618
22670 10000 0.5380859375 6.363334655761719 8837
22680 10000 0.564453125 6.355058670043945 9502
22690 10000 0.591796875 6.343240737915039 112
22700 10000 0.57421875 6.336190223693848 1366
22710 10000 0.5693359375 6.330325126647949 782
22720 10000 0.568359375 6.317263603210449 838
22730 10000 0.521484375 6.3118438720703125 1932
22740 10000 0.5546875 6.301042556762695 6004
22750 10000 0.5380859375 6.293832778930664 8425
22760 10000 0.5556640625 6.2848405838012695 97
22770 10000 0.5546875 6.278129577636719 1083
22780 10000 0.5634765625 6.269680976867676 6034
22790 10000 0.5302734375 6.263089656829834 5544
22800 10000 0.509765625 6.256506443023682 577
22810 10000 0.568359375 6.248415470123291 728
22820 10000 0.58203125 6.243372917175293 4586
22830 10000 0.560546875 6.231986045837402 7160
22840 10000 0.548828125 6.225554466247559 8803
22850 10000 0.5576171875 6.219571113586426 596
22860 10000 0.537109375 6.210994720458984 5807
22870 10000 0.5791015625 6.199212074279785 3677
22880 10000 0.5478515625 6.1929216384887695 7594
22890 10000 0.5927734375 6.188712120056152 6505
22900 10000 0.5419921875 6.180334568023682 5928
22910 10000 0.572265625 6.1699604988098145 6578
22920 10000 0.5673828125 6.157499313354492 7860
22930 10000 0.5224609375 6.150517463684082 1017
22940 10000 0.5322265625 6.143752098083496 7559
22950 10000 0.53125 6.133023262023926 9792
22960 10000 0.55078125 6.122865200042725 6319
22970 10000 0.52734375 6.11354398727417 4622
22980 10000 0.5537109375 6.1080780029296875 6498
22990 10000 0.5595703125 6.097855567932129 3989
23000 10000 0.5498046875 6.0882415771484375 3954
23010 10000 0.763671875 6.078490734100342 5121
23020 10000 0.765625 6.070980072021484 2662
23030 10000 0.7548828125 6.060579299926758 9127
23040 10000 0.748046875 6.056873321533203 8568
23050 10000 0.7568359375 6.047569274902344 776
23060 10000 0.76953125 6.039932727813721 3246
23070 10000 0.765625 6.033087730407715 333
23080 10000 0.7431640625 6.023354530334473 909
23090 10000 0.7666015625 6.012315273284912 3609
23100 10000 0.7509765625 6.001414775848389 8969
23110 10000 0.7578125 5.997829914093018 2830
23120 10000 0.7587890625 5.990341663360596 5605
23130 10000 0.775390625 5.984294891357422 9975
23140 10000 0.765625 5.970542907714844 1422
23150 10000 0.7333984375 5.9622416496276855 5882
23160 10000 0.759765625 5.951913833618164 4614
23170 10000 0.759765625 5.947349548339844 23
23180 10000 0.7529296875 5.938503265380859 1929
23190 10000 0.7705078125 5.931122779846191 7866
23200 10000 0.76171875 5.926224231719971 8398
23210 10000 0.7509765625 5.9193267822265625 8670
23220 10000 0.7431640625 5.913825988769531 5239
23230 10000 0.751953125 5.910377025604248 8508
23240 10000 0.7568359375 5.902921199798584 7216
23250 10000 0.7412109375 5.895754337310791 131
23260 10000 0.76953125 5.889748573303223 4075
23270 10000 0.7421875 5.881103515625 1093
23280 10000 0.7421875 5.875247001647949 6181
23290 10000 0.7529296875 5.865931034088135 6276
23300 10000 0.7529296875 5.850987911224365 1879
23310 10000 0.7421875 5.839621543884277 1663
23320 10000 0.744140625 5.8346076011657715 804
23330 10000 0.7421875 5.82395601272583 2410
23340 10000 0.763671875 5.817397117614746 332
23350 10000 0.7509765625 5.811731815338135 7888
23360 10000 0.748046875 5.800354480743408 6285
23370 10000 0.7333984375 5.795438289642334 9338
23380 10000 0.7470703125 5.790890216827393 1381
23390 10000 0.76953125 5.78769588470459 6560
23400 10000 0.775390625 5.7790656089782715 4174
23410 10000 0.75390625 5.769819259643555 2877
23420 10000 0.74609375 5.758092880249023 3520
23430 10000 0.7412109375 5.751745223999023 1384
23440 10000 0.7236328125 5.747531890869141 5092
23450 10000 0.73828125 5.73724365234375 5503
23460 10000 0.771484375 5.727563858032227 2494
23470 10000 0.7353515625 5.720279216766357 7856
23480 10000 0.7509765625 5.712976455688477 444
23490 10000 0.7548828125 5.707947731018066 5666
23500 10000 0.767578125 5.702534198760986 397
23510 10000 0.7451171875 5.69481897354126 174
23520 10000 0.7587890625 5.689760208129883 1470
23530 10000 0.75 5.682986259460449 2403
23540 10000 0.7138671875 5.677126407623291 5359
23550 10000 0.76171875 5.668829917907715 9131
23560 10000 0.76953125 5.658725738525391 4680
23570 10000 0.7451171875 5.652519226074219 8075
23580 10000 0.744140625 5.644107341766357 8210
23590 10000 0.7568359375 5.638795852661133 8474
23600 10000 0.7509765625 5.629599094390869 2293
23610 10000 0.734375 5.624860763549805 1832
23620 10000 0.767578125 5.618188858032227 1983
23630 10000 0.7431640625 5.611774444580078 7263
23640 10000 0.73828125 5.609158992767334 2685
23650 10000 0.748046875 5.5990519523620605 8563
23660 10000 0.75 5.5875983238220215 8034
23670 10000 0.744140625 5.58278751373291 8645
23680 10000 0.744140625 5.576533317565918 7704
23690 10000 0.7470703125 5.570706367492676 7976
23700 10000 0.7470703125 5.56664514541626 7972
23710 10000 0.73046875 5.559879302978516 4095
23720 10000 0.7529296875 5.5546746253967285 5172
23730 10000 0.7451171875 5.5503740310668945 9054
23740 10000 0.7314453125 5.541906356811523 9952
23750 10000 0.7412109375 5.538169860839844 3408
23760 10000 0.7373046875 5.530980110168457 590
23770 10000 0.755859375 5.527712821960449 2435
23780 10000 0.759765625 5.515874862670898 9136
23790 10000 0.7275390625 5.507067680358887 467
23800 10000 0.751953125 5.499481678009033 7341
23810 10000 0.7802734375 5.494991302490234 7797
23820 10000 0.74609375 5.491663932800293 7053
23830 10000 0.7666015625 5.484798431396484 2204
23840 10000 0.75390625 5.474830627441406 5287
23850 10000 0.7470703125 5.465862274169922 844
23860 10000 0.728515625 5.4592084884643555 5104
23870 10000 0.74609375 5.453998565673828 3795
23880 10000 0.736328125 5.449585914611816 654
23890 10000 0.75390625 5.438491344451904 9908
23900 10000 0.728515625 5.431737899780273 4115
23910 10000 0.767578125 5.427040100097656 865
23920 10000 0.728515625 5.419018745422363 2108
23930 10000 0.7705078125 5.414730548858643 5697
23940 10000 0.734375 5.410209655761719 1099
23950 10000 0.7294921875 5.404631614685059 7415
23960 10000 0.7529296875 5.400112152099609 2110
23970 10000 0.73828125 5.394641876220703 8235
23980 10000 0.748046875 5.388626575469971 9556
23990 10000 0.7490234375 5.380010604858398 2153
24000 10000 0.744140625 5.376046180725098 2615
24010 10000 0.7314453125 5.366743564605713 7490
24020 10000 0.75 5.356565952301025 5829
24030 10000 0.736328125 5.346458435058594 321
24040 10000 0.7353515625 5.339461326599121 231
24050 10000 0.7314453125 5.33347225189209 1803
24060 10000 0.7353515625 5.328920364379883 3687
24070 10000 0.724609375 5.323163986206055 5816
24080 10000 0.7470703125 5.315436363220215 500
24090 10000 0.748046875 5.3057169914245605 9529
24100 10000 0.7421875 5.295760631561279 1753
24110 10000 0.7529296875 5.287575721740723 4672
24120 10000 0.7333984375 5.2809882164001465 1271
24130 10000 0.744140625 5.276644229888916 2255
24140 10000 0.75390625 5.27342414855957 2485
24150 10000 0.7265625 5.264720916748047 4345
24160 10000 0.734375 5.254942893981934 498
24170 10000 0.7333984375 5.249349117279053 7159
24180 10000 0.708984375 5.234657287597656 1895
24190 10000 0.720703125 5.22779655456543 5117
24200 10000 0.7412109375 5.218898773193359 8274
24210 10000 0.7431640625 5.208951950073242 259
24220 10000 0.7255859375 5.200100898742676 6731
24230 10000 0.755859375 5.197347640991211 8832
24240 10000 0.7490234375 5.1891679763793945 5387
24250 10000 0.7373046875 5.185509204864502 8453
24260 10000 0.7265625 5.179265022277832 1893
24270 10000 0.7421875 5.172828674316406 2728
24280 10000 0.73828125 5.168670654296875 1885
24290 10000 0.7412109375 5.163669586181641 8376
24300 10000 0.7060546875 5.155781269073486 5516
24310 10000 0.7236328125 5.149153709411621 3138
24320 10000 0.6982421875 5.143840312957764 1182
24330 10000 0.755859375 5.1325836181640625 4929
24340 10000 0.7431640625 5.123824119567871 3700
24350 10000 0.7421875 5.117653846740723 952
24360 10000 0.73046875 5.114506721496582 9181
24370 10000 0.7333984375 5.107845783233643 8157
24380 10000 0.744140625 5.094699859619141 6238
24390 10000 0.748046875 5.0888261795043945 3857
24400 10000 0.7392578125 5.082892894744873 5474
24410 10000 0.7412109375 5.074085235595703 1656
24420 10000 0.7001953125 5.069396495819092 7169
24430 10000 0.7236328125 5.06184196472168 8399
24440 10000 0.7138671875 5.054736614227295 6372
24450 10000 0.7216796875 5.050204277038574 366
24460 10000 0.728515625 5.044585704803467 5675
24470 10000 0.771484375 5.036503791809082 1303
24480 10000 0.712890625 5.0309648513793945 6062
24490 10000 0.75 5.026501655578613 5770
24500 10000 0.7548828125 5.022213459014893 6313
24510 10000 0.7431640625 5.018826007843018 2711
24520 10000 0.7421875 5.015339374542236 9164
24530 10000 0.7060546875 5.0086517333984375 4149
24540 10000 0.7255859375 4.999880313873291 2997
24550 10000 0.7236328125 4.996433734893799 8453
24560 10000 0.72265625 4.983695030212402 2965
24570 10000 0.716796875 4.977260589599609 3885
24580 10000 0.734375 4.972794532775879 6158
24590 10000 0.740234375 4.966878890991211 6767
24600 10000 0.728515625 4.962357521057129 1856
24610 10000 0.716796875 4.955601215362549 8469
24620 10000 0.7060546875 4.949987411499023 753
24630 10000 0.7509765625 4.946681022644043 4298
24640 10000 0.7294921875 4.942217826843262 2892
24650 10000 0.75 4.934854030609131 1592
24660 10000 0.744140625 4.9302520751953125 5808
24670 10000 0.7333984375 4.921823978424072 8552
24680 10000 0.73828125 4.91551399230957 9542
24690 10000 0.7138671875 4.9076995849609375 1925
24700 10000 0.7158203125 4.90131139755249 6506
24710 10000 0.74609375 4.895026206970215 5719
24720 10000 0.70703125 4.88523006439209 5579
24730 10000 0.73046875 4.87769889831543 1069
24740 10000 0.720703125 4.868924617767334 3136
24750 10000 0.7109375 4.863344669342041 5549
24760 10000 0.7509765625 4.858471870422363 8926
24770 10000 0.7353515625 4.852517127990723 8551
24780 10000 0.748046875 4.847535610198975 8310
24790 10000 0.701171875 4.841856002807617 6124
24800 10000 0.7119140625 4.831243515014648 3107
24810 10000 0.701171875 4.825603485107422 892
24820 10000 0.724609375 4.820456504821777 5692
24830 10000 0.7275390625 4.8153204917907715 4808
24840 10000 0.7177734375 4.810722351074219 2005
24850 10000 0.72265625 4.807590484619141 4572
24860 10000 0.7294921875 4.802740097045898 5578
24870 10000 0.7392578125 4.796710014343262 1743
24880 10000 0.7314453125 4.793371200561523 602
24890 10000 0.7294921875 4.7852559089660645 8715
24900 10000 0.7353515625 4.7815423011779785 5457
24910 10000 0.740234375 4.776543140411377 3952
24920 10000 0.7265625 4.770771026611328 1022
24930 10000 0.72265625 4.763095378875732 7527
24940 10000 0.734375 4.758302688598633 2464
24950 10000 0.728515625 4.754712104797363 4783
24960 10000 0.7333984375 4.7505292892456055 1215
24970 10000 0.6962890625 4.745041370391846 9880
24980 10000 0.71875 4.738487243652344 1865
24990 10000 0.7119140625 4.731259346008301 9930
25000 10000 0.728515625 4.7227702140808105 1507
25010 10000 0.73046875 4.7142181396484375 1571
25020 10000 0.71875 4.709332466125488 6454
25030 10000 0.7119140625 4.70383358001709 7447
25040 10000 0.734375 4.6982526779174805 8660
25050 10000 0.736328125 4.693316459655762 7318
25060 10000 0.7177734375 4.688538551330566 2111
25070 10000 0.724609375 4.685177326202393 3123
25080 10000 0.728515625 4.68107795715332 7959
25090 10000 0.7138671875 4.676949501037598 5127
25100 10000 0.7099609375 4.672025680541992 7108
25110 10000 0.716796875 4.666685104370117 5015
25120 10000 0.73046875 4.662962436676025 8295
25130 10000 0.724609375 4.6550703048706055 50
25140 10000 0.7333984375 4.649737358093262 1006
25150 10000 0.7119140625 4.645297527313232 6138
25160 10000 0.7353515625 4.639938831329346 6581
25170 10000 0.7373046875 4.633586406707764 6040
25180 10000 0.697265625 4.628264427185059 9672
25190 10000 0.7177734375 4.622894287109375 9578
25200 10000 0.7158203125 4.618818283081055 5786
25210 10000 0.7060546875 4.611417293548584 3921
25220 10000 0.734375 4.608062267303467 8210
25230 10000 0.740234375 4.601053714752197 8473
25240 10000 0.7412109375 4.5963263511657715 261
25250 10000 0.7158203125 4.591345310211182 8411
25260 10000 0.734375 4.584145545959473 8880
25270 10000 0.7109375 4.581861972808838 8982
25280 10000 0.7080078125 4.573122024536133 1759
25290 10000 0.73046875 4.566766262054443 4628
25300 10000 0.72265625 4.5591044425964355 6737
25310 10000 0.6943359375 4.547805309295654 3252
25320 10000 0.7314453125 4.543626308441162 8390
25330 10000 0.7265625 4.537291526794434 9045
25340 10000 0.685546875 4.533830165863037 9215
25350 10000 0.70703125 4.525450229644775 9428
25360 10000 0.703125 4.520634651184082 604
25370 10000 0.6962890625 4.516787528991699 7054
25380 10000 0.701171875 4.510458469390869 2728
25390 10000 0.7080078125 4.506744384765625 1885
25400 10000 0.703125 4.501365661621094 2131
25410 10000 0.720703125 4.496424674987793 8450
25420 10000 0.71875 4.490815162658691 4863
25430 10000 0.69140625 4.487292289733887 2310
25440 10000 0.71484375 4.480973720550537 4509
25450 10000 0.7099609375 4.474128246307373 687
25460 10000 0.7041015625 4.46805477142334 9825
25470 10000 0.7138671875 4.462064266204834 1120
25480 10000 0.708984375 4.457085132598877 4527
25490 10000 0.697265625 4.450537204742432 2484
25500 10000 0.734375 4.445472717285156 9051
25510 10000 0.7021484375 4.440852165222168 7101
25520 10000 0.708984375 4.436549663543701 8125
25530 10000 0.7294921875 4.431535720825195 5707
25540 10000 0.724609375 4.425983428955078 7727
25550 10000 0.7265625 4.421679496765137 30
25560 10000 0.703125 4.417008876800537 8867
25570 10000 0.72265625 4.412607669830322 1637
25580 10000 0.71484375 4.406805038452148 8632
25590 10000 0.71484375 4.400881767272949 4803
25600 10000 0.7041015625 4.395458221435547 3057
25610 10000 0.6953125 4.393773555755615 9149
25620 10000 0.6923828125 4.390946388244629 5647
25630 10000 0.705078125 4.385715484619141 5276
25640 10000 0.7333984375 4.37995719909668 6529
25650 10000 0.7080078125 4.373438835144043 7789
25660 10000 0.701171875 4.366652488708496 6140
25670 10000 0.6806640625 4.361519813537598 1286
25680 10000 0.7314453125 4.353590965270996 5348
25690 10000 0.71484375 4.347691535949707 8261
25700 10000 0.7158203125 4.344547748565674 9084
25710 10000 0.7041015625 4.341108798980713 5816
25720 10000 0.6962890625 4.337203025817871 8062
25730 10000 0.712890625 4.334131717681885 2748
25740 10000 0.6953125 4.329015731811523 4819
25750 10000 0.701171875 4.32638692855835 9046
25760 10000 0.7265625 4.3209733963012695 9163
25770 10000 0.705078125 4.318047523498535 6912
25780 10000 0.7255859375 4.3133134841918945 7775
25790 10000 0.7236328125 4.306949615478516 9109
25800 10000 0.6923828125 4.302760601043701 4471
25810 10000 0.7265625 4.2992167472839355 6382
25820 10000 0.7080078125 4.292035102844238 2403
25830 10000 0.7255859375 4.286416530609131 8125
25840 10000 0.7080078125 4.282033443450928 4580
25850 10000 0.7236328125 4.275351047515869 6812
25860 10000 0.724609375 4.27236795425415 4781
25870 10000 0.732421875 4.267557144165039 2245
25880 10000 0.7021484375 4.263978958129883 4087
25890 10000 0.7099609375 4.2579026222229 4157
25900 10000 0.7265625 4.2551069259643555 7260
25910 10000 0.7158203125 4.251251697540283 4864
25920 10000 0.7109375 4.248116493225098 9736
25930 10000 0.6884765625 4.243355751037598 5929
25940 10000 0.677734375 4.240453720092773 3356
25950 10000 0.703125 4.235971450805664 4681
25960 10000 0.6826171875 4.230191230773926 8338
25970 10000 0.7119140625 4.224230766296387 4656
25980 10000 0.7236328125 4.219921588897705 808
25990 10000 0.703125 4.215174674987793 2044
26000 10000 0.71875 4.208958625793457 7836
26010 10000 0.697265625 4.202805042266846 1162
26020 10000 0.7041015625 4.200410842895508 923
26030 10000 0.6806640625 4.192391872406006 7418
26040 10000 0.689453125 4.185647010803223 7952
26050 10000 0.6943359375 4.18044376373291 4914
26060 10000 0.7158203125 4.1747026443481445 5903
26070 10000 0.6787109375 4.170548439025879 718
26080 10000 0.7119140625 4.162346839904785 922
26090 10000 0.7197265625 4.157536506652832 1690
26100 10000 0.6845703125 4.152016639709473 5018
26110 10000 0.7060546875 4.147120475769043 991
26120 10000 0.697265625 4.143857002258301 136
26130 10000 0.71875 4.140963077545166 2373
26140 10000 0.7099609375 4.137583255767822 1692
26150 10000 0.734375 4.133091449737549 6446
26160 10000 0.7158203125 4.127954006195068 8801
26170 10000 0.703125 4.124000072479248 955
26180 10000 0.685546875 4.118721961975098 4744
26190 10000 0.6904296875 4.116382598876953 8894
26200 10000 0.73046875 4.1110076904296875 6697
26210 10000 0.6904296875 4.1074604988098145 2012
26220 10000 0.6943359375 4.104004859924316 9298
26230 10000 0.697265625 4.097502708435059 5471
26240 10000 0.69140625 4.094449520111084 6836
26250 10000 0.6904296875 4.090852737426758 8938
26260 10000 0.6962890625 4.086108684539795 5886
26270 10000 0.7099609375 4.081738471984863 6457
26280 10000 0.6904296875 4.0774431228637695 6627
26290 10000 0.677734375 4.073268890380859 7349
26300 10000 0.693359375 4.06793212890625 9461
26310 10000 0.7080078125 4.063692092895508 9272
26320 10000 0.7119140625 4.058059215545654 4589
26330 10000 0.7099609375 4.053220272064209 8945
26340 10000 0.708984375 4.047954559326172 7425
26350 10000 0.6923828125 4.0407538414001465 2770
26360 10000 0.6875 4.037448883056641 338
26370 10000 0.7041015625 4.031772136688232 3483
26380 10000 0.69140625 4.027658462524414 4678
26390 10000 0.69921875 4.024487495422363 9128
26400 10000 0.697265625 4.022713661193848 8929
26410 10000 0.6943359375 4.0181121826171875 2436
26420 10000 0.7197265625 4.014013290405273 6423
26430 10000 0.7001953125 4.010380268096924 3392
26440 10000 0.720703125 4.005198001861572 6482
26450 10000 0.6953125 4.001612663269043 2084
26460 10000 0.6982421875 3.998033046722412 4586
26470 10000 0.697265625 3.9916670322418213 7066
26480 10000 0.6796875 3.9879770278930664 9507
26490 10000 0.703125 3.9848062992095947 8646
26500 10000 0.6708984375 3.9788267612457275 3216
26510 10000 0.68359375 3.9744415283203125 8878
26520 10000 0.669921875 3.9707469940185547 4169
26530 10000 0.669921875 3.96821928024292 7868
26540 10000 0.7265625 3.965156078338623 3046
26550 10000 0.6953125 3.9618544578552246 1047
26560 10000 0.712890625 3.955681800842285 6907
26570 10000 0.701171875 3.9535324573516846 34
26580 10000 0.6826171875 3.9507689476013184 619
26590 10000 0.6845703125 3.9479751586914062 521
26600 10000 0.705078125 3.944836378097534 161
26610 10000 0.6728515625 3.9405765533447266 8814
26620 10000 0.6953125 3.9347023963928223 7270
26630 10000 0.7001953125 3.930326461791992 929
26640 10000 0.703125 3.9247419834136963 1171
26650 10000 0.7001953125 3.921809673309326 2850
26660 10000 0.689453125 3.91619610786438 6082
26670 10000 0.7158203125 3.909757375717163 3805
26680 10000 0.693359375 3.903803825378418 4851
26690 10000 0.69140625 3.8961167335510254 2609
26700 10000 0.69140625 3.8909173011779785 1564
26710 10000 0.685546875 3.886096477508545 8329
26720 10000 0.6728515625 3.879035711288452 4336
26730 10000 0.6884765625 3.874154806137085 4652
26740 10000 0.693359375 3.8705196380615234 154
26750 10000 0.697265625 3.8672099113464355 9967
26760 10000 0.6943359375 3.8639883995056152 1329
26770 10000 0.70703125 3.860264539718628 8452
26780 10000 0.69140625 3.8549716472625732 60
26790 10000 0.669921875 3.8505985736846924 8049
26800 10000 0.6875 3.847317695617676 1621
26810 10000 0.701171875 3.842390298843384 844
26820 10000 0.6787109375 3.8397183418273926 1394
26830 10000 0.6923828125 3.836700439453125 5781
26840 10000 0.703125 3.8312594890594482 7178
26850 10000 0.67578125 3.828080654144287 5391
26860 10000 0.7001953125 3.8258893489837646 8223
26870 10000 0.7080078125 3.823075532913208 4956
26880 10000 0.69921875 3.8194634914398193 7688
26890 10000 0.669921875 3.816429376602173 3786
26900 10000 0.6845703125 3.8128514289855957 4396
26910 10000 0.6943359375 3.8095922470092773 9413
26920 10000 0.6953125 3.8045830726623535 1764
26930 10000 0.6572265625 3.8020176887512207 4818
26940 10000 0.6923828125 3.799018621444702 4132
26950 10000 0.70703125 3.7956676483154297 6266
26960 10000 0.6728515625 3.7937428951263428 5124
26970 10000 0.705078125 3.791067600250244 6032
26980 10000 0.6845703125 3.7854630947113037 7023
26990 10000 0.6806640625 3.7815234661102295 2922
27000 10000 0.72265625 3.777268886566162 2230
27010 10000 0.66015625 3.7750821113586426 1248
27020 10000 0.671875 3.7701659202575684 2827
27030 10000 0.689453125 3.7680087089538574 634
27040 10000 0.673828125 3.7643630504608154 5801
27050 10000 0.7001953125 3.7614691257476807 7378
27060 10000 0.6640625 3.7585151195526123 6159
27070 10000 0.6787109375 3.753434181213379 3425
27080 10000 0.671875 3.748469352722168 5269
27090 10000 0.68359375 3.7453384399414062 7491
27100 10000 0.6796875 3.7399628162384033 5974
27110 10000 0.6982421875 3.7372891902923584 7782
27120 10000 0.69140625 3.7330989837646484 4057
27130 10000 0.6640625 3.727177143096924 8424
27140 10000 0.6845703125 3.7244346141815186 9902
27150 10000 0.681640625 3.7211215496063232 3723
27160 10000 0.673828125 3.717719793319702 1636
27170 10000 0.65625 3.715325355529785 2802
27180 10000 0.6689453125 3.712581157684326 5859
27190 10000 0.705078125 3.7088892459869385 9690
27200 10000 0.7080078125 3.7052464485168457 9690
27210 10000 0.6806640625 3.7015457153320312 5972
27220 10000 0.662109375 3.698530912399292 2260
27230 10000 0.6962890625 3.694087505340576 8314
27240 10000 0.6728515625 3.6901051998138428 3436
27250 10000 0.6650390625 3.6860008239746094 5846
27260 10000 0.6455078125 3.6815013885498047 7679
27270 10000 0.662109375 3.679187297821045 6484
27280 10000 0.669921875 3.6762466430664062 9856
27290 10000 0.681640625 3.6730620861053467 285
27300 10000 0.681640625 3.669909954071045 5433
27310 10000 0.671875 3.666558265686035 6844
27320 10000 0.6767578125 3.663890838623047 3665
27330 10000 0.67578125 3.661792278289795 6637
27340 10000 0.6826171875 3.6560287475585938 4631
27350 10000 0.673828125 3.651646137237549 2302
27360 10000 0.6962890625 3.648805618286133 8889
27370 10000 0.6572265625 3.6451542377471924 776
27380 10000 0.6923828125 3.6419801712036133 4760
27390 10000 0.69140625 3.637594223022461 9225
27400 10000 0.6806640625 3.6340084075927734 6926
27410 10000 0.673828125 3.6313254833221436 5701
27420 10000 0.6552734375 3.6282713413238525 9844
27430 10000 0.6630859375 3.62697172164917 2687
27440 10000 0.6728515625 3.624101400375366 6899
27450 10000 0.6865234375 3.6182234287261963 3305
27460 10000 0.68359375 3.6159446239471436 8458
27470 10000 0.685546875 3.6132960319519043 514
27480 10000 0.6767578125 3.6095151901245117 7567
27490 10000 0.6826171875 3.606935977935791 1436
27500 10000 0.6884765625 3.6044797897338867 5205
27510 10000 0.6650390625 3.6016995906829834 2798
27520 10000 0.6552734375 3.599226236343384 389
27530 10000 0.67578125 3.596794366836548 2063
27540 10000 0.6767578125 3.592665910720825 9862
27550 10000 0.6669921875 3.589611530303955 9057
27560 10000 0.6689453125 3.586790084838867 7116
27570 10000 0.66015625 3.5820093154907227 5364
27580 10000 0.6728515625 3.579153537750244 4205
27590 10000 0.6630859375 3.5764050483703613 1574
27600 10000 0.6552734375 3.5728061199188232 9025
27610 10000 0.6669921875 3.5703372955322266 7422
27620 10000 0.66015625 3.567221164703369 6831
27630 10000 0.66796875 3.5652472972869873 9376
27640 10000 0.6875 3.5624589920043945 8768
27650 10000 0.6845703125 3.5586133003234863 6482
27660 10000 0.650390625 3.5539073944091797 2817
27670 10000 0.669921875 3.55033278465271 3514
27680 10000 0.6650390625 3.547748565673828 7932
27690 10000 0.6796875 3.5433082580566406 2225
27700 10000 0.65625 3.540065288543701 5936
27710 10000 0.6572265625 3.538372278213501 4498
27720 10000 0.6630859375 3.534989356994629 8889
27730 10000 0.66015625 3.531351327896118 3047
27740 10000 0.6689453125 3.527066707611084 116
27750 10000 0.6513671875 3.5252575874328613 5263
27760 10000 0.6962890625 3.5213048458099365 3115
27770 10000 0.685546875 3.5175790786743164 6972
27780 10000 0.6318359375 3.512956380844116 9693
27790 10000 0.6865234375 3.508218288421631 1888
27800 10000 0.6484375 3.5060620307922363 6601
27810 10000 0.6787109375 3.5020580291748047 8469
27820 10000 0.6689453125 3.4988884925842285 7184
27830 10000 0.6923828125 3.4972736835479736 3236
27840 10000 0.685546875 3.494785785675049 7655
27850 10000 0.681640625 3.491659641265869 586
27860 10000 0.669921875 3.488893747329712 6222
27870 10000 0.662109375 3.4861679077148438 3003
27880 10000 0.671875 3.483579158782959 1301
27890 10000 0.66796875 3.4805753231048584 4493
27900 10000 0.626953125 3.4772586822509766 3743
27910 10000 0.6689453125 3.4746766090393066 9492
27920 10000 0.6884765625 3.471607208251953 8766
27930 10000 0.673828125 3.467634677886963 296
27940 10000 0.66015625 3.4646668434143066 8707
27950 10000 0.66796875 3.4612350463867188 7529
27960 10000 0.6669921875 3.4589271545410156 6189
27970 10000 0.6572265625 3.4562244415283203 2222
27980 10000 0.6533203125 3.454390525817871 8077
27990 10000 0.685546875 3.450679302215576 403
28000 10000 0.638671875 3.44856595993042 7905
28010 10000 0.6376953125 3.4441561698913574 8971
28020 10000 0.6416015625 3.4412906169891357 8812
28030 10000 0.677734375 3.4395503997802734 8349
28040 10000 0.6650390625 3.4370362758636475 8496
28050 10000 0.650390625 3.4357945919036865 1192
28060 10000 0.6796875 3.4328091144561768 819
28070 10000 0.642578125 3.4310567378997803 9789
28080 10000 0.6513671875 3.4282472133636475 4940
28090 10000 0.6318359375 3.4254379272460938 3912
28100 10000 0.6650390625 3.4230594635009766 3257
28110 10000 0.6796875 3.420571804046631 5493
28120 10000 0.66796875 3.41866135597229 3075
28130 10000 0.6435546875 3.4160590171813965 2956
28140 10000 0.658203125 3.41506290435791 3976
28150 10000 0.6640625 3.4113893508911133 2189
28160 10000 0.6767578125 3.409595012664795 1516
28170 10000 0.6630859375 3.4085569381713867 6072
28180 10000 0.646484375 3.405512809753418 7547
28190 10000 0.6630859375 3.404066562652588 8706
28200 10000 0.6484375 3.4017369747161865 9634
28210 10000 0.66796875 3.3983030319213867 5474
28220 10000 0.66015625 3.3963637351989746 8190
28230 10000 0.6708984375 3.3947482109069824 2668
28240 10000 0.650390625 3.3925228118896484 6664
28250 10000 0.6533203125 3.3886656761169434 3448
28260 10000 0.662109375 3.387233018875122 9123
28270 10000 0.6591796875 3.383728504180908 307
28280 10000 0.6611328125 3.380051851272583 4821
28290 10000 0.65234375 3.3770856857299805 7705
28300 10000 0.66796875 3.3739829063415527 9486
28310 10000 0.6513671875 3.3714823722839355 5927
28320 10000 0.66796875 3.368931770324707 7552
28330 10000 0.6435546875 3.3659849166870117 6119
28340 10000 0.6533203125 3.3645179271698 5839
28350 10000 0.6474609375 3.361528158187866 7817
28360 10000 0.6689453125 3.3595261573791504 4218
28370 10000 0.6611328125 3.355989456176758 3348
28380 10000 0.6474609375 3.3539533615112305 5898
28390 10000 0.6279296875 3.3510961532592773 6154
28400 10000 0.640625 3.349179267883301 8396
28410 10000 0.650390625 3.34723162651062 6162
28420 10000 0.654296875 3.345355987548828 4114
28430 10000 0.6435546875 3.3411548137664795 4546
28440 10000 0.669921875 3.3391122817993164 905
28450 10000 0.6416015625 3.3375539779663086 4226
28460 10000 0.6376953125 3.33593487739563 460
28470 10000 0.646484375 3.334678888320923 2095
28480 10000 0.6650390625 3.3325631618499756 4439
28490 10000 0.6513671875 3.330965042114258 4882
28500 10000 0.6533203125 3.328110694885254 390
28510 10000 0.6708984375 3.3263707160949707 1275
28520 10000 0.6328125 3.322113513946533 5530
28530 10000 0.6279296875 3.3192100524902344 2912
28540 10000 0.642578125 3.3170204162597656 9161
28550 10000 0.6328125 3.314396858215332 1205
28560 10000 0.65625 3.311955213546753 3523
28570 10000 0.6572265625 3.310276508331299 4038
28580 10000 0.6474609375 3.30820894241333 7794
28590 10000 0.6484375 3.305915594100952 7673
28600 10000 0.6630859375 3.30391788482666 8765
28610 10000 0.6455078125 3.302152633666992 5881
28620 10000 0.6611328125 3.300157070159912 9357
28630 10000 0.6650390625 3.2989039421081543 9826
28640 10000 0.630859375 3.29718017578125 7723
28650 10000 0.646484375 3.2955243587493896 324
28660 10000 0.6591796875 3.2922098636627197 6304
28670 10000 0.65625 3.2902235984802246 1889
28680 10000 0.6533203125 3.288646697998047 686
28690 10000 0.67578125 3.2855916023254395 2370
28700 10000 0.626953125 3.283560276031494 2337
28710 10000 0.6376953125 3.279772996902466 8020
28720 10000 0.62890625 3.278160810470581 5285
28730 10000 0.634765625 3.27681303024292 7154
28740 10000 0.625 3.2737247943878174 1376
28750 10000 0.6513671875 3.271080493927002 2206
28760 10000 0.6494140625 3.267866611480713 8463
28770 10000 0.6416015625 3.265699863433838 3880
28780 10000 0.65234375 3.2628817558288574 2610
28790 10000 0.6376953125 3.258364677429199 2021
28800 10000 0.6689453125 3.2557454109191895 6899
28810 10000 0.6337890625 3.254713296890259 2621
28820 10000 0.6650390625 3.2531654834747314 906
28830 10000 0.642578125 3.2506837844848633 6190
28840 10000 0.642578125 3.2482028007507324 4806
28850 10000 0.6357421875 3.2467103004455566 1602
28860 10000 0.640625 3.2440617084503174 4186
28870 10000 0.650390625 3.241715431213379 1475
28880 10000 0.611328125 3.2400946617126465 3460
28890 10000 0.65234375 3.2373757362365723 2125
28900 10000 0.662109375 3.234046697616577 3017
28910 10000 0.6142578125 3.2319717407226562 8803
28920 10000 0.6171875 3.230987548828125 4189
28930 10000 0.634765625 3.2293009757995605 3780
28940 10000 0.6484375 3.2272918224334717 4612
28950 10000 0.6533203125 3.225203037261963 2878
28960 10000 0.6279296875 3.2239580154418945 7293
28970 10000 0.6318359375 3.2228386402130127 260
28980 10000 0.6611328125 3.2207727432250977 2738
28990 10000 0.6650390625 3.219186782836914 751
29000 10000 0.63671875 3.217816114425659 9641
29010 10000 0.6748046875 3.2153806686401367 7813
29020 10000 0.64453125 3.2134342193603516 2401
29030 10000 0.63671875 3.2110283374786377 4546
29040 10000 0.6494140625 3.2092666625976562 6113
29050 10000 0.626953125 3.207033157348633 1716
29060 10000 0.638671875 3.2057738304138184 913
29070 10000 0.6484375 3.204834222793579 2405
29080 10000 0.623046875 3.203178882598877 5795
29090 10000 0.65234375 3.2025146484375 4116
29100 10000 0.6259765625 3.2012736797332764 7567
29110 10000 0.6572265625 3.200599193572998 957
29120 10000 0.6181640625 3.1989905834198 2632
29130 10000 0.6396484375 3.1977367401123047 8986
29140 10000 0.603515625 3.196436882019043 7223
29150 10000 0.658203125 3.194611072540283 7941
29160 10000 0.6572265625 3.1925861835479736 1995
29170 10000 0.662109375 3.191270112991333 2937
29180 10000 0.6279296875 3.1893575191497803 3009
29190 10000 0.623046875 3.1879820823669434 8854
29200 10000 0.6142578125 3.18635630607605 9972
29210 10000 0.6416015625 3.1845083236694336 849
29220 10000 0.65234375 3.1807966232299805 2660
29230 10000 0.6357421875 3.179642677307129 2316
29240 10000 0.646484375 3.176945209503174 8835
29250 10000 0.6767578125 3.1749343872070312 7674
29260 10000 0.634765625 3.1731696128845215 4340
29270 10000 0.6416015625 3.17230224609375 2220
29280 10000 0.6416015625 3.170276641845703 3806
29290 10000 0.681640625 3.1685266494750977 3574
29300 10000 0.6669921875 3.166713237762451 6064
29310 10000 0.6298828125 3.1643521785736084 1757
29320 10000 0.658203125 3.1625490188598633 5515
29330 10000 0.6416015625 3.161078929901123 483
29340 10000 0.640625 3.159165859222412 9508
29350 10000 0.6552734375 3.158160924911499 735
29360 10000 0.634765625 3.1562623977661133 9887
29370 10000 0.666015625 3.1538021564483643 8074
29380 10000 0.625 3.1523098945617676 220
29390 10000 0.623046875 3.1510326862335205 2887
29400 10000 0.646484375 3.149287700653076 3963
29410 10000 0.66015625 3.1463985443115234 7356
29420 10000 0.6484375 3.1447813510894775 1346
29430 10000 0.6435546875 3.1429247856140137 8843
29440 10000 0.619140625 3.1405727863311768 9696
29450 10000 0.64453125 3.138939142227173 5627
29460 10000 0.6376953125 3.137850284576416 8408
29470 10000 0.6337890625 3.1354713439941406 3994
29480 10000 0.6318359375 3.132336139678955 6745
29490 10000 0.6376953125 3.1309633255004883 877
29500 10000 0.66015625 3.1281230449676514 9498
29510 10000 0.615234375 3.1259942054748535 9204
29520 10000 0.6376953125 3.123866558074951 1653
29530 10000 0.6455078125 3.1220691204071045 8238
29540 10000 0.6513671875 3.119645118713379 5775
29550 10000 0.6513671875 3.117720365524292 9211
29560 10000 0.6494140625 3.115325927734375 6705
29570 10000 0.6279296875 3.1123266220092773 184
29580 10000 0.638671875 3.110849618911743 5747
29590 10000 0.634765625 3.1092910766601562 8947
29600 10000 0.6708984375 3.1066598892211914 1092
29610 10000 0.66015625 3.1041505336761475 9162
29620 10000 0.64453125 3.1027584075927734 5921
29630 10000 0.6396484375 3.1015491485595703 4570
29640 10000 0.64453125 3.09917950630188 9570
29650 10000 0.611328125 3.0967960357666016 4836
29660 10000 0.615234375 3.0954785346984863 7929
29670 10000 0.623046875 3.093158483505249 1044
29680 10000 0.6279296875 3.0915703773498535 2957
29690 10000 0.6240234375 3.090092658996582 2318
29700 10000 0.623046875 3.0886001586914062 3443
29710 10000 0.61328125 3.0869154930114746 4249
29720 10000 0.642578125 3.0851848125457764 3539
29730 10000 0.62890625 3.0824661254882812 5074
29740 10000 0.654296875 3.0804169178009033 3322
29750 10000 0.62109375 3.0779807567596436 3770
29760 10000 0.640625 3.076759099960327 4696
29770 10000 0.611328125 3.0752005577087402 2253
29780 10000 0.6328125 3.073051929473877 9738
29790 10000 0.6650390625 3.070168972015381 847
29800 10000 0.654296875 3.0669286251068115 741
29810 10000 0.6455078125 3.0648207664489746 791
29820 10000 0.6416015625 3.0625076293945312 4491
29830 10000 0.6611328125 3.0606179237365723 9452
29840 10000 0.60546875 3.057725429534912 6034
29850 10000 0.65234375 3.0554018020629883 8737
29860 10000 0.65234375 3.053615093231201 7048
29870 10000 0.6552734375 3.0495221614837646 4446
29880 10000 0.6396484375 3.0471949577331543 937
29890 10000 0.6591796875 3.045156955718994 3261
29900 10000 0.6298828125 3.0438613891601562 9140
29910 10000 0.6396484375 3.041961908340454 2853
29920 10000 0.638671875 3.039567232131958 5252
29930 10000 0.646484375 3.036540985107422 2311
29940 10000 0.638671875 3.0339431762695312 2800
29950 10000 0.6201171875 3.032175064086914 8639
29960 10000 0.62890625 3.0304205417633057 1825
29970 10000 0.6259765625 3.028536558151245 1020
29980 10000 0.650390625 3.026526689529419 3640
29990 10000 0.6533203125 3.0246243476867676 4217
30000 10000 0.640625 3.022768497467041 280
30010 10000 0.646484375 3.0211739540100098 1990
30020 10000 0.6455078125 3.018888473510742 6556
30030 10000 0.6376953125 3.0174474716186523 2982
30040 10000 0.6337890625 3.014998197555542 7535
30050 10000 0.623046875 3.0125906467437744 2321
30060 10000 0.6357421875 3.009922742843628 1311
30070 10000 0.666015625 3.0073020458221436 2329
30080 10000 0.6552734375 3.005333662033081 4495
30090 10000 0.6337890625 3.002264976501465 9128
30100 10000 0.6328125 3.000411033630371 2291
30110 10000 0.609375 2.999185800552368 7038
30120 10000 0.634765625 2.997131586074829 8788
30130 10000 0.611328125 2.9941670894622803 4134
30140 10000 0.6357421875 2.9910120964050293 8645
30150 10000 0.654296875 2.987257957458496 6081
30160 10000 0.646484375 2.986250162124634 1204
30170 10000 0.6328125 2.9836113452911377 64
30180 10000 0.6318359375 2.98118257522583 4093
30190 10000 0.6416015625 2.979382038116455 2408
30200 10000 0.6552734375 2.976262092590332 8468
30210 10000 0.626953125 2.9740078449249268 5576
30220 10000 0.65625 2.9724206924438477 1452
30230 10000 0.6220703125 2.9697070121765137 5500
30240 10000 0.6923828125 2.9666314125061035 7036
30250 10000 0.6376953125 2.9634227752685547 6337
30260 10000 0.619140625 2.961454153060913 9135
30270 10000 0.6259765625 2.960308790206909 9679
30280 10000 0.6484375 2.9587724208831787 1885
30290 10000 0.6279296875 2.955432415008545 298
30300 10000 0.6357421875 2.952474594116211 5692
30310 10000 0.6259765625 2.9506285190582275 3828
30320 10000 0.634765625 2.947809934616089 8750
30330 10000 0.619140625 2.9458723068237305 9429
30340 10000 0.63671875 2.9441707134246826 2819
30350 10000 0.6396484375 2.94144344329834 9269
30360 10000 0.619140625 2.9372568130493164 8343
30370 10000 0.646484375 2.934603691101074 1949
30380 10000 0.640625 2.9319100379943848 9993
30390 10000 0.671875 2.930248975753784 5630
30400 10000 0.6552734375 2.9285051822662354 6888
30410 10000 0.6513671875 2.9259777069091797 1031
30420 10000 0.6162109375 2.922978401184082 2661
30430 10000 0.6650390625 2.921236753463745 5230
30440 10000 0.646484375 2.9182755947113037 582
30450 10000 0.6318359375 2.9156386852264404 744
30460 10000 0.638671875 2.9126462936401367 9635
30470 10000 0.6201171875 2.909801959991455 913
30480 10000 0.6611328125 2.9061999320983887 1283
30490 10000 0.6474609375 2.9024150371551514 9983
30500 10000 0.6298828125 2.9003069400787354 1131
30510 10000 0.6826171875 2.8972716331481934 1820
30520 10000 0.640625 2.8955955505371094 6633
30530 10000 0.6474609375 2.893378973007202 2931
30540 10000 0.65234375 2.8912734985351562 8907
30550 10000 0.6494140625 2.887321710586548 5861
30560 10000 0.646484375 2.8858566284179688 586
30570 10000 0.638671875 2.8842051029205322 5506
30580 10000 0.6396484375 2.880631446838379 7492
30590 10000 0.62890625 2.878053903579712 582
30600 10000 0.626953125 2.8757522106170654 4494
30610 10000 0.6484375 2.8738436698913574 9727
30620 10000 0.64453125 2.8706352710723877 9032
30630 10000 0.607421875 2.8687469959259033 3646
30640 10000 0.6474609375 2.866950035095215 9180
30650 10000 0.6376953125 2.8648130893707275 7415
30660 10000 0.625 2.8620243072509766 1890
30670 10000 0.6533203125 2.8602728843688965 4272
30680 10000 0.650390625 2.8562943935394287 3533
30690 10000 0.6181640625 2.8545150756835938 1964
30700 10000 0.630859375 2.8523354530334473 4574
30710 10000 0.650390625 2.8500962257385254 5690
30720 10000 0.6591796875 2.846525192260742 2242
30730 10000 0.6435546875 2.8444175720214844 646
30740 10000 0.6220703125 2.842317581176758 1700
30750 10000 0.642578125 2.8401665687561035 881
30760 10000 0.64453125 2.8388423919677734 479
30770 10000 0.6396484375 2.8367700576782227 234
30780 10000 0.6416015625 2.8346633911132812 6506
30790 10000 0.6162109375 2.8325672149658203 1970
30800 10000 0.6435546875 2.8310179710388184 2405
30810 10000 0.6279296875 2.8277029991149902 8651
30820 10000 0.6298828125 2.824967384338379 3860
30830 10000 0.6396484375 2.8227829933166504 6773
30840 10000 0.658203125 2.82004451751709 689
30850 10000 0.634765625 2.817570209503174 7432
30860 10000 0.65234375 2.8164591789245605 7962
30870 10000 0.64453125 2.8141565322875977 9603
30880 10000 0.615234375 2.8109612464904785 2574
30890 10000 0.638671875 2.808152914047241 4386
30900 10000 0.6494140625 2.806847333908081 6875
30910 10000 0.6552734375 2.8041939735412598 7172
30920 10000 0.6630859375 2.802438259124756 3516
30930 10000 0.625 2.7999796867370605 747
30940 10000 0.6357421875 2.7980942726135254 3183
30950 10000 0.654296875 2.7968990802764893 7411
30960 10000 0.6748046875 2.7934274673461914 3844
30970 10000 0.634765625 2.792318820953369 9843
30980 10000 0.64453125 2.7901718616485596 7681
30990 10000 0.640625 2.788691282272339 7341
31000 10000 0.6494140625 2.786125421524048 6563
31010 10000 0.6279296875 2.783674478530884 1765
31020 10000 0.626953125 2.782662868499756 3363
31030 10000 0.630859375 2.7801835536956787 4666
31040 10000 0.634765625 2.7780909538269043 2246
31050 10000 0.6572265625 2.7758853435516357 4710
31060 10000 0.6259765625 2.774013042449951 4885
31070 10000 0.6611328125 2.7712998390197754 8865
31080 10000 0.6328125 2.7673373222351074 9804
31090 10000 0.6318359375 2.764535903930664 8451
31100 10000 0.640625 2.7617998123168945 6002
31110 10000 0.638671875 2.760098457336426 3999
31120 10000 0.6494140625 2.7580032348632812 7753
31130 10000 0.65625 2.754448652267456 2967
31140 10000 0.6650390625 2.7528462409973145 8772
31150 10000 0.658203125 2.7505416870117188 1228
31160 10000 0.6494140625 2.7486820220947266 2130
31170 10000 0.6474609375 2.7473397254943848 8983
31180 10000 0.6279296875 2.745966911315918 2567
31190 10000 0.6474609375 2.7419819831848145 4699
31200 10000 0.6484375 2.7394189834594727 9181
31210 10000 0.65625 2.7366394996643066 1223
31220 10000 0.65625 2.7337167263031006 7578
31230 10000 0.64453125 2.731627941131592 7840
31240 10000 0.662109375 2.7297725677490234 2978
31250 10000 0.6708984375 2.7266364097595215 3686
31260 10000 0.6552734375 2.7240257263183594 9697
31270 10000 0.64453125 2.7212257385253906 3738
31280 10000 0.64453125 2.7200214862823486 2027
31290 10000 0.6708984375 2.716984510421753 6871
31300 10000 0.65234375 2.7151482105255127 3320
31310 10000 0.6455078125 2.712556838989258 335
31320 10000 0.62890625 2.710620403289795 2008
31330 10000 0.6142578125 2.70704984664917 7222
31340 10000 0.6552734375 2.706080198287964 8773
31350 10000 0.6669921875 2.702895164489746 270
31360 10000 0.666015625 2.700922966003418 9459
31370 10000 0.6259765625 2.6979336738586426 160
31380 10000 0.65234375 2.695840358734131 6946
31390 10000 0.6611328125 2.693856716156006 898
31400 10000 0.6455078125 2.6914167404174805 3508
31410 10000 0.6611328125 2.6895711421966553 5882
31420 10000 0.673828125 2.687821388244629 7876
31430 10000 0.642578125 2.6846671104431152 4890
31440 10000 0.6318359375 2.6830897331237793 9286
31450 10000 0.6728515625 2.68168044090271 3856
31460 10000 0.6650390625 2.6808369159698486 5711
31470 10000 0.6337890625 2.6792001724243164 5936
31480 10000 0.64453125 2.677016496658325 3282
31490 10000 0.6865234375 2.6747522354125977 6107
31500 10000 0.650390625 2.6725690364837646 4204
31510 10000 0.6572265625 2.670201301574707 7292
31520 10000 0.65625 2.6681599617004395 4039
31530 10000 0.6494140625 2.6661295890808105 8201
31540 10000 0.6484375 2.663968801498413 5176
31550 10000 0.6552734375 2.6628787517547607 2546
31560 10000 0.62109375 2.6587982177734375 5933
31570 10000 0.642578125 2.6560473442077637 201
31580 10000 0.62890625 2.6542410850524902 8169
31590 10000 0.6748046875 2.6519486904144287 5197
31600 10000 0.63671875 2.650831460952759 4808
31610 10000 0.640625 2.649888753890991 1925
31620 10000 0.671875 2.6479547023773193 7052
31630 10000 0.666015625 2.645238161087036 7472
31640 10000 0.6640625 2.642773389816284 3471
31650 10000 0.6474609375 2.640634059906006 1543
31660 10000 0.64453125 2.6387197971343994 519
31670 10000 0.6513671875 2.636782646179199 3767
31680 10000 0.6884765625 2.6349475383758545 4251
31690 10000 0.650390625 2.6335935592651367 3380
31700 10000 0.6962890625 2.6321535110473633 121
31710 10000 0.669921875 2.6294360160827637 1896
31720 10000 0.646484375 2.6268739700317383 1585
31730 10000 0.65234375 2.6257717609405518 8329
31740 10000 0.666015625 2.6227283477783203 7358
31750 10000 0.6513671875 2.617997169494629 4795
31760 10000 0.67578125 2.6158699989318848 8105
31770 10000 0.642578125 2.613705635070801 2817
31780 10000 0.6689453125 2.6117043495178223 3151
31790 10000 0.64453125 2.608715772628784 5697
31800 10000 0.6337890625 2.6068639755249023 5829
31810 10000 0.6748046875 2.60298228263855 1110
31820 10000 0.6806640625 2.5998480319976807 5350
31830 10000 0.6591796875 2.598479747772217 5386
31840 10000 0.6484375 2.595700740814209 1506
31850 10000 0.6630859375 2.5935678482055664 1084
31860 10000 0.6552734375 2.590451955795288 4952
31870 10000 0.6376953125 2.585322856903076 1579
31880 10000 0.6875 2.5821666717529297 147
31890 10000 0.6552734375 2.577934741973877 8868
31900 10000 0.666015625 2.5725135803222656 6252
31910 10000 0.6748046875 2.568828582763672 6058
31920 10000 0.6484375 2.5662503242492676 1848
31930 10000 0.6611328125 2.5636017322540283 4965
31940 10000 0.6552734375 2.558750867843628 3581
31950 10000 0.65625 2.551762580871582 3963
31960 10000 0.65234375 2.5484683513641357 6384
31970 10000 0.6396484375 2.5449600219726562 5197
31980 10000 0.6474609375 2.5422048568725586 2490
31990 10000 0.650390625 2.5398972034454346 8848
32000 10000 0.6630859375 2.5362703800201416 7489
32010 10000 0.6748046875 2.5312113761901855 3502
32020 10000 0.6328125 2.5276670455932617 4055
32030 10000 0.681640625 2.5251073837280273 6379
32040 10000 0.6904296875 2.5171258449554443 5520
32050 10000 0.671875 2.5079400539398193 8659
32060 10000 0.6513671875 2.5046944618225098 19
32070 10000 0.6611328125 2.4989640712738037 9304
32080 10000 0.6474609375 2.4939768314361572 9431
32090 10000 0.67578125 2.4906084537506104 6501
32100 10000 0.6396484375 2.4879584312438965 2809
32110 10000 0.6796875 2.484788417816162 5110
32120 10000 0.66015625 2.48062801361084 7639
32130 10000 0.6796875 2.4758243560791016 2209
32140 10000 0.6533203125 2.471425771713257 6893
32150 10000 0.673828125 2.468062162399292 5168
32160 10000 0.6650390625 2.464944839477539 6460
32170 10000 0.66796875 2.461470603942871 5454
32180 10000 0.6748046875 2.4578990936279297 5103
32190 10000 0.66015625 2.4518516063690186 2204
32200 10000 0.6435546875 2.449176788330078 4300
32210 10000 0.677734375 2.445235252380371 1193
32220 10000 0.6552734375 2.43959641456604 3302
32230 10000 0.6591796875 2.435387134552002 580
32240 10000 0.640625 2.4314332008361816 815
32250 10000 0.6826171875 2.4288201332092285 4954
32260 10000 0.6708984375 2.4243907928466797 157
32270 10000 0.6650390625 2.4195804595947266 6914
32280 10000 0.6591796875 2.4134809970855713 2197
32290 10000 0.642578125 2.407663583755493 4576
32300 10000 0.65625 2.4043920040130615 5293
32310 10000 0.671875 2.3985280990600586 5172
32320 10000 0.6279296875 2.3950300216674805 2608
32330 10000 0.685546875 2.3913216590881348 6117
32340 10000 0.662109375 2.3844923973083496 9708
32350 10000 0.662109375 2.380699396133423 7433
32360 10000 0.640625 2.377279043197632 6515
32370 10000 0.6484375 2.3696937561035156 7942
32380 10000 0.6376953125 2.365901231765747 7541
32390 10000 0.638671875 2.361636161804199 4251
32400 10000 0.6630859375 2.356809616088867 9938
32410 10000 0.6474609375 2.348567485809326 8371
32420 10000 0.6484375 2.3411285877227783 8182
32430 10000 0.6708984375 2.3368172645568848 8810
32440 10000 0.6572265625 2.331064462661743 6166
32450 10000 0.6328125 2.325935125350952 1023
32460 10000 0.634765625 2.321901321411133 4535
32470 10000 0.625 2.315756320953369 6064
32480 10000 0.6318359375 2.3117003440856934 5582
32490 10000 0.630859375 2.308976173400879 5007
32500 10000 0.646484375 2.3044509887695312 4605
32510 10000 0.6748046875 2.300708770751953 5906
32520 10000 0.67578125 2.2968311309814453 9864
32530 10000 0.6630859375 2.291386604309082 4514
32540 10000 0.6669921875 2.2895150184631348 3377
32550 10000 0.6591796875 2.286590337753296 3140
32560 10000 0.6533203125 2.281154155731201 1538
32570 10000 0.6455078125 2.275607109069824 5161
32580 10000 0.646484375 2.27164888381958 8401
32590 10000 0.65625 2.268003463745117 5008
32600 10000 0.640625 2.2627806663513184 6553
32610 10000 0.6318359375 2.2556347846984863 8886
32620 10000 0.658203125 2.250328540802002 1284
32630 10000 0.6572265625 2.245738983154297 713
32640 10000 0.662109375 2.241151809692383 2554
32650 10000 0.6328125 2.2345199584960938 9205
32660 10000 0.66796875 2.2275352478027344 7489
32670 10000 0.650390625 2.221682071685791 9967
32680 10000 0.6318359375 2.2179908752441406 9716
32690 10000 0.6494140625 2.214325189590454 6080
32700 10000 0.642578125 2.211303949356079 7052
32710 10000 0.6474609375 2.207429885864258 5979
32720 10000 0.623046875 2.202712059020996 7997
32730 10000 0.6513671875 2.198871374130249 8218
32740 10000 0.65625 2.1961593627929688 5464
32750 10000 0.6455078125 2.1919775009155273 2988
32760 10000 0.6640625 2.1880595684051514 3351
32770 10000 0.662109375 2.1847124099731445 409
32780 10000 0.62890625 2.1821916103363037 7161
32790 10000 0.6142578125 2.179018497467041 4711
32800 10000 0.6396484375 2.1737093925476074 7892
32810 10000 0.650390625 2.167816162109375 7211
32820 10000 0.638671875 2.161799669265747 8465
32830 10000 0.6171875 2.159548759460449 8845
32840 10000 0.6484375 2.1526315212249756 7944
32850 10000 0.642578125 2.149797201156616 4712
32860 10000 0.634765625 2.145900249481201 4358
32870 10000 0.6611328125 2.141713857650757 1719
32880 10000 0.6455078125 2.1369528770446777 2516
32890 10000 0.6318359375 2.132028579711914 8722
32900 10000 0.6318359375 2.1272168159484863 2551
32910 10000 0.6650390625 2.125765323638916 636
32920 10000 0.6630859375 2.1217575073242188 2098
32930 10000 0.630859375 2.115617036819458 95
32940 10000 0.634765625 2.10973858833313 6123
32950 10000 0.623046875 2.105865001678467 199
32960 10000 0.6474609375 2.1004228591918945 4855
32970 10000 0.6328125 2.097024440765381 1324
32980 10000 0.6435546875 2.090191125869751 7883
32990 10000 0.6357421875 2.0840413570404053 3682
33000 10000 0.6357421875 2.0791921615600586 4098
33010 10000 0.64453125 2.073634147644043 9935
33020 10000 0.6357421875 2.0688271522521973 4472
33030 10000 0.642578125 2.064753770828247 3754
33040 10000 0.642578125 2.0605809688568115 7243
33050 10000 0.6435546875 2.0549449920654297 9410
33060 10000 0.6171875 2.0511975288391113 9446
33070 10000 0.6357421875 2.047508955001831 1238
33080 10000 0.66015625 2.0436508655548096 2530
33090 10000 0.6572265625 2.036803722381592 1254
33100 10000 0.6259765625 2.0336666107177734 6437
33110 10000 0.654296875 2.0294713973999023 2656
33120 10000 0.634765625 2.025399684906006 230
33130 10000 0.6396484375 2.0221517086029053 2072
33140 10000 0.626953125 2.0165116786956787 854
33150 10000 0.658203125 2.0110700130462646 6923
33160 10000 0.6201171875 2.0073628425598145 7915
33170 10000 0.626953125 2.001680850982666 551
33180 10000 0.6416015625 1.998523235321045 4596
33190 10000 0.640625 1.9920172691345215 3821
33200 10000 0.6513671875 1.9898152351379395 1589
33210 10000 0.650390625 1.985543131828308 6822
33220 10000 0.6474609375 1.980466604232788 2330
33230 10000 0.6552734375 1.9762948751449585 58
33240 10000 0.6533203125 1.971690058708191 3468
33250 10000 0.63671875 1.9648046493530273 1816
33260 10000 0.6435546875 1.959085464477539 8448
33270 10000 0.6455078125 1.9557709693908691 1500
33280 10000 0.625 1.9519014358520508 2549
33290 10000 0.625 1.9460177421569824 9138
33300 10000 0.654296875 1.9417433738708496 5875
33310 10000 0.6416015625 1.937776803970337 5920
33320 10000 0.6220703125 1.9313867092132568 4864
33330 10000 0.6142578125 1.9263381958007812 8283
33340 10000 0.6455078125 1.9207556247711182 1339
33350 10000 0.6279296875 1.9138602018356323 5166
33360 10000 0.62890625 1.9062087535858154 3605
33370 10000 0.65625 1.9017226696014404 8409
33380 10000 0.646484375 1.892861008644104 5912
33390 10000 0.6357421875 1.886173963546753 2777
33400 10000 0.625 1.8809205293655396 355
33410 10000 0.6376953125 1.8783469200134277 6164
33420 10000 0.6416015625 1.8728628158569336 8986
33430 10000 0.638671875 1.870438814163208 7074
33440 10000 0.609375 1.8684371709823608 8674
33450 10000 0.650390625 1.865062952041626 1087
33460 10000 0.6240234375 1.8600164651870728 6120
33470 10000 0.658203125 1.8561934232711792 1813
33480 10000 0.6015625 1.8504910469055176 479
33490 10000 0.603515625 1.8474764823913574 8434
33500 10000 0.6259765625 1.843155026435852 4240
33510 10000 0.6220703125 1.8373535871505737 1750
33520 10000 0.630859375 1.8312811851501465 3615
33530 10000 0.6298828125 1.828277587890625 7966
33540 10000 0.6171875 1.82526433467865 1795
33550 10000 0.6396484375 1.8176021575927734 8263
33560 10000 0.6328125 1.8114455938339233 6156
33570 10000 0.6259765625 1.8091589212417603 7984
33580 10000 0.61328125 1.8043584823608398 5767
33590 10000 0.6171875 1.8012478351593018 5795
33600 10000 0.6318359375 1.7975889444351196 6725
33610 10000 0.625 1.792802095413208 1813
33620 10000 0.6357421875 1.7859156131744385 2943
33630 10000 0.64453125 1.7801874876022339 8585
33640 10000 0.6318359375 1.7767592668533325 4689
33650 10000 0.6376953125 1.7727313041687012 6491
33660 10000 0.625 1.768559217453003 6749
33670 10000 0.6025390625 1.76523756980896 3232
33680 10000 0.619140625 1.7613716125488281 5652
33690 10000 0.619140625 1.7574251890182495 2698
33700 10000 0.6240234375 1.7552565336227417 8253
33710 10000 0.64453125 1.7505221366882324 4953
33720 10000 0.6064453125 1.7458773851394653 8487
33730 10000 0.6240234375 1.7412840127944946 5741
33740 10000 0.6328125 1.7371526956558228 8306
33750 10000 0.60546875 1.7305852174758911 2618
33760 10000 0.626953125 1.7267637252807617 9492
33770 10000 0.6328125 1.7226423025131226 8423
33780 10000 0.6171875 1.7189769744873047 8428
33790 10000 0.62109375 1.715259075164795 9355
33800 10000 0.626953125 1.7118984460830688 2955
33810 10000 0.6201171875 1.7066971063613892 1021
33820 10000 0.6357421875 1.7036073207855225 4498
33830 10000 0.611328125 1.6995341777801514 6285
33840 10000 0.6220703125 1.6968294382095337 5414
33850 10000 0.603515625 1.6920472383499146 8402
33860 10000 0.6181640625 1.6875123977661133 9918
33870 10000 0.6484375 1.6829692125320435 1828
33880 10000 0.623046875 1.6771864891052246 7448
33890 10000 0.62890625 1.6713058948516846 8421
33900 10000 0.6123046875 1.6672993898391724 2353
33910 10000 0.6337890625 1.6597731113433838 7939
33920 10000 0.619140625 1.6557551622390747 3769
33930 10000 0.6298828125 1.6533122062683105 7
33940 10000 0.6240234375 1.6477196216583252 4253
33950 10000 0.6171875 1.6456003189086914 5716
33960 10000 0.6435546875 1.6422353982925415 4248
33970 10000 0.6240234375 1.638662338256836 4921
33980 10000 0.626953125 1.6352187395095825 5776
33990 10000 0.65234375 1.6310995817184448 1648
34000 10000 0.6201171875 1.627364158630371 9908
34010 10000 0.6220703125 1.6223623752593994 8166
34020 10000 0.646484375 1.6209940910339355 7807
34030 10000 0.626953125 1.6162583827972412 3570
34040 10000 0.6357421875 1.6110645532608032 1109
34050 10000 0.5966796875 1.6067787408828735 6032
34060 10000 0.6416015625 1.6051580905914307 3273
34070 10000 0.6337890625 1.599999189376831 3533
34080 10000 0.6240234375 1.5960822105407715 6341
34090 10000 0.6328125 1.5916743278503418 5896
34100 10000 0.6328125 1.5876893997192383 5460
34110 10000 0.5859375 1.5852609872817993 1969
34120 10000 0.6005859375 1.5817068815231323 1012
34130 10000 0.63671875 1.5789284706115723 9650
34140 10000 0.6064453125 1.575622797012329 7800
34150 10000 0.6103515625 1.569263219833374 7713
34160 10000 0.62890625 1.566593885421753 9774
34170 10000 0.6005859375 1.5611811876296997 4659
34180 10000 0.6279296875 1.5593429803848267 4385
34190 10000 0.623046875 1.5578058958053589 4823
34200 10000 0.611328125 1.5554351806640625 3781
34210 10000 0.6337890625 1.5510084629058838 6907
34220 10000 0.6357421875 1.5465376377105713 6178
34230 10000 0.615234375 1.5432047843933105 1239
34240 10000 0.62890625 1.5396523475646973 1759
34250 10000 0.6083984375 1.5335984230041504 6498
34260 10000 0.58984375 1.5312116146087646 5214
34270 10000 0.630859375 1.5273059606552124 6968
34280 10000 0.6416015625 1.5198744535446167 9677
34290 10000 0.609375 1.5169490575790405 2522
34300 10000 0.6396484375 1.5144456624984741 1007
34310 10000 0.6123046875 1.5109879970550537 1241
34320 10000 0.5947265625 1.506115436553955 384
34330 10000 0.630859375 1.5016522407531738 1390
34340 10000 0.59765625 1.499118685722351 1445
34350 10000 0.62890625 1.494233250617981 4982
34360 10000 0.6064453125 1.489349126815796 2189
34370 10000 0.60546875 1.4845905303955078 1043
34380 10000 0.64453125 1.4743068218231201 8481
34390 10000 0.6064453125 1.4712724685668945 4298
34400 10000 0.580078125 1.4654334783554077 6480
34410 10000 0.59765625 1.4622942209243774 9125
34420 10000 0.58984375 1.4592537879943848 8413
34430 10000 0.65625 1.453639268875122 7645
34440 10000 0.6298828125 1.4507136344909668 8674
34450 10000 0.62109375 1.445785641670227 5607
34460 10000 0.6318359375 1.4413014650344849 5195
34470 10000 0.6376953125 1.438536286354065 7608
34480 10000 0.5966796875 1.4365886449813843 6569
34490 10000 0.6103515625 1.429833173751831 8915
34500 10000 0.62890625 1.426514983177185 6050
34510 10000 0.6171875 1.4230542182922363 959
34520 10000 0.6376953125 1.4202308654785156 9225
34530 10000 0.603515625 1.4154750108718872 9515
34540 10000 0.6201171875 1.4116754531860352 4529
34550 10000 0.595703125 1.4086172580718994 6062
34560 10000 0.6474609375 1.4021978378295898 6205
34570 10000 0.640625 1.3949897289276123 6552
34580 10000 0.6142578125 1.390325903892517 7384
34590 10000 0.5947265625 1.3866838216781616 9921
34600 10000 0.6083984375 1.3833332061767578 3855
34610 10000 0.6484375 1.3804446458816528 8154
34620 10000 0.59765625 1.3767542839050293 8064
34630 10000 0.59375 1.373030662536621 1605
34640 10000 0.6220703125 1.3703677654266357 4279
34650 10000 0.62109375 1.366559386253357 9794
34660 10000 0.6025390625 1.3645806312561035 4490
34670 10000 0.6025390625 1.3614740371704102 9490
34680 10000 0.611328125 1.358170509338379 3774
34690 10000 0.583984375 1.3547738790512085 4420
34700 10000 0.6015625 1.352429986000061 1598
34710 10000 0.609375 1.3489644527435303 1747
34720 10000 0.58984375 1.3439000844955444 5346
34730 10000 0.5986328125 1.3399786949157715 6373
34740 10000 0.6103515625 1.3380409479141235 785
34750 10000 0.5986328125 1.3342432975769043 7435
34760 10000 0.615234375 1.3276703357696533 8767
34770 10000 0.611328125 1.3246030807495117 1467
34780 10000 0.55859375 1.3218841552734375 5523
34790 10000 0.603515625 1.3166427612304688 9859
34800 10000 0.6083984375 1.309853196144104 2131
34810 10000 0.607421875 1.3070597648620605 2104
34820 10000 0.607421875 1.304883599281311 5387
34830 10000 0.638671875 1.2991969585418701 4760
34840 10000 0.6142578125 1.2967153787612915 1449
34850 10000 0.6123046875 1.293553352355957 2999
34860 10000 0.6025390625 1.291651964187622 7135
34870 10000 0.599609375 1.2863471508026123 9981
34880 10000 0.603515625 1.283355474472046 8952
34890 10000 0.615234375 1.27774977684021 3571
34900 10000 0.6171875 1.2749977111816406 9032
34910 10000 0.603515625 1.2711522579193115 5387
34920 10000 0.6259765625 1.2667500972747803 5476
34930 10000 0.6015625 1.2618708610534668 4243
34940 10000 0.6357421875 1.2582361698150635 3650
34950 10000 0.6005859375 1.250859022140503 8089
34960 10000 0.603515625 1.2474979162216187 845
34970 10000 0.6162109375 1.2446630001068115 8116
34980 10000 0.6123046875 1.2422311305999756 5311
34990 10000 0.595703125 1.2388604879379272 2433
35000 10000 0.60546875 1.2355537414550781 9636
35010 10000 0.599609375 1.2325032949447632 7084
35020 10000 0.6201171875 1.2293884754180908 6592
35030 10000 0.626953125 1.2246286869049072 3492
35040 10000 0.6259765625 1.2204079627990723 1306
35050 10000 0.6279296875 1.2146570682525635 7142
35060 10000 0.61328125 1.2104042768478394 9770
35070 10000 0.6318359375 1.2069790363311768 1013
35080 10000 0.599609375 1.2030994892120361 2539
35090 10000 0.6171875 1.2005292177200317 9089
35100 10000 0.60546875 1.1963342428207397 5540
35110 10000 0.5751953125 1.1946873664855957 5801
35120 10000 0.6005859375 1.1918303966522217 6410
35130 10000 0.5859375 1.1886990070343018 3093
35140 10000 0.61328125 1.1833012104034424 3181
35150 10000 0.5927734375 1.1796987056732178 5413
35160 10000 0.5947265625 1.1778616905212402 5687
35170 10000 0.619140625 1.1757893562316895 8533
35180 10000 0.6083984375 1.1735833883285522 2681
35190 10000 0.603515625 1.1692028045654297 1707
35200 10000 0.6044921875 1.1648792028427124 5743
35210 10000 0.6044921875 1.161224603652954 3061
35220 10000 0.5732421875 1.1571617126464844 9328
35230 10000 0.6103515625 1.1549087762832642 5167
35240 10000 0.615234375 1.1473342180252075 5762
35250 10000 0.626953125 1.1432182788848877 9322
35260 10000 0.5791015625 1.138792634010315 6054
35270 10000 0.5966796875 1.1358643770217896 9387
35280 10000 0.630859375 1.1321368217468262 7545
35290 10000 0.6005859375 1.13059663772583 7301
35300 10000 0.607421875 1.1277012825012207 6349
35310 10000 0.6015625 1.125084400177002 4272
35320 10000 0.603515625 1.1222058534622192 7206
35330 10000 0.6015625 1.1170181035995483 8771
35340 10000 0.576171875 1.1137487888336182 932
35350 10000 0.6171875 1.1089471578598022 3658
35360 10000 0.59375 1.103806734085083 8476
35370 10000 0.580078125 1.1011648178100586 9069
35380 10000 0.603515625 1.0982987880706787 8560
35390 10000 0.6103515625 1.0921049118041992 6616
35400 10000 0.626953125 1.0903923511505127 8409
35410 10000 0.5732421875 1.0849978923797607 5683
35420 10000 0.5869140625 1.0822566747665405 6430
35430 10000 0.59765625 1.0787333250045776 4109
35440 10000 0.5771484375 1.0731929540634155 6711
35450 10000 0.5888671875 1.068722128868103 4448
35460 10000 0.5908203125 1.0662472248077393 3734
35470 10000 0.6005859375 1.0635108947753906 1132
35480 10000 0.6201171875 1.0594115257263184 3210
35490 10000 0.5693359375 1.0557138919830322 8177
35500 10000 0.6162109375 1.0527598857879639 8671
35510 10000 0.58203125 1.0492477416992188 3140
35520 10000 0.587890625 1.044124960899353 2590
35530 10000 0.5810546875 1.0380370616912842 9347
35540 10000 0.5859375 1.034278392791748 5034
35550 10000 0.599609375 1.030247449874878 9700
35560 10000 0.5947265625 1.0277552604675293 8070
35570 10000 0.6083984375 1.0224823951721191 8123
35580 10000 0.615234375 1.0179798603057861 1486
35590 10000 0.6103515625 1.0152987241744995 6523
35600 10000 0.6005859375 1.0101006031036377 1511
35610 10000 0.5966796875 1.005953311920166 4812
35620 10000 0.6103515625 1.0022445917129517 1824
35630 10000 0.5888671875 0.9969940781593323 5615
35640 10000 0.5947265625 0.9931104183197021 803
35650 10000 0.5986328125 0.9894915819168091 7358
35660 10000 0.5986328125 0.9822260141372681 8519
35670 10000 0.58203125 0.9773572683334351 4907
35680 10000 0.5810546875 0.9742324948310852 9562
35690 10000 0.599609375 0.9717872142791748 4157
35700 10000 0.62109375 0.9687330722808838 431
35710 10000 0.59375 0.9647684097290039 5856
35720 10000 0.609375 0.9607279300689697 7545
35730 10000 0.6015625 0.956169605255127 1030
35740 10000 0.6005859375 0.95353102684021 2164
35750 10000 0.5966796875 0.9498680233955383 3043
35760 10000 0.59375 0.9462754726409912 9647
35770 10000 0.599609375 0.9430593252182007 8999
35780 10000 0.5751953125 0.93891441822052 1290
35790 10000 0.5888671875 0.9322526454925537 9411
35800 10000 0.6005859375 0.9298335313796997 988
35810 10000 0.5888671875 0.9278476238250732 7220
35820 10000 0.6015625 0.9245939254760742 113
35830 10000 0.5732421875 0.9223775267601013 5575
35840 10000 0.603515625 0.9179034233093262 6992
35850 10000 0.5908203125 0.9155495166778564 5025
35860 10000 0.6044921875 0.9112016558647156 8754
35870 10000 0.5810546875 0.9081058502197266 1161
35880 10000 0.576171875 0.9064189195632935 1867
35890 10000 0.615234375 0.9031344652175903 1200
35900 10000 0.5986328125 0.9009720683097839 1791
35910 10000 0.5732421875 0.8976349830627441 7486
35920 10000 0.5791015625 0.8940614461898804 8259
35930 10000 0.5546875 0.8884413242340088 6009
35940 10000 0.57421875 0.8838328123092651 6699
35950 10000 0.580078125 0.879614531993866 795
35960 10000 0.6240234375 0.8767386674880981 6113
35970 10000 0.595703125 0.8747872710227966 7600
35980 10000 0.609375 0.8693901300430298 339
35990 10000 0.6015625 0.8652709722518921 270
36000 10000 0.595703125 0.8617644309997559 2685
36010 10000 0.5888671875 0.8594866991043091 8138
36020 10000 0.611328125 0.8548180460929871 246
36030 10000 0.576171875 0.8527121543884277 1582
36040 10000 0.5849609375 0.8494116067886353 3137
36050 10000 0.59375 0.8474682569503784 8324
36060 10000 0.580078125 0.843529462814331 873
36070 10000 0.580078125 0.8410549163818359 8835
36080 10000 0.5595703125 0.8384610414505005 9030
36090 10000 0.5888671875 0.8360968828201294 9447
36100 10000 0.5703125 0.832595944404602 7122
36110 10000 0.578125 0.8282496929168701 3964
36120 10000 0.6015625 0.8228931427001953 5664
36130 10000 0.5791015625 0.8193676471710205 3857
36140 10000 0.5849609375 0.8150405883789062 5637
36150 10000 0.6142578125 0.8103632926940918 5921
36160 10000 0.5986328125 0.8057981729507446 1515
36170 10000 0.58984375 0.8041105270385742 828
36180 10000 0.591796875 0.8015964031219482 4199
36190 10000 0.5625 0.7963934540748596 7869
36200 10000 0.576171875 0.790198802947998 1219
36210 10000 0.58203125 0.7860274314880371 2988
36220 10000 0.57421875 0.7840111255645752 5414
36230 10000 0.58984375 0.7778066396713257 8477
36240 10000 0.5546875 0.774836540222168 3491
36250 10000 0.5966796875 0.7724225521087646 2031
36260 10000 0.5966796875 0.7693333625793457 2347
36270 10000 0.6083984375 0.7661383152008057 4651
36280 10000 0.576171875 0.7612545490264893 8367
36290 10000 0.580078125 0.7569940090179443 3859
36300 10000 0.560546875 0.7531217336654663 6837
36310 10000 0.6103515625 0.7499699592590332 2336
36320 10000 0.5888671875 0.7448902130126953 7168
36330 10000 0.5537109375 0.7416701316833496 4886
36340 10000 0.5888671875 0.7363933324813843 2784
36350 10000 0.5859375 0.733569860458374 5952
36360 10000 0.5869140625 0.7306251525878906 2375
36370 10000 0.6162109375 0.7261962890625 9088
36380 10000 0.5732421875 0.7236319780349731 5567
36390 10000 0.5654296875 0.7199581861495972 7102
36400 10000 0.57421875 0.7155572175979614 668
36410 10000 0.56640625 0.7121078968048096 2365
36420 10000 0.5859375 0.7087602615356445 747
36430 10000 0.5859375 0.7062239646911621 2408
36440 10000 0.578125 0.7032365798950195 4863
36450 10000 0.5830078125 0.6993312835693359 1371
36460 10000 0.591796875 0.6972641944885254 2692
36470 10000 0.576171875 0.6926604509353638 5673
36480 10000 0.5927734375 0.6893273591995239 4903
36490 10000 0.576171875 0.6815618276596069 2510
36500 10000 0.5625 0.6783696413040161 2155
36510 10000 0.57421875 0.6745293140411377 1045
36520 10000 0.5849609375 0.6718364953994751 9099
36530 10000 0.572265625 0.6658086776733398 714
36540 10000 0.60546875 0.6622828245162964 3587
36550 10000 0.552734375 0.6581275463104248 9181
36560 10000 0.5791015625 0.6549476981163025 162
36570 10000 0.57421875 0.6518202424049377 9234
36580 10000 0.5625 0.6499266028404236 5731
36590 10000 0.5830078125 0.6463678479194641 3402
36600 10000 0.6025390625 0.643641471862793 3774
36610 10000 0.576171875 0.6389467120170593 7825
36620 10000 0.5927734375 0.6353977918624878 4072
36630 10000 0.59765625 0.632554292678833 8372
36640 10000 0.578125 0.6280481815338135 7778
36650 10000 0.5419921875 0.6241275072097778 1192
36660 10000 0.572265625 0.6211994290351868 7729
36670 10000 0.5732421875 0.6183042526245117 9732
36680 10000 0.5791015625 0.6133788228034973 3006
36690 10000 0.5908203125 0.6094322204589844 5051
36700 10000 0.5634765625 0.6070675849914551 7177
36710 10000 0.5732421875 0.6033305525779724 2821
36720 10000 0.5888671875 0.6008119583129883 7663
36730 10000 0.5751953125 0.5961978435516357 4223
36740 10000 0.5751953125 0.5907536745071411 9311
36750 10000 0.5859375 0.5874227285385132 3176
36760 10000 0.548828125 0.583724319934845 1535
36770 10000 0.5986328125 0.5806707143783569 6125
36780 10000 0.5673828125 0.5779194831848145 863
36790 10000 0.552734375 0.5752519369125366 3091
36800 10000 0.5595703125 0.5696239471435547 3073
36810 10000 0.57421875 0.5678143501281738 4153
36820 10000 0.548828125 0.5647666454315186 4488
36830 10000 0.5791015625 0.5594832301139832 8437
36840 10000 0.5791015625 0.5543038845062256 8368
36850 10000 0.5595703125 0.5506728887557983 8616
36860 10000 0.5537109375 0.5478247404098511 5210
36870 10000 0.580078125 0.5439488887786865 5311
36880 10000 0.5712890625 0.5408788919448853 8594
36890 10000 0.583984375 0.5374243855476379 1068
36900 10000 0.5625 0.5350463390350342 8497
36910 10000 0.576171875 0.5285557508468628 884
36920 10000 0.568359375 0.5266724824905396 2987
36930 10000 0.5595703125 0.5215392708778381 6211
36940 10000 0.5673828125 0.5148215889930725 4136
36950 10000 0.5869140625 0.5106182098388672 4725
36960 10000 0.5458984375 0.5055840015411377 9082
36970 10000 0.603515625 0.5004980564117432 5420
36980 10000 0.5751953125 0.4977593421936035 6002
36990 10000 0.5400390625 0.4953653812408447 8139
37000 10000 0.5556640625 0.4931309223175049 4583
37010 10000 0.564453125 0.4908353090286255 1944
37020 10000 0.5810546875 0.48675718903541565 4295
37030 10000 0.552734375 0.4831627607345581 2660
37040 10000 0.5771484375 0.4782421588897705 785
37050 10000 0.5537109375 0.47521519660949707 1069
37060 10000 0.5419921875 0.47173476219177246 3174
37070 10000 0.5791015625 0.4700412154197693 9511
37080 10000 0.56640625 0.467618465423584 5261
37090 10000 0.5732421875 0.4647667407989502 697
37100 10000 0.5771484375 0.4614865779876709 9134
37110 10000 0.5615234375 0.4587995409965515 9245
37120 10000 0.5419921875 0.45603740215301514 2848
37130 10000 0.560546875 0.452175110578537 2408
37140 10000 0.5498046875 0.4484288692474365 508
37150 10000 0.564453125 0.4445444941520691 1527
37160 10000 0.5732421875 0.44100236892700195 4274
37170 10000 0.5771484375 0.439153790473938 8176
37180 10000 0.5830078125 0.4348400831222534 6126
37190 10000 0.564453125 0.43102097511291504 360
37200 10000 0.5712890625 0.42502856254577637 1695
37210 10000 0.560546875 0.4222884178161621 3158
37220 10000 0.5517578125 0.4191666841506958 8170
37230 10000 0.546875 0.41592586040496826 7577
37240 10000 0.5830078125 0.4135240316390991 6345
37250 10000 0.572265625 0.41180455684661865 7628
37260 10000 0.53125 0.4068589210510254 8805
37270 10000 0.576171875 0.40230345726013184 4419
37280 10000 0.521484375 0.3999958634376526 4009
37290 10000 0.5751953125 0.3953818380832672 749
37300 10000 0.5654296875 0.3907696008682251 6976
37310 10000 0.5439453125 0.3850210905075073 3300
37320 10000 0.59375 0.38227379322052 8309
37330 10000 0.5537109375 0.3768092393875122 9865
37340 10000 0.5361328125 0.37416672706604004 4940
37350 10000 0.546875 0.37135183811187744 7099
37360 10000 0.5234375 0.3645334839820862 59
37370 10000 0.5380859375 0.36007457971572876 7008
37380 10000 0.53125 0.3578925132751465 8929
37390 10000 0.5615234375 0.3556317687034607 6643
37400 10000 0.5634765625 0.3530333340167999 3996
37410 10000 0.556640625 0.35087692737579346 6276
37420 10000 0.5888671875 0.3447225093841553 2477
37430 10000 0.5751953125 0.34019047021865845 1498
37440 10000 0.55859375 0.33645451068878174 8843
37450 10000 0.5517578125 0.33353590965270996 3822
37460 10000 0.5361328125 0.32884687185287476 4301
37470 10000 0.5703125 0.3252371549606323 5584
37480 10000 0.57421875 0.3206055164337158 9493
37490 10000 0.5458984375 0.31617093086242676 6677
37500 10000 0.58984375 0.3136575222015381 1804
37510 10000 0.54296875 0.310979962348938 8208
37520 10000 0.5478515625 0.30684202909469604 1700
37530 10000 0.5751953125 0.30479997396469116 6224
37540 10000 0.5537109375 0.301965594291687 4260
37550 10000 0.5205078125 0.2986920475959778 5793
37560 10000 0.5625 0.2954474687576294 8048
37570 10000 0.5517578125 0.2918311357498169 760
37580 10000 0.5556640625 0.2906087636947632 2504
37590 10000 0.537109375 0.28862249851226807 1068
37600 10000 0.5595703125 0.2865838408470154 3107
37610 10000 0.576171875 0.28372639417648315 4909
37620 10000 0.578125 0.28119295835494995 8982
37630 10000 0.568359375 0.2771512269973755 2133
37640 10000 0.5361328125 0.27537837624549866 4353
37650 10000 0.5419921875 0.27237796783447266 4002
37660 10000 0.5859375 0.26830118894577026 6827
37670 10000 0.5859375 0.26497435569763184 1432
37680 10000 0.568359375 0.2630503177642822 9866
37690 10000 0.5458984375 0.2601812481880188 6278
37700 10000 0.556640625 0.2563669681549072 436
37710 10000 0.5458984375 0.25374269485473633 5638
37720 10000 0.544921875 0.25018009543418884 1441
37730 10000 0.55859375 0.2452772855758667 1505
37740 10000 0.5537109375 0.24096179008483887 2222
37750 10000 0.548828125 0.2390172779560089 6636
37760 10000 0.525390625 0.23333287239074707 5998
37770 10000 0.5576171875 0.23148393630981445 7152
37780 10000 0.5625 0.22798240184783936 1192
37790 10000 0.55078125 0.2249969244003296 6247
37800 10000 0.548828125 0.2216675877571106 1417
37810 10000 0.5498046875 0.2192782759666443 8366
37820 10000 0.5517578125 0.2167818546295166 5524
37830 10000 0.5478515625 0.21334540843963623 8229
37840 10000 0.5537109375 0.2100226879119873 0
37850 10000 0.5458984375 0.20695942640304565 4573
37860 10000 0.5546875 0.20506954193115234 5507
37870 10000 0.5439453125 0.20218026638031006 5786
37880 10000 0.541015625 0.19929063320159912 2118
37890 10000 0.54296875 0.19569897651672363 3478
37900 10000 0.537109375 0.194067120552063 1682
37910 10000 0.546875 0.18959569931030273 4323
37920 10000 0.548828125 0.1859908103942871 9724
37930 10000 0.51953125 0.18469691276550293 1518
37940 10000 0.544921875 0.18042755126953125 3624
37950 10000 0.5634765625 0.17366838455200195 7802
37960 10000 0.5244140625 0.16977033019065857 5223
37970 10000 0.515625 0.1672600507736206 7219
37980 10000 0.525390625 0.1643582582473755 8076
37990 10000 0.556640625 0.162489652633667 126
38000 10000 0.53515625 0.15891516208648682 3510
38010 10000 0.5322265625 0.1566692590713501 4213
38020 10000 0.51953125 0.15423524379730225 1682
38030 10000 0.544921875 0.15154999494552612 5436
38040 10000 0.544921875 0.14876031875610352 8077
38050 10000 0.53125 0.14607954025268555 3770
38060 10000 0.5263671875 0.14281582832336426 6674
38070 10000 0.5537109375 0.14079120755195618 4842
38080 10000 0.5322265625 0.1348332166671753 9100
38090 10000 0.5654296875 0.13296139240264893 2987
38100 10000 0.5126953125 0.12872600555419922 59
38110 10000 0.5419921875 0.126209557056427 1886
38120 10000 0.5625 0.12444430589675903 6589
38130 10000 0.55078125 0.12015438079833984 6849
38140 10000 0.548828125 0.11700153350830078 7215
38150 10000 0.529296875 0.11157166957855225 2509
38160 10000 0.5224609375 0.10754513740539551 1625
38170 10000 0.533203125 0.10342347621917725 5166
38180 10000 0.5478515625 0.1010516881942749 8466
38190 10000 0.5439453125 0.09838485717773438 2197
38200 10000 0.5654296875 0.09686279296875 8899
38210 10000 0.521484375 0.09472274780273438 7626
38220 10000 0.5439453125 0.09147834777832031 4451
38230 10000 0.5205078125 0.08869028091430664 8080
38240 10000 0.54296875 0.08494466543197632 8116
38250 10000 0.5205078125 0.08140289783477783 4556
38260 10000 0.5751953125 0.07981753349304199 1341
38270 10000 0.5205078125 0.077033132314682 7317
38280 10000 0.5498046875 0.07430273294448853 6775
38290 10000 0.5537109375 0.07247042655944824 5139
38300 10000 0.5146484375 0.06922101974487305 8804
38310 10000 0.5439453125 0.06489479541778564 2108
38320 10000 0.5478515625 0.06135714054107666 1124
38330 10000 0.5380859375 0.05930596590042114 3704
38340 10000 0.5556640625 0.0549159049987793 7002
38350 10000 0.75390625 0.05149054527282715 9152
38360 10000 0.7451171875 0.04737049341201782 7625
38370 10000 0.763671875 0.04348468780517578 9693
38380 10000 0.7734375 0.03959566354751587 1766
38390 10000 0.7763671875 0.03638291358947754 8325
38400 10000 0.7685546875 0.033926546573638916 514
38410 10000 0.759765625 0.0310746431350708 1825
38420 10000 0.7529296875 0.027834177017211914 5737
38430 10000 0.7890625 0.023741483688354492 3929
38440 10000 0.7646484375 0.0210113525390625 5188
38450 10000 0.7568359375 0.017181873321533203 8544
38460 10000 0.7421875 0.014127731323242188 8892
38470 10000 0.7626953125 0.011864662170410156 432
38480 10000 0.7685546875 0.009054243564605713 214
38490 10000 0.751953125 0.006198406219482422 5191
38500 10000 0.7548828125 0.004736781120300293 7695
38510 10000 0.7548828125 0.0027379989624023438 997
38520 10000 0.7353515625 -0.00018310546875 6875
38530 10000 0.765625 -0.0021595358848571777 8058
38540 10000 0.7578125 -0.005196690559387207 6914
38550 10000 0.755859375 -0.010532498359680176 3894
38560 10000 0.7587890625 -0.01321256160736084 941
38570 10000 0.7529296875 -0.019052624702453613 5977
38580 10000 0.76953125 -0.021631836891174316 7868
38590 10000 0.76171875 -0.02398824691772461 275
38600 10000 0.7607421875 -0.027521610260009766 9597
38610 10000 0.7626953125 -0.030476689338684082 6401
38620 10000 0.7412109375 -0.0347592830657959 7473
38630 10000 0.79296875 -0.038560688495635986 4408
38640 10000 0.7685546875 -0.041525691747665405 8661
38650 10000 0.75 -0.043978214263916016 908
38660 10000 0.787109375 -0.04603099822998047 5735
38670 10000 0.755859375 -0.0485345721244812 3018
38680 10000 0.771484375 -0.05088400840759277 5120
38690 10000 0.77734375 -0.05502605438232422 2507
38700 10000 0.76953125 -0.057060956954956055 1241
38710 10000 0.7666015625 -0.06061139702796936 1720
38720 10000 0.7763671875 -0.06489801406860352 5580
38730 10000 0.7626953125 -0.06868278980255127 1737
38740 10000 0.7587890625 -0.07059672474861145 302
38750 10000 0.7470703125 -0.07477408647537231 2005
38760 10000 0.7724609375 -0.07911407947540283 8997
38770 10000 0.7451171875 -0.08064901828765869 486
38780 10000 0.7421875 -0.08420401811599731 8650
38790 10000 0.7763671875 -0.0886613130569458 6857
38800 10000 0.7705078125 -0.0907471776008606 150
38810 10000 0.7783203125 -0.09346657991409302 3405
38820 10000 0.75 -0.09579169750213623 725
38830 10000 0.7333984375 -0.09955573081970215 8404
38840 10000 0.73828125 -0.10235309600830078 4194
38850 10000 0.7421875 -0.10576915740966797 8673
38860 10000 0.7421875 -0.10869491100311279 8284
38870 10000 0.76171875 -0.11178141832351685 217
38880 10000 0.7626953125 -0.11519980430603027 9247
38890 10000 0.7578125 -0.11874747276306152 8041
38900 10000 0.7431640625 -0.1208420991897583 9861
38910 10000 0.75390625 -0.12333333492279053 8424
38920 10000 0.7373046875 -0.12611961364746094 19
38930 10000 0.7939453125 -0.1288154125213623 2385
38940 10000 0.7685546875 -0.1318981647491455 2944
38950 10000 0.7578125 -0.13687491416931152 181
38960 10000 0.7529296875 -0.13973450660705566 189
38970 10000 0.728515625 -0.14351534843444824 4369
38980 10000 0.7626953125 -0.14827394485473633 4338
38990 10000 0.7431640625 -0.15125048160552979 8742
39000 10000 0.7841796875 -0.15568149089813232 7495
39010 10000 0.7421875 -0.157795250415802 2731
39020 10000 0.74609375 -0.160325288772583 3871
39030 10000 0.7421875 -0.16254544258117676 940
39040 10000 0.7353515625 -0.16610026359558105 4889
39050 10000 0.7509765625 -0.16894662380218506 5088
39060 10000 0.7333984375 -0.17171251773834229 8234
39070 10000 0.736328125 -0.1754307746887207 4567
39080 10000 0.7490234375 -0.18062782287597656 6419
39090 10000 0.7587890625 -0.18431317806243896 6457
39100 10000 0.728515625 -0.18672966957092285 3037
39110 10000 0.7412109375 -0.1894826889038086 3034
39120 10000 0.75390625 -0.19305968284606934 3510
39130 10000 0.7509765625 -0.19557568430900574 7353
39140 10000 0.763671875 -0.19804787635803223 3239
39150 10000 0.736328125 -0.2015894651412964 4864
39160 10000 0.7587890625 -0.20556950569152832 9604
39170 10000 0.7451171875 -0.20827960968017578 1842
39180 10000 0.7451171875 -0.2118329107761383 9651
39190 10000 0.7216796875 -0.21401068568229675 4938
39200 10000 0.7568359375 -0.21803265810012817 5093
39210 10000 0.7578125 -0.21973764896392822 4295
39220 10000 0.736328125 -0.22127759456634521 7508
39230 10000 0.763671875 -0.2241368293762207 1268
39240 10000 0.7412109375 -0.22545361518859863 8145
39250 10000 0.7490234375 -0.22770103812217712 3431
39260 10000 0.7587890625 -0.2318592667579651 8160
39270 10000 0.7294921875 -0.23461997509002686 9654
39280 10000 0.763671875 -0.23624718189239502 8141
39290 10000 0.7705078125 -0.23865294456481934 9781
39300 10000 0.74609375 -0.24203109741210938 2531
39310 10000 0.7451171875 -0.2476186752319336 3482
39320 10000 0.7529296875 -0.25126808881759644 3778
39330 10000 0.7470703125 -0.25277066230773926 7334
39340 10000 0.75390625 -0.2538396120071411 3639
39350 10000 0.7275390625 -0.2571587562561035 1194
39360 10000 0.7744140625 -0.2597944736480713 2969
39370 10000 0.7626953125 -0.2621276378631592 3966
39380 10000 0.7392578125 -0.26492562890052795 6011
39390 10000 0.755859375 -0.2696288824081421 3203
39400 10000 0.7451171875 -0.27311933040618896 2885
39410 10000 0.75 -0.27579259872436523 3819
39420 10000 0.732421875 -0.2790378928184509 896
39430 10000 0.736328125 -0.282498836517334 2895
39440 10000 0.76171875 -0.2851370573043823 1953
39450 10000 0.7431640625 -0.28762972354888916 1789
39460 10000 0.748046875 -0.28980839252471924 6164
39470 10000 0.7626953125 -0.2921651601791382 7865
39480 10000 0.7509765625 -0.29426658153533936 4839
39490 10000 0.744140625 -0.29761800169944763 9442
39500 10000 0.75390625 -0.2985520362854004 6937
39510 10000 0.7470703125 -0.3004058003425598 8617
39520 10000 0.7548828125 -0.3033177852630615 291
39530 10000 0.74609375 -0.3053741455078125 7224
39540 10000 0.7451171875 -0.3089924454689026 8816
39550 10000 0.7431640625 -0.31228405237197876 3966
39560 10000 0.744140625 -0.31466424465179443 106
39570 10000 0.73046875 -0.3157675266265869 5121
39580 10000 0.74609375 -0.3172420263290405 7068
39590 10000 0.7568359375 -0.31958699226379395 3919
39600 10000 0.7412109375 -0.321567177772522 5121
39610 10000 0.7265625 -0.32357069849967957 3585
39620 10000 0.7275390625 -0.3279991149902344 4612
39630 10000 0.7392578125 -0.3309105634689331 4722
39640 10000 0.736328125 -0.3323577046394348 3423
39650 10000 0.7587890625 -0.33482372760772705 966
39660 10000 0.763671875 -0.3362617492675781 1392
39670 10000 0.7177734375 -0.34110331535339355 5765
39680 10000 0.7373046875 -0.34332168102264404 8951
39690 10000 0.7626953125 -0.3463202118873596 7494
39700 10000 0.748046875 -0.35111188888549805 571
39710 10000 0.7412109375 -0.35309484601020813 5428
39720 10000 0.7353515625 -0.35522210597991943 4395
39730 10000 0.7333984375 -0.3589904308319092 9120
39740 10000 0.7333984375 -0.36250296235084534 1957
39750 10000 0.7412109375 -0.36423343420028687 9080
39760 10000 0.7197265625 -0.3686053454875946 8103
39770 10000 0.740234375 -0.3713489770889282 1128
39780 10000 0.736328125 -0.3748880624771118 3198
39790 10000 0.7373046875 -0.37877708673477173 6920
39800 10000 0.765625 -0.3815837502479553 1313
39810 10000 0.732421875 -0.382490873336792 9027
39820 10000 0.740234375 -0.3850640058517456 6496
39830 10000 0.7265625 -0.3881599009037018 3681
39840 10000 0.732421875 -0.391462504863739 948
39850 10000 0.7314453125 -0.3953958749771118 5577
39860 10000 0.7373046875 -0.39749765396118164 2999
39870 10000 0.7373046875 -0.4002038240432739 9401
39880 10000 0.7412109375 -0.402690052986145 3784
39890 10000 0.7470703125 -0.40529143810272217 3918
39900 10000 0.75 -0.4086484909057617 5032
39910 10000 0.7529296875 -0.4121518135070801 1066
39920 10000 0.740234375 -0.41524672508239746 4554
39930 10000 0.7578125 -0.41663360595703125 3933
39940 10000 0.7451171875 -0.4188353419303894 5914
39950 10000 0.7529296875 -0.4218785762786865 44
39960 10000 0.7568359375 -0.4249400496482849 1292
39970 10000 0.728515625 -0.42774349451065063 6201
39980 10000 0.734375 -0.4326038360595703 8225
39990 10000 0.7529296875 -0.4346548318862915 2947
40000 10000 0.75390625 -0.4365198612213135 5090
40010 10000 0.75 -0.43847429752349854 4316
40020 10000 0.755859375 -0.43999341130256653 326
40030 10000 0.7412109375 -0.4409959316253662 5582
40040 10000 0.73046875 -0.44253623485565186 7809
40050 10000 0.73046875 -0.44656527042388916 98
40060 10000 0.7197265625 -0.4492431879043579 3390
40070 10000 0.72265625 -0.45103204250335693 4973
40080 10000 0.7119140625 -0.4547703266143799 2534
40090 10000 0.73828125 -0.45914143323898315 7331
40100 10000 0.7353515625 -0.46165966987609863 7699
40110 10000 0.75 -0.4648336172103882 8344
40120 10000 0.7333984375 -0.46700048446655273 4215
40130 10000 0.7353515625 -0.4701329469680786 3288
40140 10000 0.7626953125 -0.4733552634716034 2167
40150 10000 0.744140625 -0.4764937162399292 9184
40160 10000 0.7490234375 -0.48064738512039185 9831
40170 10000 0.724609375 -0.4822300672531128 5216
40180 10000 0.7470703125 -0.4845409691333771 799
40190 10000 0.7265625 -0.4867672920227051 9540
40200 10000 0.7255859375 -0.49090468883514404 1153
40210 10000 0.7568359375 -0.4936058521270752 4169
40220 10000 0.7197265625 -0.4954376220703125 6923
40230 10000 0.751953125 -0.4976941645145416 5608
40240 10000 0.720703125 -0.5000020265579224 8928
40250 10000 0.7548828125 -0.5028437376022339 168
40260 10000 0.734375 -0.5070925354957581 521
40270 10000 0.7431640625 -0.5108292102813721 3790
40280 10000 0.73046875 -0.514443039894104 2327
40290 10000 0.732421875 -0.5163441896438599 8508
40300 10000 0.7353515625 -0.5195306539535522 239
40310 10000 0.712890625 -0.5222813487052917 936
40320 10000 0.759765625 -0.526212215423584 1573
40330 10000 0.732421875 -0.528876543045044 6914
40340 10000 0.7353515625 -0.5310748815536499 6638
40350 10000 0.7373046875 -0.5326382517814636 4952
40360 10000 0.7197265625 -0.5374141931533813 5148
40370 10000 0.740234375 -0.5418367981910706 9329
40380 10000 0.7158203125 -0.5456539392471313 3222
40390 10000 0.7490234375 -0.5473805665969849 3188
40400 10000 0.712890625 -0.548758327960968 8054
40410 10000 0.7412109375 -0.5521745681762695 9002
40420 10000 0.720703125 -0.5539354085922241 3633
40430 10000 0.724609375 -0.5563210248947144 7586
40440 10000 0.72265625 -0.5601308941841125 2283
40450 10000 0.7412109375 -0.5620036125183105 2735
40460 10000 0.72265625 -0.5636060237884521 8849
40470 10000 0.75 -0.5660828948020935 3264
40480 10000 0.7333984375 -0.569600522518158 4924
40490 10000 0.7412109375 -0.5715315341949463 6646
40500 10000 0.720703125 -0.5749935507774353 7563
40510 10000 0.73828125 -0.5770987272262573 9167
40520 10000 0.74609375 -0.5795059204101562 6838
40530 10000 0.7021484375 -0.5818698406219482 3572
40540 10000 0.748046875 -0.5837981700897217 5040
40550 10000 0.740234375 -0.5860663652420044 640
40560 10000 0.7138671875 -0.5886674523353577 4292
40570 10000 0.7373046875 -0.5905698537826538 8752
40580 10000 0.7158203125 -0.5926731824874878 9046
40590 10000 0.748046875 -0.5956451892852783 8486
40600 10000 0.7431640625 -0.5984154939651489 7363
40610 10000 0.7333984375 -0.6003298759460449 9161
40620 10000 0.7333984375 -0.6052451133728027 6679
40630 10000 0.72265625 -0.6074908971786499 5091
40640 10000 0.7490234375 -0.610863447189331 7771
40650 10000 0.7431640625 -0.6132248640060425 9920
40660 10000 0.732421875 -0.6151682138442993 3935
40670 10000 0.716796875 -0.6172716617584229 2830
40680 10000 0.734375 -0.6209261417388916 9115
40690 10000 0.720703125 -0.6243009567260742 6544
40700 10000 0.703125 -0.6267707347869873 5231
40710 10000 0.724609375 -0.6300605535507202 2043
40720 10000 0.716796875 -0.6316952705383301 735
40730 10000 0.703125 -0.6331915855407715 7277
40740 10000 0.71484375 -0.635285496711731 5799
40750 10000 0.7412109375 -0.6377179026603699 9404
40760 10000 0.7294921875 -0.6391966938972473 1301
40770 10000 0.7265625 -0.6418554782867432 18
40780 10000 0.7314453125 -0.6435688734054565 7591
40790 10000 0.7509765625 -0.6458219289779663 7796
40800 10000 0.736328125 -0.6478482484817505 2966
40810 10000 0.7314453125 -0.6505760550498962 1533
40820 10000 0.7275390625 -0.6546192169189453 8515
40830 10000 0.6904296875 -0.6564781665802002 3216
40840 10000 0.7138671875 -0.6580839157104492 1132
40850 10000 0.7470703125 -0.6603587865829468 3867
40860 10000 0.6796875 -0.6632112264633179 5043
40870 10000 0.7373046875 -0.6665351986885071 3573
40880 10000 0.7490234375 -0.6685259342193604 997
40890 10000 0.7177734375 -0.6718477606773376 5724
40900 10000 0.7548828125 -0.6743252277374268 4889
40910 10000 0.716796875 -0.6762052774429321 125
40920 10000 0.716796875 -0.6791920065879822 4749
40930 10000 0.7392578125 -0.6817983388900757 9610
40940 10000 0.736328125 -0.6859077215194702 5880
40950 10000 0.7294921875 -0.6894711256027222 2607
40960 10000 0.705078125 -0.6917127370834351 7767
40970 10000 0.7216796875 -0.693936288356781 4493
40980 10000 0.724609375 -0.6969057321548462 8450
40990 10000 0.7255859375 -0.7012238502502441 485
41000 10000 0.720703125 -0.7056645154953003 3911
41010 10000 0.7275390625 -0.7093187570571899 4653
41020 10000 0.701171875 -0.7119684219360352 4109
41030 10000 0.734375 -0.7140347957611084 4036
41040 10000 0.7314453125 -0.7177948951721191 6690
41050 10000 0.7353515625 -0.7198015451431274 7456
41060 10000 0.759765625 -0.7218843698501587 3538
41070 10000 0.71484375 -0.7249417304992676 5877
41080 10000 0.7392578125 -0.7265686988830566 3562
41090 10000 0.71875 -0.7296220064163208 692
41100 10000 0.7099609375 -0.7316068410873413 5524
41110 10000 0.7421875 -0.7335754036903381 9873
41120 10000 0.734375 -0.7356042265892029 2949
41130 10000 0.75 -0.7374504804611206 6080
41140 10000 0.7265625 -0.7395837306976318 937
41150 10000 0.693359375 -0.7431768178939819 2471
41160 10000 0.7392578125 -0.7449488639831543 4895
41170 10000 0.736328125 -0.7488927841186523 2368
41180 10000 0.70703125 -0.7508995532989502 538
41190 10000 0.7490234375 -0.7549788951873779 3284
41200 10000 0.7021484375 -0.756636381149292 2018
41210 10000 0.7265625 -0.7590093612670898 1474
41220 10000 0.712890625 -0.7609752416610718 1404
41230 10000 0.728515625 -0.7639168500900269 7182
41240 10000 0.7490234375 -0.7663021087646484 5572
41250 10000 0.697265625 -0.7676389217376709 4531
41260 10000 0.7119140625 -0.7705638408660889 9661
41270 10000 0.7197265625 -0.7724822759628296 6566
41280 10000 0.7138671875 -0.7750450372695923 1953
41290 10000 0.7099609375 -0.7775752544403076 9452
41300 10000 0.7353515625 -0.7786562442779541 9920
41310 10000 0.7265625 -0.7819501161575317 3203
41320 10000 0.7275390625 -0.7846544981002808 3624
41330 10000 0.724609375 -0.7872871160507202 4936
41340 10000 0.7060546875 -0.7909913063049316 3392
41350 10000 0.73046875 -0.7945338487625122 8032
41360 10000 0.7216796875 -0.7960572838783264 2153
41370 10000 0.7109375 -0.7990656495094299 8831
41380 10000 0.7353515625 -0.8006924986839294 9635
41390 10000 0.7275390625 -0.8024797439575195 4169
41400 10000 0.7431640625 -0.8050339221954346 6573
41410 10000 0.72265625 -0.8076308369636536 5703
41420 10000 0.734375 -0.8086373805999756 90
41430 10000 0.716796875 -0.8114848136901855 2320
41440 10000 0.73828125 -0.8150882720947266 7628
41450 10000 0.7099609375 -0.8174139261245728 4933
41460 10000 0.734375 -0.8195738196372986 1635
41470 10000 0.7421875 -0.8228151798248291 4793
41480 10000 0.7333984375 -0.8245285749435425 6775
41490 10000 0.7421875 -0.8261926174163818 5346
41500 10000 0.7314453125 -0.8273686766624451 7203
41510 10000 0.724609375 -0.8292851448059082 7554
41520 10000 0.701171875 -0.832497239112854 8058
41530 10000 0.724609375 -0.834652304649353 3154
41540 10000 0.7158203125 -0.8366614580154419 186
41550 10000 0.70703125 -0.8389935493469238 9673
41560 10000 0.7236328125 -0.8410279154777527 2344
41570 10000 0.7216796875 -0.8434270620346069 2080
41580 10000 0.7138671875 -0.8457707166671753 2183
41590 10000 0.7177734375 -0.8502850532531738 6385
41600 10000 0.701171875 -0.8529081344604492 8831
41610 10000 0.7177734375 -0.8562217950820923 6045
41620 10000 0.7373046875 -0.8583521246910095 5109
41630 10000 0.71484375 -0.8599663972854614 2774
41640 10000 0.720703125 -0.8634059429168701 9636
41650 10000 0.7333984375 -0.8666026592254639 8662
41660 10000 0.7099609375 -0.8706754446029663 61
41670 10000 0.7041015625 -0.8734472393989563 6034
41680 10000 0.7080078125 -0.8751935958862305 3092
41690 10000 0.7119140625 -0.878129243850708 2817
41700 10000 0.7109375 -0.8804165124893188 4941
41710 10000 0.7197265625 -0.8832681179046631 4624
41720 10000 0.7236328125 -0.8867150545120239 520
41730 10000 0.7275390625 -0.8887685537338257 1603
41740 10000 0.716796875 -0.8920580148696899 4575
41750 10000 0.7109375 -0.8943544626235962 3633
41760 10000 0.7060546875 -0.8962565660476685 9427
41770 10000 0.6943359375 -0.8989090919494629 3841
41780 10000 0.70703125 -0.9015383720397949 8334
41790 10000 0.7138671875 -0.9049054384231567 4265
41800 10000 0.697265625 -0.9080550670623779 2805
41810 10000 0.724609375 -0.9112354516983032 2392
41820 10000 0.728515625 -0.9143232107162476 6242
41830 10000 0.69140625 -0.9181101322174072 3935
41840 10000 0.7119140625 -0.9213863611221313 7265
41850 10000 0.728515625 -0.9231660962104797 928
41860 10000 0.7109375 -0.9244658946990967 2021
41870 10000 0.705078125 -0.9274608492851257 9599
41880 10000 0.7099609375 -0.9319757223129272 4898
41890 10000 0.703125 -0.9342711567878723 9026
41900 10000 0.7177734375 -0.9370976686477661 9776
41910 10000 0.7041015625 -0.9382896423339844 9067
41920 10000 0.71484375 -0.940396785736084 7429
41930 10000 0.7216796875 -0.9425541758537292 9186
41940 10000 0.7099609375 -0.9443539381027222 6926
41950 10000 0.689453125 -0.9458017349243164 1728
41960 10000 0.7109375 -0.947821855545044 7872
41970 10000 0.7314453125 -0.9488409161567688 9414
41980 10000 0.7197265625 -0.9509759545326233 4560
41990 10000 0.701171875 -0.9528297185897827 9540
42000 10000 0.701171875 -0.9552969932556152 2844
42010 10000 0.689453125 -0.9579867124557495 9313
42020 10000 0.73046875 -0.9602533578872681 2321
42030 10000 0.701171875 -0.9623547792434692 4818
42040 10000 0.7197265625 -0.9658598899841309 6531
42050 10000 0.72265625 -0.9689828753471375 5455
42060 10000 0.703125 -0.9715282917022705 5265
42070 10000 0.7197265625 -0.9732849597930908 9535
42080 10000 0.7333984375 -0.9751067161560059 6729
42090 10000 0.6943359375 -0.9779226779937744 4318
42100 10000 0.71484375 -0.9807904958724976 3945
42110 10000 0.705078125 -0.9838621616363525 9231
42120 10000 0.701171875 -0.9867337346076965 8488
42130 10000 0.689453125 -0.9890797138214111 8175
42140 10000 0.7041015625 -0.9909924268722534 6554
42150 10000 0.703125 -0.9922624826431274 7303
42160 10000 0.697265625 -0.9946662187576294 664
42170 10000 0.705078125 -0.9964592456817627 8980
42180 10000 0.69921875 -0.9988240599632263 6750
42190 10000 0.7177734375 -1.000796914100647 5666
42200 10000 0.71875 -1.0023257732391357 2726
42210 10000 0.6806640625 -1.0053949356079102 8338
42220 10000 0.703125 -1.007215976715088 9462
42230 10000 0.6943359375 -1.0092382431030273 4881
42240 10000 0.701171875 -1.011885404586792 251
42250 10000 0.7060546875 -1.0133992433547974 7778
42260 10000 0.716796875 -1.0175621509552002 3907
42270 10000 0.732421875 -1.0196541547775269 2877
42280 10000 0.7138671875 -1.0229251384735107 2481
42290 10000 0.70703125 -1.0248641967773438 1198
42300 10000 0.7265625 -1.0271563529968262 790
42310 10000 0.6884765625 -1.0299679040908813 2994
42320 10000 0.71484375 -1.0315825939178467 7972
42330 10000 0.6865234375 -1.0335078239440918 2791
42340 10000 0.7275390625 -1.0355212688446045 5178
42350 10000 0.724609375 -1.0369983911514282 834
42360 10000 0.7109375 -1.0381298065185547 8963
42370 10000 0.703125 -1.0395716428756714 8854
42380 10000 0.7080078125 -1.0424402952194214 6838
42390 10000 0.7041015625 -1.0462435483932495 1354
42400 10000 0.712890625 -1.048842191696167 3571
42410 10000 0.6865234375 -1.0503487586975098 2998
42420 10000 0.69140625 -1.0525176525115967 7222
42430 10000 0.7099609375 -1.054442286491394 8344
42440 10000 0.724609375 -1.0565581321716309 8297
42450 10000 0.7216796875 -1.0587584972381592 1675
42460 10000 0.6943359375 -1.0613666772842407 948
42470 10000 0.736328125 -1.0632827281951904 3763
42480 10000 0.7080078125 -1.0649323463439941 2254
42490 10000 0.71484375 -1.0664784908294678 632
42500 10000 0.7138671875 -1.0690171718597412 5645
42510 10000 0.7333984375 -1.0711687803268433 7231
42520 10000 0.7041015625 -1.0731042623519897 3680
42530 10000 0.6904296875 -1.0743924379348755 8311
42540 10000 0.70703125 -1.0764423608779907 4468
42550 10000 0.693359375 -1.0780558586120605 8339
42560 10000 0.701171875 -1.0796806812286377 8969
42570 10000 0.712890625 -1.0813231468200684 7188
42580 10000 0.70703125 -1.0840821266174316 6982
42590 10000 0.728515625 -1.085486650466919 894
42600 10000 0.69921875 -1.0870360136032104 7245
42610 10000 0.72265625 -1.0895204544067383 2118
42620 10000 0.7197265625 -1.091156244277954 4388
42630 10000 0.732421875 -1.093073844909668 2627
42640 10000 0.7041015625 -1.0967917442321777 3741
42650 10000 0.693359375 -1.1005256175994873 2452
42660 10000 0.6923828125 -1.1031200885772705 8562
42670 10000 0.6884765625 -1.106641411781311 4253
42680 10000 0.6904296875 -1.1084723472595215 1535
42690 10000 0.6884765625 -1.1115188598632812 4972
42700 10000 0.701171875 -1.1129053831100464 5391
42710 10000 0.6845703125 -1.1145097017288208 3606
42720 10000 0.7158203125 -1.1167638301849365 8587
42730 10000 0.7119140625 -1.1193612813949585 2230
42740 10000 0.67578125 -1.1224286556243896 4040
42750 10000 0.6806640625 -1.1246118545532227 4669
42760 10000 0.701171875 -1.1267756223678589 3578
42770 10000 0.73046875 -1.1305181980133057 6371
42780 10000 0.7041015625 -1.1344996690750122 8600
42790 10000 0.689453125 -1.1365203857421875 9066
42800 10000 0.693359375 -1.1388165950775146 4275
42810 10000 0.6865234375 -1.1424546241760254 6345
42820 10000 0.69921875 -1.1439260244369507 6954
42830 10000 0.712890625 -1.1457929611206055 8190
42840 10000 0.7080078125 -1.1472172737121582 10
42850 10000 0.701171875 -1.1494193077087402 888
42860 10000 0.7041015625 -1.1524684429168701 7696
42870 10000 0.693359375 -1.1542694568634033 5862
42880 10000 0.7158203125 -1.156677484512329 8981
42890 10000 0.6982421875 -1.159226417541504 8843
42900 10000 0.7109375 -1.1607856750488281 4878
42910 10000 0.693359375 -1.1638524532318115 3845
42920 10000 0.697265625 -1.165084719657898 2467
42930 10000 0.71484375 -1.1664851903915405 7016
42940 10000 0.708984375 -1.1686146259307861 6686
42950 10000 0.70703125 -1.1706883907318115 7068
42960 10000 0.697265625 -1.1720733642578125 4031
42970 10000 0.72265625 -1.1740610599517822 948
42980 10000 0.6591796875 -1.176694393157959 1286
42990 10000 0.712890625 -1.178520917892456 6036
43000 10000 0.6728515625 -1.1806089878082275 9388
43010 10000 0.7294921875 -1.1822311878204346 8821
43020 10000 0.6953125 -1.183860182762146 7120
43030 10000 0.7119140625 -1.1856482028961182 4327
43040 10000 0.6953125 -1.186765193939209 4846
43050 10000 0.7080078125 -1.1878927946090698 1511
43060 10000 0.6669921875 -1.1912540197372437 6421
43070 10000 0.671875 -1.1937568187713623 7323
43080 10000 0.708984375 -1.195617914199829 1989
43090 10000 0.6845703125 -1.1979711055755615 4209
43100 10000 0.6943359375 -1.1994519233703613 1979
43110 10000 0.7109375 -1.2011164426803589 3319
43120 10000 0.7001953125 -1.2039415836334229 5896
43130 10000 0.6875 -1.206885814666748 730
43140 10000 0.693359375 -1.2098040580749512 8330
43150 10000 0.6943359375 -1.212174892425537 4176
43160 10000 0.7001953125 -1.214108943939209 4414
43170 10000 0.693359375 -1.2166025638580322 6382
43180 10000 0.7099609375 -1.2199628353118896 2580
43190 10000 0.6826171875 -1.2223080396652222 3873
43200 10000 0.69140625 -1.2245203256607056 8662
43210 10000 0.6884765625 -1.2260874509811401 4036
43220 10000 0.693359375 -1.2284393310546875 2085
43230 10000 0.677734375 -1.2303807735443115 7176
43240 10000 0.6748046875 -1.2322171926498413 567
43250 10000 0.724609375 -1.2348082065582275 3677
43260 10000 0.7021484375 -1.237045168876648 4875
43270 10000 0.703125 -1.2381370067596436 5799
43280 10000 0.6767578125 -1.2399905920028687 1636
43290 10000 0.705078125 -1.2420709133148193 8904
43300 10000 0.6943359375 -1.2435340881347656 5358
43310 10000 0.6748046875 -1.2448911666870117 520
43320 10000 0.720703125 -1.2463405132293701 159
43330 10000 0.6787109375 -1.2482032775878906 7239
43340 10000 0.6884765625 -1.2500978708267212 8918
43350 10000 0.6865234375 -1.2520122528076172 807
43360 10000 0.6923828125 -1.255023717880249 725
43370 10000 0.689453125 -1.2561864852905273 8425
43380 10000 0.6884765625 -1.258440613746643 4655
43390 10000 0.681640625 -1.260292887687683 7051
43400 10000 0.6875 -1.2620599269866943 1253
43410 10000 0.6787109375 -1.2639682292938232 7448
43420 10000 0.693359375 -1.2677597999572754 7645
43430 10000 0.67578125 -1.2695828676223755 8782
43440 10000 0.6826171875 -1.271826982498169 6351
43450 10000 0.7109375 -1.2731716632843018 9565
43460 10000 0.6767578125 -1.2756582498550415 9168
43470 10000 0.685546875 -1.2776938676834106 6269
43480 10000 0.68359375 -1.2788325548171997 606
43490 10000 0.6640625 -1.2806754112243652 9352
43500 10000 0.6865234375 -1.2831859588623047 4627
43510 10000 0.669921875 -1.2851600646972656 7818
43520 10000 0.6904296875 -1.2864587306976318 8952
43530 10000 0.673828125 -1.2882546186447144 5749
43540 10000 0.6982421875 -1.2910605669021606 1833
43550 10000 0.70703125 -1.2928673028945923 9906
43560 10000 0.703125 -1.2951664924621582 9032
43570 10000 0.689453125 -1.297768235206604 7398
43580 10000 0.685546875 -1.2988100051879883 9605
43590 10000 0.677734375 -1.300008773803711 2851
43600 10000 0.6982421875 -1.3022886514663696 9665
43610 10000 0.6513671875 -1.3043357133865356 8081
43620 10000 0.6923828125 -1.3069413900375366 5969
43630 10000 0.697265625 -1.3082561492919922 3970
43640 10000 0.67578125 -1.3097383975982666 2686
43650 10000 0.6650390625 -1.311110496520996 8892
43660 10000 0.6884765625 -1.3122893571853638 5086
43670 10000 0.6884765625 -1.3147811889648438 5703
43680 10000 0.6806640625 -1.3172045946121216 3041
43690 10000 0.6865234375 -1.3188157081604004 3070
43700 10000 0.69921875 -1.320549726486206 2259
43710 10000 0.7119140625 -1.3228645324707031 2571
43720 10000 0.7021484375 -1.3252240419387817 1746
43730 10000 0.6806640625 -1.3268343210220337 1109
43740 10000 0.697265625 -1.3287302255630493 1840
43750 10000 0.6962890625 -1.3303059339523315 7379
43760 10000 0.705078125 -1.3310723304748535 3651
43770 10000 0.69921875 -1.3328673839569092 1628
43780 10000 0.6591796875 -1.3344780206680298 1429
43790 10000 0.6953125 -1.3371083736419678 6164
43800 10000 0.6767578125 -1.3392283916473389 83
43810 10000 0.685546875 -1.3413801193237305 7336
43820 10000 0.6640625 -1.3428479433059692 6522
43830 10000 0.6787109375 -1.345038890838623 7969
43840 10000 0.6923828125 -1.3470150232315063 7738
43850 10000 0.6923828125 -1.3482799530029297 3878
43860 10000 0.7001953125 -1.350496530532837 8807
43870 10000 0.6767578125 -1.3518736362457275 210
43880 10000 0.693359375 -1.3538539409637451 4824
43890 10000 0.6806640625 -1.3551276922225952 4592
43900 10000 0.6875 -1.357130527496338 6348
43910 10000 0.6552734375 -1.3584651947021484 4203
43920 10000 0.6904296875 -1.3605475425720215 485
43930 10000 0.685546875 -1.3643442392349243 1340
43940 10000 0.7197265625 -1.3655036687850952 4778
43950 10000 0.66796875 -1.3672420978546143 3323
43960 10000 0.662109375 -1.3697015047073364 557
43970 10000 0.6689453125 -1.3719584941864014 3864
43980 10000 0.6748046875 -1.3735774755477905 2305
43990 10000 0.671875 -1.3751078844070435 662
44000 10000 0.6669921875 -1.3776183128356934 5201
44010 10000 0.67578125 -1.3792941570281982 792
44020 10000 0.669921875 -1.3826340436935425 6007
44030 10000 0.6708984375 -1.3842189311981201 4591
44040 10000 0.7021484375 -1.3859528303146362 3661
44050 10000 0.6796875 -1.388881802558899 9062
44060 10000 0.6728515625 -1.3907873630523682 3380
44070 10000 0.6796875 -1.3920950889587402 922
44080 10000 0.6767578125 -1.393588900566101 1449
44090 10000 0.69140625 -1.3956890106201172 4099
44100 10000 0.69140625 -1.3979398012161255 9258
44110 10000 0.6572265625 -1.3999015092849731 9539
44120 10000 0.669921875 -1.4015355110168457 5573
44130 10000 0.666015625 -1.403969645500183 2451
44140 10000 0.673828125 -1.4052455425262451 1607
44150 10000 0.6865234375 -1.4073452949523926 6937
44160 10000 0.671875 -1.409602165222168 4685
44170 10000 0.681640625 -1.4118071794509888 3065
44180 10000 0.703125 -1.4141789674758911 1071
44190 10000 0.6728515625 -1.4149221181869507 9021
44200 10000 0.6640625 -1.4169340133666992 6404
44210 10000 0.6748046875 -1.4185377359390259 7766
44220 10000 0.69140625 -1.4198659658432007 1768
44230 10000 0.6689453125 -1.4211971759796143 38
44240 10000 0.6767578125 -1.4227256774902344 1919
44250 10000 0.6826171875 -1.4240576028823853 3908
44260 10000 0.6982421875 -1.4249950647354126 9710
44270 10000 0.6728515625 -1.4260315895080566 6291
44280 10000 0.6748046875 -1.4276375770568848 7881
44290 10000 0.6611328125 -1.4298702478408813 3268
44300 10000 0.689453125 -1.4310468435287476 2457
44310 10000 0.689453125 -1.433187484741211 1079
44320 10000 0.66015625 -1.435464859008789 9522
44330 10000 0.7060546875 -1.4372917413711548 7526
44340 10000 0.6572265625 -1.439476490020752 5615
44350 10000 0.6630859375 -1.4410303831100464 2410
44360 10000 0.6591796875 -1.442828893661499 9040
44370 10000 0.66796875 -1.4446306228637695 9108
44380 10000 0.6796875 -1.4461145401000977 1041
44390 10000 0.6962890625 -1.4482308626174927 1506
44400 10000 0.6611328125 -1.4514508247375488 5555
44410 10000 0.6640625 -1.4538328647613525 3360
44420 10000 0.677734375 -1.4543981552124023 6459
44430 10000 0.6904296875 -1.4566937685012817 9682
44440 10000 0.66796875 -1.4581530094146729 2391
44450 10000 0.6845703125 -1.4597264528274536 5261
44460 10000 0.6796875 -1.4619410037994385 4680
44470 10000 0.67578125 -1.4649971723556519 1379
44480 10000 0.7080078125 -1.4667291641235352 6229
44490 10000 0.671875 -1.4689345359802246 3505
44500 10000 0.673828125 -1.4704780578613281 4874
44510 10000 0.681640625 -1.4718024730682373 8234
44520 10000 0.689453125 -1.4737919569015503 9544
44530 10000 0.6552734375 -1.4763082265853882 7250
44540 10000 0.689453125 -1.4784818887710571 7249
44550 10000 0.66796875 -1.4796204566955566 2284
44560 10000 0.669921875 -1.4808738231658936 5690
44570 10000 0.681640625 -1.4829000234603882 2244
44580 10000 0.666015625 -1.4836496114730835 9222
44590 10000 0.673828125 -1.486132264137268 7704
44600 10000 0.666015625 -1.4889779090881348 6737
44610 10000 0.6591796875 -1.4904853105545044 4597
44620 10000 0.6796875 -1.4922101497650146 8256
44630 10000 0.6640625 -1.4937876462936401 2048
44640 10000 0.669921875 -1.4958903789520264 9881
44650 10000 0.712890625 -1.497917890548706 534
44660 10000 0.685546875 -1.5001647472381592 8360
44670 10000 0.68359375 -1.5016783475875854 355
44680 10000 0.671875 -1.5033237934112549 2102
44690 10000 0.6572265625 -1.505216360092163 8400
44700 10000 0.669921875 -1.5068364143371582 9797
44710 10000 0.6650390625 -1.5081875324249268 4451
44720 10000 0.681640625 -1.5098297595977783 1343
44730 10000 0.6904296875 -1.512001633644104 5476
44740 10000 0.67578125 -1.5138487815856934 6726
44750 10000 0.685546875 -1.5153114795684814 905
44760 10000 0.6630859375 -1.5177078247070312 8803
44770 10000 0.654296875 -1.5194889307022095 5570
44780 10000 0.6650390625 -1.520866870880127 7956
44790 10000 0.6787109375 -1.5224343538284302 3232
44800 10000 0.6552734375 -1.5245797634124756 179
44810 10000 0.6708984375 -1.5257408618927002 9588
44820 10000 0.6630859375 -1.5268646478652954 214
44830 10000 0.6962890625 -1.5282957553863525 850
44840 10000 0.65234375 -1.5299124717712402 3953
44850 10000 0.681640625 -1.5311846733093262 9831
44860 10000 0.6669921875 -1.532676100730896 127
44870 10000 0.646484375 -1.5337969064712524 1717
44880 10000 0.677734375 -1.535349726676941 2689
44890 10000 0.67578125 -1.5382665395736694 1766
44900 10000 0.6484375 -1.5404802560806274 2192
44910 10000 0.634765625 -1.5421364307403564 1987
44920 10000 0.6728515625 -1.543979287147522 8598
44930 10000 0.6728515625 -1.5449693202972412 3722
44940 10000 0.677734375 -1.546288251876831 4500
44950 10000 0.64453125 -1.5478839874267578 8537
44960 10000 0.6826171875 -1.5493462085723877 2171
44970 10000 0.6875 -1.5513285398483276 8945
44980 10000 0.6640625 -1.553033709526062 250
44990 10000 0.6591796875 -1.5541366338729858 7649
45000 10000 0.67578125 -1.5554323196411133 8021
45010 10000 0.6787109375 -1.5560903549194336 4516
45020 10000 0.6650390625 -1.557420015335083 721
45030 10000 0.6552734375 -1.5583691596984863 2030
45040 10000 0.669921875 -1.5598125457763672 1051
45050 10000 0.6884765625 -1.5617097616195679 2428
45060 10000 0.6552734375 -1.5627719163894653 5766
45070 10000 0.6962890625 -1.565549612045288 6901
45080 10000 0.6513671875 -1.567335844039917 8247
45090 10000 0.662109375 -1.5682611465454102 7475
45100 10000 0.6630859375 -1.5710604190826416 9272
45110 10000 0.6630859375 -1.572475790977478 8020
45120 10000 0.6640625 -1.5742871761322021 9050
45130 10000 0.6767578125 -1.5769846439361572 7400
45140 10000 0.6474609375 -1.5785812139511108 8070
45150 10000 0.6865234375 -1.5804466009140015 343
45160 10000 0.6689453125 -1.5822762250900269 4691
45170 10000 0.6298828125 -1.5846781730651855 3630
45180 10000 0.6787109375 -1.585882544517517 6228
45190 10000 0.658203125 -1.5879063606262207 9443
45200 10000 0.66796875 -1.589164137840271 7570
45210 10000 0.658203125 -1.5910534858703613 281
45220 10000 0.6708984375 -1.5918707847595215 3763
45230 10000 0.666015625 -1.5937628746032715 1135
45240 10000 0.6689453125 -1.5956761837005615 7839
45250 10000 0.65625 -1.5967469215393066 8949
45260 10000 0.66796875 -1.598509669303894 5772
45270 10000 0.6787109375 -1.6003789901733398 3598
45280 10000 0.658203125 -1.6024606227874756 2009
45290 10000 0.6484375 -1.603928804397583 1849
45300 10000 0.6640625 -1.6051965951919556 1137
45310 10000 0.6572265625 -1.6071481704711914 944
45320 10000 0.67578125 -1.6082972288131714 4168
45330 10000 0.66015625 -1.610439419746399 3456
45340 10000 0.6640625 -1.611803412437439 136
45350 10000 0.640625 -1.6134899854660034 1270
45360 10000 0.6533203125 -1.6156193017959595 485
45370 10000 0.65234375 -1.616213321685791 927
45380 10000 0.6494140625 -1.618145227432251 3763
45390 10000 0.6591796875 -1.6201579570770264 1423
45400 10000 0.67578125 -1.6223626136779785 9075
45410 10000 0.6328125 -1.6236181259155273 554
45420 10000 0.6787109375 -1.6247481107711792 2589
45430 10000 0.638671875 -1.626417875289917 2142
45440 10000 0.6640625 -1.6275240182876587 4734
45450 10000 0.677734375 -1.629077434539795 5755
45460 10000 0.6484375 -1.6316031217575073 91
45470 10000 0.6796875 -1.6330658197402954 2245
45480 10000 0.64453125 -1.634721279144287 1406
45490 10000 0.654296875 -1.6363437175750732 4901
45500 10000 0.6435546875 -1.6378397941589355 1151
45510 10000 0.6748046875 -1.6385700702667236 6210
45520 10000 0.640625 -1.640949010848999 9920
45530 10000 0.6435546875 -1.6422758102416992 2355
45540 10000 0.646484375 -1.6439931392669678 3970
45550 10000 0.65234375 -1.6467514038085938 8501
45560 10000 0.689453125 -1.6484029293060303 6931
45570 10000 0.6611328125 -1.6503190994262695 8239
45580 10000 0.6572265625 -1.651535153388977 7763
45590 10000 0.6455078125 -1.6528222560882568 3381
45600 10000 0.6201171875 -1.653550386428833 2433
45610 10000 0.6474609375 -1.6555423736572266 3134
45620 10000 0.6591796875 -1.6571874618530273 6818
45630 10000 0.6533203125 -1.660102367401123 711
45640 10000 0.630859375 -1.662529706954956 6633
45650 10000 0.63671875 -1.6651620864868164 4892
45660 10000 0.666015625 -1.6669931411743164 1255
45670 10000 0.6611328125 -1.668640375137329 7106
45680 10000 0.666015625 -1.670087456703186 4609
45690 10000 0.634765625 -1.671787977218628 1342
45700 10000 0.63671875 -1.6738618612289429 2301
45710 10000 0.671875 -1.6755404472351074 70
45720 10000 0.6572265625 -1.6774890422821045 3554
45730 10000 0.6494140625 -1.6784766912460327 1788
45740 10000 0.654296875 -1.6807429790496826 4622
45750 10000 0.63671875 -1.6820207834243774 3130
45760 10000 0.6630859375 -1.6838295459747314 462
45770 10000 0.677734375 -1.6852322816848755 6943
45780 10000 0.6552734375 -1.6859161853790283 3152
45790 10000 0.666015625 -1.687333345413208 8030
45800 10000 0.6455078125 -1.688774585723877 8955
45810 10000 0.658203125 -1.6903512477874756 3178
45820 10000 0.6640625 -1.692135214805603 7125
45830 10000 0.669921875 -1.6940971612930298 8946
45840 10000 0.650390625 -1.6952791213989258 2375
45850 10000 0.6435546875 -1.6963553428649902 8495
45860 10000 0.62109375 -1.6975359916687012 8620
45870 10000 0.6494140625 -1.6985127925872803 654
45880 10000 0.626953125 -1.701622486114502 9502
45890 10000 0.6455078125 -1.703903317451477 6737
45900 10000 0.677734375 -1.7049667835235596 7622
45910 10000 0.6357421875 -1.7064692974090576 417
45920 10000 0.6689453125 -1.7083368301391602 58
45930 10000 0.662109375 -1.7097512483596802 8220
45940 10000 0.6474609375 -1.7107429504394531 7551
45950 10000 0.6552734375 -1.711620569229126 5698
45960 10000 0.65625 -1.7136881351470947 3311
45970 10000 0.6572265625 -1.7151241302490234 6863
45980 10000 0.6640625 -1.7166447639465332 6751
45990 10000 0.634765625 -1.718011736869812 6438
46000 10000 0.66796875 -1.720381259918213 2277
46010 10000 0.6630859375 -1.7218804359436035 609
46020 10000 0.6376953125 -1.7228776216506958 1454
46030 10000 0.666015625 -1.7254328727722168 6261
46040 10000 0.654296875 -1.7276620864868164 7563
46050 10000 0.66015625 -1.7291479110717773 4426
46060 10000 0.62890625 -1.730369210243225 910
46070 10000 0.642578125 -1.7321703433990479 9034
46080 10000 0.6416015625 -1.7333571910858154 3239
46090 10000 0.6474609375 -1.7345123291015625 314
46100 10000 0.6240234375 -1.7357754707336426 4157
46110 10000 0.654296875 -1.7366509437561035 3868
46120 10000 0.6572265625 -1.7378005981445312 5631
46130 10000 0.6494140625 -1.7399404048919678 1511
46140 10000 0.634765625 -1.7405047416687012 6034
46150 10000 0.638671875 -1.7419731616973877 5955
46160 10000 0.63671875 -1.7431981563568115 2802
46170 10000 0.64453125 -1.7452973127365112 4996
46180 10000 0.6328125 -1.7469682693481445 561
46190 10000 0.6435546875 -1.7486367225646973 3719
46200 10000 0.6357421875 -1.749497652053833 6969
46210 10000 0.6376953125 -1.7508337497711182 834
46220 10000 0.6611328125 -1.7524049282073975 7323
46230 10000 0.64453125 -1.7547798156738281 6082
46240 10000 0.6484375 -1.7562522888183594 1791
46250 10000 0.6484375 -1.7574727535247803 7949
46260 10000 0.66015625 -1.7594506740570068 3912
46270 10000 0.669921875 -1.7609585523605347 9582
46280 10000 0.63671875 -1.7625038623809814 9396
46290 10000 0.6552734375 -1.763296127319336 3946
46300 10000 0.6708984375 -1.7650744915008545 7858
46310 10000 0.6005859375 -1.7660343647003174 7554
46320 10000 0.65234375 -1.7667272090911865 5420
46330 10000 0.6435546875 -1.767583966255188 143
46340 10000 0.65625 -1.7691965103149414 6560
46350 10000 0.6591796875 -1.7716946601867676 9367
46360 10000 0.6484375 -1.7732219696044922 4952
46370 10000 0.6142578125 -1.774965763092041 7206
46380 10000 0.6435546875 -1.7764158248901367 8373
46390 10000 0.6357421875 -1.777555227279663 2769
46400 10000 0.6435546875 -1.7789230346679688 9368
46410 10000 0.6533203125 -1.77986741065979 852
46420 10000 0.662109375 -1.781334638595581 280
46430 10000 0.662109375 -1.782749891281128 6749
46440 10000 0.66015625 -1.7842230796813965 3204
46450 10000 0.640625 -1.78672194480896 9020
46460 10000 0.6240234375 -1.7884687185287476 1561
46470 10000 0.60546875 -1.7896063327789307 2690
46480 10000 0.6611328125 -1.7907475233078003 3293
46490 10000 0.640625 -1.7924906015396118 2526
46500 10000 0.6708984375 -1.79385244846344 4679
46510 10000 0.6416015625 -1.794844150543213 8287
46520 10000 0.65625 -1.7957484722137451 9967
46530 10000 0.6044921875 -1.797532320022583 1437
46540 10000 0.611328125 -1.7994732856750488 6797
46550 10000 0.6298828125 -1.8006380796432495 1481
46560 10000 0.6494140625 -1.8026221990585327 1933
46570 10000 0.6435546875 -1.8039875030517578 443
46580 10000 0.6328125 -1.804776906967163 5538
46590 10000 0.625 -1.807037353515625 1907
46600 10000 0.640625 -1.8086997270584106 1438
46610 10000 0.611328125 -1.8108386993408203 7708
46620 10000 0.646484375 -1.8118740320205688 7891
46630 10000 0.65234375 -1.813509464263916 3870
46640 10000 0.6494140625 -1.8151538372039795 3239
46650 10000 0.630859375 -1.8164387941360474 2309
46660 10000 0.6435546875 -1.8176279067993164 3827
46670 10000 0.65625 -1.8186031579971313 3828
46680 10000 0.640625 -1.82010018825531 2593
46690 10000 0.626953125 -1.82168447971344 1867
46700 10000 0.6103515625 -1.8232948780059814 6885
46710 10000 0.6484375 -1.8241106271743774 9352
46720 10000 0.6259765625 -1.8258779048919678 5813
46730 10000 0.615234375 -1.8269495964050293 3630
46740 10000 0.6650390625 -1.8291850090026855 4105
46750 10000 0.6533203125 -1.8330134153366089 1645
46760 10000 0.634765625 -1.8342440128326416 9871
46770 10000 0.6171875 -1.835717797279358 9699
46780 10000 0.6337890625 -1.836554765701294 9414
46790 10000 0.619140625 -1.8380322456359863 8048
46800 10000 0.6455078125 -1.839184045791626 3495
46810 10000 0.646484375 -1.8401155471801758 1089
46820 10000 0.6494140625 -1.841693639755249 8777
46830 10000 0.634765625 -1.8429533243179321 4731
46840 10000 0.6533203125 -1.8446106910705566 6416
46850 10000 0.6533203125 -1.8457531929016113 2065
46860 10000 0.6357421875 -1.847198486328125 9110
46870 10000 0.646484375 -1.8482204675674438 2915
46880 10000 0.6298828125 -1.8498716354370117 1876
46890 10000 0.6181640625 -1.8516576290130615 1152
46900 10000 0.658203125 -1.8536549806594849 8140
46910 10000 0.654296875 -1.8553614616394043 9608
46920 10000 0.6376953125 -1.8567384481430054 9730
46930 10000 0.6435546875 -1.8584575653076172 719
46940 10000 0.6396484375 -1.859392762184143 5271
46950 10000 0.66015625 -1.8605436086654663 6683
46960 10000 0.640625 -1.861915111541748 8628
46970 10000 0.65234375 -1.863654613494873 6420
46980 10000 0.6455078125 -1.8655641078948975 6120
46990 10000 0.619140625 -1.8671197891235352 5951
47000 10000 0.619140625 -1.869065761566162 2084
47010 10000 0.6259765625 -1.870654821395874 2402
47020 10000 0.6376953125 -1.8725026845932007 8564
47030 10000 0.6435546875 -1.8740683794021606 6187
47040 10000 0.6240234375 -1.8759562969207764 6513
47050 10000 0.619140625 -1.877456545829773 6923
47060 10000 0.6337890625 -1.8796603679656982 1450
47070 10000 0.6220703125 -1.8820406198501587 9370
47080 10000 0.6357421875 -1.8835372924804688 580
47090 10000 0.6455078125 -1.8855674266815186 5045
47100 10000 0.6162109375 -1.8872878551483154 9962
47110 10000 0.6435546875 -1.888075828552246 1283
47120 10000 0.63671875 -1.88968026638031 4289
47130 10000 0.6171875 -1.890946388244629 2006
47140 10000 0.6181640625 -1.8920807838439941 5028
47150 10000 0.6181640625 -1.8932039737701416 3790
47160 10000 0.6376953125 -1.8948047161102295 2995
47170 10000 0.6279296875 -1.8959157466888428 5990
47180 10000 0.6533203125 -1.8968850374221802 6350
47190 10000 0.65625 -1.898660659790039 9275
47200 10000 0.6064453125 -1.9005078077316284 6325
47210 10000 0.6416015625 -1.9016873836517334 7253
47220 10000 0.62109375 -1.9028187990188599 8802
47230 10000 0.634765625 -1.9048449993133545 2429
47240 10000 0.650390625 -1.906511664390564 1777
47250 10000 0.6259765625 -1.9074386358261108 1051
47260 10000 0.615234375 -1.908905267715454 6365
47270 10000 0.6435546875 -1.910699486732483 3836
47280 10000 0.623046875 -1.9117472171783447 6911
47290 10000 0.6279296875 -1.9136484861373901 1533
47300 10000 0.6171875 -1.9155230522155762 179
47310 10000 0.5927734375 -1.9162006378173828 7875
47320 10000 0.6064453125 -1.9172613620758057 7337
47330 10000 0.642578125 -1.9182593822479248 9602
47340 10000 0.62890625 -1.919959545135498 7190
47350 10000 0.625 -1.9215660095214844 1793
47360 10000 0.630859375 -1.923109531402588 7944
47370 10000 0.6015625 -1.924459457397461 8170
47380 10000 0.6025390625 -1.926011562347412 377
47390 10000 0.6201171875 -1.928489327430725 2771
47400 10000 0.61328125 -1.9293326139450073 4702
47410 10000 0.59765625 -1.9306894540786743 7300
47420 10000 0.6171875 -1.9318249225616455 8290
47430 10000 0.646484375 -1.9335963726043701 9260
47440 10000 0.6376953125 -1.9353258609771729 20
47450 10000 0.6123046875 -1.9358329772949219 7783
47460 10000 0.6279296875 -1.9370925426483154 4185
47470 10000 0.603515625 -1.9378541707992554 235
47480 10000 0.65234375 -1.9387226104736328 7012
47490 10000 0.6025390625 -1.9402618408203125 9199
47500 10000 0.6005859375 -1.9420459270477295 3772
47510 10000 0.626953125 -1.943796157836914 181
47520 10000 0.6513671875 -1.9451425075531006 6401
47530 10000 0.6142578125 -1.9458680152893066 6482
47540 10000 0.6044921875 -1.9470494985580444 5490
47550 10000 0.6240234375 -1.9487874507904053 5611
47560 10000 0.6376953125 -1.9509069919586182 1008
47570 10000 0.6328125 -1.951941728591919 319
47580 10000 0.6162109375 -1.9526190757751465 6841
47590 10000 0.6015625 -1.954157829284668 8760
47600 10000 0.62890625 -1.9558600187301636 821
47610 10000 0.6474609375 -1.9577021598815918 8371
47620 10000 0.6201171875 -1.9596240520477295 7747
47630 10000 0.6416015625 -1.960675835609436 7774
47640 10000 0.6279296875 -1.9616950750350952 2886
47650 10000 0.6025390625 -1.962624192237854 2857
47660 10000 0.625 -1.9640357494354248 5239
47670 10000 0.6259765625 -1.96511971950531 420
47680 10000 0.6201171875 -1.9661273956298828 7611
47690 10000 0.603515625 -1.9686238765716553 5997
47700 10000 0.6376953125 -1.9695770740509033 6462
47710 10000 0.6298828125 -1.971239447593689 5592
47720 10000 0.6259765625 -1.9722516536712646 3439
47730 10000 0.61328125 -1.9747843742370605 8893
47740 10000 0.6376953125 -1.9761289358139038 848
47750 10000 0.599609375 -1.9788798093795776 1483
47760 10000 0.6240234375 -1.9796236753463745 2871
47770 10000 0.6484375 -1.9813482761383057 8743
47780 10000 0.6259765625 -1.9825782775878906 9316
47790 10000 0.607421875 -1.9834681749343872 83
47800 10000 0.6484375 -1.9849200248718262 9270
47810 10000 0.6259765625 -1.9870152473449707 7869
47820 10000 0.611328125 -1.989031434059143 6472
47830 10000 0.6279296875 -1.9908857345581055 6787
47840 10000 0.6318359375 -1.9917261600494385 9453
47850 10000 0.6123046875 -1.9932434558868408 2083
47860 10000 0.6259765625 -1.9947166442871094 6379
47870 10000 0.6337890625 -1.9959707260131836 1791
47880 10000 0.6494140625 -1.996955394744873 8067
47890 10000 0.6123046875 -1.9981622695922852 4807
47900 10000 0.599609375 -1.999382495880127 6733
47910 10000 0.5966796875 -2.0006043910980225 4606
47920 10000 0.609375 -2.0024561882019043 9434
47930 10000 0.638671875 -2.003089427947998 2280
47940 10000 0.6103515625 -2.0046000480651855 9318
47950 10000 0.615234375 -2.0065717697143555 4769
47960 10000 0.6474609375 -2.0080325603485107 1602
47970 10000 0.6064453125 -2.0102455615997314 8416
47980 10000 0.6162109375 -2.0118746757507324 5163
47990 10000 0.609375 -2.0138158798217773 8590
48000 10000 0.6123046875 -2.015348196029663 8367
48010 10000 0.6328125 -2.0168728828430176 2414
48020 10000 0.6220703125 -2.018094539642334 7893
48030 10000 0.6181640625 -2.0195722579956055 771
48040 10000 0.61328125 -2.0201261043548584 3684
48050 10000 0.6123046875 -2.0215702056884766 2810
48060 10000 0.6123046875 -2.022495746612549 4016
48070 10000 0.5947265625 -2.023662567138672 4475
48080 10000 0.59765625 -2.02506160736084 8183
48090 10000 0.58984375 -2.0263595581054688 7472
48100 10000 0.625 -2.02755069732666 2992
48110 10000 0.63671875 -2.028895854949951 9245
48120 10000 0.623046875 -2.0305700302124023 1623
48130 10000 0.625 -2.0313615798950195 5114
48140 10000 0.6142578125 -2.0325214862823486 3921
48150 10000 0.6083984375 -2.0340120792388916 9768
48160 10000 0.615234375 -2.0351452827453613 5176
48170 10000 0.599609375 -2.0361855030059814 3419
48180 10000 0.615234375 -2.0375723838806152 6190
48190 10000 0.5693359375 -2.0384678840637207 9052
48200 10000 0.6025390625 -2.0397531986236572 1014
48210 10000 0.6083984375 -2.040518283843994 6524
48220 10000 0.599609375 -2.042417287826538 2803
48230 10000 0.58984375 -2.0438694953918457 2856
48240 10000 0.6318359375 -2.0456278324127197 8776
48250 10000 0.607421875 -2.0466833114624023 1541
48260 10000 0.625 -2.0474143028259277 7487
48270 10000 0.5908203125 -2.0492351055145264 7721
48280 10000 0.57421875 -2.051532745361328 4436
48290 10000 0.5859375 -2.05226469039917 4514
48300 10000 0.578125 -2.053478717803955 4727
48310 10000 0.615234375 -2.054514169692993 4014
48320 10000 0.6181640625 -2.0558815002441406 989
48330 10000 0.625 -2.0566673278808594 3103
48340 10000 0.6064453125 -2.0579006671905518 3618
48350 10000 0.609375 -2.05877685546875 9447
48360 10000 0.607421875 -2.0600507259368896 9988
48370 10000 0.6064453125 -2.060973882675171 5915
48380 10000 0.625 -2.061709403991699 2486
48390 10000 0.5986328125 -2.0630407333374023 4001
48400 10000 0.6328125 -2.063831329345703 6543
48410 10000 0.6142578125 -2.0646581649780273 152
48420 10000 0.607421875 -2.0659127235412598 2493
48430 10000 0.6044921875 -2.067556142807007 4493
48440 10000 0.64453125 -2.06904673576355 631
48450 10000 0.6298828125 -2.0702500343322754 7361
48460 10000 0.61328125 -2.0720348358154297 9234
48470 10000 0.625 -2.0727086067199707 4788
48480 10000 0.6123046875 -2.073831558227539 7996
48490 10000 0.61328125 -2.0748953819274902 144
48500 10000 0.5791015625 -2.0762646198272705 4162
48510 10000 0.5859375 -2.0775306224823 4054
48520 10000 0.591796875 -2.0789878368377686 866
48530 10000 0.578125 -2.080197811126709 1661
48540 10000 0.611328125 -2.0811452865600586 5912
48550 10000 0.6201171875 -2.083404541015625 9319
48560 10000 0.6181640625 -2.0845913887023926 3100
48570 10000 0.615234375 -2.0855417251586914 465
48580 10000 0.5908203125 -2.086503267288208 6381
48590 10000 0.6259765625 -2.0874271392822266 8876
48600 10000 0.591796875 -2.088658332824707 8821
48610 10000 0.5859375 -2.0898547172546387 9947
48620 10000 0.619140625 -2.0914182662963867 3914
48630 10000 0.6484375 -2.092068910598755 2525
48640 10000 0.5869140625 -2.093085527420044 4221
48650 10000 0.6005859375 -2.0940816402435303 8897
48660 10000 0.59375 -2.095309257507324 9375
48670 10000 0.591796875 -2.0963199138641357 8236
48680 10000 0.5947265625 -2.097651243209839 4654
48690 10000 0.5869140625 -2.099064350128174 9017
48700 10000 0.6279296875 -2.100297451019287 1936
48710 10000 0.6171875 -2.101011276245117 3961
48720 10000 0.59765625 -2.1022186279296875 2923
48730 10000 0.5966796875 -2.103067398071289 822
48740 10000 0.58984375 -2.103882074356079 2945
48750 10000 0.591796875 -2.1049158573150635 7238
48760 10000 0.62109375 -2.1059722900390625 2080
48770 10000 0.6083984375 -2.106605291366577 6556
48780 10000 0.5732421875 -2.107292890548706 9740
48790 10000 0.5927734375 -2.108260154724121 4086
48800 10000 0.6240234375 -2.109470844268799 7041
48810 10000 0.5849609375 -2.110039234161377 6187
48820 10000 0.5966796875 -2.1108007431030273 3026
48830 10000 0.6103515625 -2.1116766929626465 9319
48840 10000 0.58984375 -2.113044023513794 2082
48850 10000 0.5966796875 -2.1140377521514893 5855
48860 10000 0.595703125 -2.1151609420776367 7135
48870 10000 0.6181640625 -2.1165366172790527 6120
48880 10000 0.625 -2.1175365447998047 7794
48890 10000 0.59765625 -2.1184918880462646 6483
48900 10000 0.568359375 -2.1200037002563477 7861
48910 10000 0.58203125 -2.1208300590515137 8560
48920 10000 0.6083984375 -2.1224379539489746 9433
48930 10000 0.5947265625 -2.123505115509033 68
48940 10000 0.6181640625 -2.124342203140259 2045
48950 10000 0.63671875 -2.125624656677246 1697
48960 10000 0.59375 -2.1267147064208984 894
48970 10000 0.58984375 -2.1277694702148438 6990
48980 10000 0.5615234375 -2.1289451122283936 6131
48990 10000 0.599609375 -2.130272626876831 7340
49000 10000 0.580078125 -2.131497383117676 5858
49010 10000 0.60546875 -2.1322999000549316 5431
49020 10000 0.578125 -2.133432388305664 7333
49030 10000 0.599609375 -2.1349997520446777 4374
49040 10000 0.5859375 -2.1357150077819824 2862
49050 10000 0.5859375 -2.136826992034912 7671
49060 10000 0.58984375 -2.1379647254943848 6858
49070 10000 0.61328125 -2.1391377449035645 3730
49080 10000 0.6171875 -2.140862464904785 1105
49090 10000 0.56640625 -2.1421704292297363 1193
49100 10000 0.6064453125 -2.1435558795928955 5437
49110 10000 0.5859375 -2.144545078277588 3806
49120 10000 0.6083984375 -2.1457817554473877 85
49130 10000 0.5771484375 -2.146422863006592 888
49140 10000 0.607421875 -2.147048234939575 2572
49150 10000 0.603515625 -2.1485910415649414 9961
49160 10000 0.5634765625 -2.149658679962158 543
49170 10000 0.607421875 -2.1508800983428955 7969
49180 10000 0.5712890625 -2.151850700378418 6820
49190 10000 0.578125 -2.1533522605895996 3545
49200 10000 0.5771484375 -2.155024766921997 3775
49210 10000 0.5830078125 -2.1559784412384033 6331
49220 10000 0.60546875 -2.1572635173797607 7882
49230 10000 0.5830078125 -2.1586990356445312 4386
49240 10000 0.5693359375 -2.159702777862549 7684
49250 10000 0.5771484375 -2.1605384349823 211
49260 10000 0.5634765625 -2.1620237827301025 9082
49270 10000 0.5869140625 -2.1627776622772217 8075
49280 10000 0.599609375 -2.1634459495544434 2976
49290 10000 0.583984375 -2.1656532287597656 479
49300 10000 0.6005859375 -2.166578769683838 6529
49310 10000 0.58984375 -2.1671833992004395 1361
49320 10000 0.59765625 -2.168168783187866 3410
49330 10000 0.58984375 -2.169900417327881 6519
49340 10000 0.5947265625 -2.1710872650146484 9767
49350 10000 0.595703125 -2.1723060607910156 4728
49360 10000 0.572265625 -2.1739466190338135 2118
49370 10000 0.603515625 -2.174572706222534 6006
49380 10000 0.5771484375 -2.1756670475006104 7483
49390 10000 0.587890625 -2.176640033721924 6412
49400 10000 0.5888671875 -2.1783230304718018 6402
49410 10000 0.6044921875 -2.179880142211914 140
49420 10000 0.5810546875 -2.1810271739959717 7752
49430 10000 0.583984375 -2.1819841861724854 711
49440 10000 0.5673828125 -2.1828339099884033 9449
49450 10000 0.6337890625 -2.184113025665283 1623
49460 10000 0.595703125 -2.185770034790039 3216
49470 10000 0.61328125 -2.1865313053131104 8765
49480 10000 0.5751953125 -2.1879653930664062 9263
49490 10000 0.5771484375 -2.1899609565734863 8845
49500 10000 0.5732421875 -2.1907782554626465 3510
49510 10000 0.59765625 -2.1922013759613037 127
49520 10000 0.578125 -2.193826675415039 8532
49530 10000 0.5849609375 -2.1949920654296875 7740
49540 10000 0.599609375 -2.1960504055023193 6583
49550 10000 0.609375 -2.197756767272949 52
49560 10000 0.58984375 -2.1989970207214355 6091
49570 10000 0.5810546875 -2.200150966644287 1321
49580 10000 0.5849609375 -2.2008981704711914 6384
49590 10000 0.58984375 -2.2019729614257812 3718
49600 10000 0.5869140625 -2.203482151031494 5252
49610 10000 0.5810546875 -2.2044618129730225 7444
49620 10000 0.5966796875 -2.206033229827881 3614
49630 10000 0.5830078125 -2.2073822021484375 8406
49640 10000 0.5654296875 -2.208983898162842 7741
49650 10000 0.591796875 -2.2099409103393555 9114
49660 10000 0.5888671875 -2.2110562324523926 2077
49670 10000 0.5849609375 -2.2118232250213623 1138
49680 10000 0.5927734375 -2.213789701461792 8786
49690 10000 0.580078125 -2.214442253112793 6953
49700 10000 0.5732421875 -2.215731143951416 913
49710 10000 0.5712890625 -2.2164289951324463 156
49720 10000 0.591796875 -2.217459201812744 7198
49730 10000 0.5810546875 -2.2183752059936523 8179
49740 10000 0.578125 -2.219611883163452 4044
49750 10000 0.576171875 -2.2202765941619873 2976
49760 10000 0.560546875 -2.2209560871124268 7098
49770 10000 0.576171875 -2.222257137298584 3484
49780 10000 0.603515625 -2.2232093811035156 8705
49790 10000 0.578125 -2.2239573001861572 730
49800 10000 0.578125 -2.2246809005737305 7592
49810 10000 0.5849609375 -2.2252683639526367 9655
49820 10000 0.5849609375 -2.2261061668395996 1457
49830 10000 0.5517578125 -2.2278084754943848 954
49840 10000 0.58984375 -2.229086399078369 1786
49850 10000 0.560546875 -2.2305171489715576 7945
49860 10000 0.580078125 -2.231624126434326 3330
49870 10000 0.595703125 -2.2323813438415527 9595
49880 10000 0.5751953125 -2.2337052822113037 302
49890 10000 0.5830078125 -2.2349891662597656 1553
49900 10000 0.5576171875 -2.2357587814331055 4459
49910 10000 0.5810546875 -2.2369208335876465 4529
49920 10000 0.59375 -2.238041877746582 2125
49930 10000 0.58984375 -2.239406108856201 227
49940 10000 0.58203125 -2.240722179412842 3156
49950 10000 0.578125 -2.241701364517212 6492
49960 10000 0.5380859375 -2.2434918880462646 3049
49970 10000 0.564453125 -2.2443273067474365 6818
49980 10000 0.556640625 -2.2454845905303955 941
49990 10000 0.5703125 -2.246372699737549 7853
50000 10000 0.58203125 -2.247114419937134 5232
50010 10000 0.5546875 -2.247643232345581 7367
50020 10000 0.5947265625 -2.2484688758850098 7357
50030 10000 0.5654296875 -2.2497363090515137 5983
50040 10000 0.548828125 -2.2512121200561523 6646
50050 10000 0.583984375 -2.252568244934082 1796
50060 10000 0.58203125 -2.2539219856262207 9671
50070 10000 0.59375 -2.2549095153808594 6956
50080 10000 0.58984375 -2.255418300628662 4586
50090 10000 0.578125 -2.255977153778076 6412
50100 10000 0.5830078125 -2.2566866874694824 9354
50110 10000 0.587890625 -2.2579092979431152 7989
50120 10000 0.5849609375 -2.2585766315460205 3173
50130 10000 0.5634765625 -2.259413480758667 2714
50140 10000 0.5830078125 -2.2609784603118896 9908
50150 10000 0.5966796875 -2.262695789337158 679
50160 10000 0.572265625 -2.2638916969299316 6713
50170 10000 0.5654296875 -2.2658348083496094 2403
50180 10000 0.5693359375 -2.26664662361145 3654
50190 10000 0.5615234375 -2.267364025115967 9460
50200 10000 0.5703125 -2.268667697906494 1608
50210 10000 0.5458984375 -2.269829750061035 8908
50220 10000 0.591796875 -2.2714178562164307 4419
50230 10000 0.59765625 -2.2726235389709473 4677
50240 10000 0.5595703125 -2.2739005088806152 6672
50250 10000 0.572265625 -2.27463698387146 1789
50260 10000 0.5810546875 -2.2755351066589355 6126
50270 10000 0.5576171875 -2.2771155834198 8944
50280 10000 0.5546875 -2.278067111968994 8822
50290 10000 0.5615234375 -2.278736114501953 3781
50300 10000 0.5576171875 -2.279454231262207 4751
50310 10000 0.5869140625 -2.280539035797119 6238
50320 10000 0.5625 -2.2822437286376953 7246
50330 10000 0.587890625 -2.2832608222961426 9633
50340 10000 0.609375 -2.2849225997924805 2290
50350 10000 0.5849609375 -2.285451650619507 6915
50360 10000 0.6025390625 -2.2866804599761963 5603
50370 10000 0.5458984375 -2.287351608276367 5450
50380 10000 0.56640625 -2.2885146141052246 4721
50390 10000 0.5478515625 -2.290022134780884 8348
50400 10000 0.587890625 -2.2912251949310303 9173
50410 10000 0.5966796875 -2.292370319366455 4775
50420 10000 0.5380859375 -2.2935166358947754 6182
50430 10000 0.595703125 -2.294071674346924 9278
50440 10000 0.5751953125 -2.295365333557129 4690
50450 10000 0.5927734375 -2.297186851501465 3981
50460 10000 0.5322265625 -2.2985544204711914 6642
50470 10000 0.583984375 -2.2997450828552246 9139
50480 10000 0.5615234375 -2.3008885383605957 7181
50490 10000 0.5712890625 -2.3021135330200195 3173
50500 10000 0.5751953125 -2.3027687072753906 9466
50510 10000 0.5849609375 -2.3036818504333496 7196
50520 10000 0.5595703125 -2.3047373294830322 968
50530 10000 0.5634765625 -2.3054087162017822 72
50540 10000 0.56640625 -2.3060646057128906 9201
50550 10000 0.5810546875 -2.3072991371154785 4082
50560 10000 0.5703125 -2.3088254928588867 3533
50570 10000 0.576171875 -2.3097939491271973 1558
50580 10000 0.587890625 -2.3111753463745117 4024
50590 10000 0.548828125 -2.3117408752441406 3420
50600 10000 0.5810546875 -2.312784194946289 4568
50610 10000 0.56640625 -2.313425064086914 8672
50620 10000 0.564453125 -2.3143200874328613 2045
50630 10000 0.609375 -2.315747022628784 6423
50640 10000 0.591796875 -2.3169455528259277 1155
50650 10000 0.556640625 -2.317678451538086 6692
50660 10000 0.5703125 -2.3186864852905273 2669
50670 10000 0.587890625 -2.319483757019043 5695
50680 10000 0.580078125 -2.320535898208618 8797
50690 10000 0.5703125 -2.321892023086548 8873
50700 10000 0.572265625 -2.3229994773864746 3241
50710 10000 0.5908203125 -2.3240180015563965 4566
50720 10000 0.576171875 -2.325153350830078 9419
50730 10000 0.5712890625 -2.326040744781494 3099
50740 10000 0.5693359375 -2.3272130489349365 9497
50750 10000 0.5625 -2.3288469314575195 3526
50760 10000 0.556640625 -2.330066680908203 3437
50770 10000 0.5556640625 -2.331078052520752 8116
50780 10000 0.57421875 -2.3324055671691895 8764
50790 10000 0.5439453125 -2.333514928817749 2324
50800 10000 0.5478515625 -2.334547281265259 7908
50810 10000 0.556640625 -2.335428237915039 6563
50820 10000 0.5859375 -2.3364787101745605 4463
50830 10000 0.5556640625 -2.337183952331543 748
50840 10000 0.5537109375 -2.338440179824829 3131
50850 10000 0.578125 -2.3394455909729004 5777
50860 10000 0.560546875 -2.3404483795166016 1102
50870 10000 0.5380859375 -2.3425049781799316 7288
50880 10000 0.5771484375 -2.343508720397949 8507
50890 10000 0.5634765625 -2.3449363708496094 9885
50900 10000 0.5478515625 -2.345853328704834 8110
50910 10000 0.572265625 -2.3467133045196533 2611
50920 10000 0.5595703125 -2.347717761993408 7029
50930 10000 0.56640625 -2.3487014770507812 5912
50940 10000 0.5537109375 -2.349447250366211 2236
50950 10000 0.5458984375 -2.3502819538116455 6147
50960 10000 0.5654296875 -2.351210594177246 3144
50970 10000 0.564453125 -2.351714849472046 809
50980 10000 0.5458984375 -2.352384567260742 7392
50990 10000 0.55859375 -2.353158473968506 287
51000 10000 0.5556640625 -2.3541030883789062 7618
51010 10000 0.5966796875 -2.3551721572875977 9461
51020 10000 0.5546875 -2.3559980392456055 6497
51030 10000 0.5927734375 -2.356929063796997 9004
51040 10000 0.537109375 -2.3579301834106445 4918
51050 10000 0.53515625 -2.3584177494049072 5969
51060 10000 0.5439453125 -2.3592076301574707 7291
51070 10000 0.5634765625 -2.360018253326416 7583
51080 10000 0.5380859375 -2.360568046569824 4138
51090 10000 0.560546875 -2.361377477645874 1939
51100 10000 0.5478515625 -2.3619251251220703 1958
51110 10000 0.5888671875 -2.3631210327148438 3167
51120 10000 0.5458984375 -2.3643102645874023 1808
51130 10000 0.5478515625 -2.3651442527770996 770
51140 10000 0.5380859375 -2.3659374713897705 681
51150 10000 0.556640625 -2.367204189300537 2379
51160 10000 0.541015625 -2.3683366775512695 6472
51170 10000 0.56640625 -2.369324207305908 6787
51180 10000 0.5625 -2.3700528144836426 6961
51190 10000 0.537109375 -2.371090888977051 3884
51200 10000 0.544921875 -2.3721020221710205 1479
51210 10000 0.5390625 -2.3732049465179443 9730
51220 10000 0.560546875 -2.374436378479004 9463
51230 10000 0.5654296875 -2.37542986869812 4495
51240 10000 0.537109375 -2.376070499420166 8746
51250 10000 0.5595703125 -2.376936197280884 6170
51260 10000 0.552734375 -2.377655506134033 5617
51270 10000 0.5458984375 -2.3787872791290283 6059
51280 10000 0.5703125 -2.3798835277557373 8040
51290 10000 0.5634765625 -2.3810126781463623 3688
51300 10000 0.546875 -2.381897449493408 5598
51310 10000 0.5244140625 -2.3828492164611816 6756
51320 10000 0.552734375 -2.3848159313201904 8000
51330 10000 0.5498046875 -2.3865349292755127 2991
51340 10000 0.5517578125 -2.3875732421875 41
51350 10000 0.564453125 -2.3886661529541016 4831
51360 10000 0.556640625 -2.3894269466400146 2485
51370 10000 0.54296875 -2.390319585800171 2959
51380 10000 0.541015625 -2.3909566402435303 2384
51390 10000 0.515625 -2.3916444778442383 1088
51400 10000 0.560546875 -2.393385410308838 5564
51410 10000 0.544921875 -2.3941633701324463 515
51420 10000 0.556640625 -2.3950233459472656 5152
51430 10000 0.5546875 -2.3957457542419434 4928
51440 10000 0.546875 -2.3968262672424316 3356
51450 10000 0.5498046875 -2.3976500034332275 2403
51460 10000 0.599609375 -2.3991193771362305 4961
51470 10000 0.5830078125 -2.4010651111602783 2959
51480 10000 0.556640625 -2.4020228385925293 7647
51490 10000 0.53125 -2.4029107093811035 6904
51500 10000 0.5458984375 -2.4037837982177734 7543
51510 10000 0.564453125 -2.4048526287078857 8477
51520 10000 0.5380859375 -2.405761957168579 3587
51530 10000 0.5478515625 -2.406850576400757 9151
51540 10000 0.5400390625 -2.40751051902771 8910
51550 10000 0.544921875 -2.4086313247680664 8474
51560 10000 0.5703125 -2.409562587738037 5717
51570 10000 0.5517578125 -2.4110116958618164 9271
51580 10000 0.537109375 -2.412170648574829 8394
51590 10000 0.5380859375 -2.413034200668335 1848
51600 10000 0.5419921875 -2.414320945739746 7632
51610 10000 0.544921875 -2.415675640106201 8243
51620 10000 0.5224609375 -2.416527271270752 7661
51630 10000 0.5478515625 -2.4174137115478516 934
51640 10000 0.55078125 -2.4183857440948486 2455
51650 10000 0.5537109375 -2.41931414604187 6002
51660 10000 0.55078125 -2.4205069541931152 5602
51670 10000 0.5546875 -2.421555995941162 4567
51680 10000 0.5537109375 -2.422523021697998 647
51690 10000 0.5341796875 -2.4232940673828125 5704
51700 10000 0.5654296875 -2.423870086669922 8032
51710 10000 0.5390625 -2.4249379634857178 3685
51720 10000 0.5419921875 -2.425762891769409 3025
51730 10000 0.5390625 -2.4268157482147217 865
51740 10000 0.521484375 -2.4273171424865723 9578
51750 10000 0.541015625 -2.428166389465332 8033
51760 10000 0.533203125 -2.429258346557617 6965
51770 10000 0.548828125 -2.4302291870117188 5942
51780 10000 0.75 -2.4311904907226562 9448
51790 10000 0.791015625 -2.432239294052124 9744
51800 10000 0.7412109375 -2.4331846237182617 5882
51810 10000 0.771484375 -2.434377908706665 285
51820 10000 0.75390625 -2.4349942207336426 6686
51830 10000 0.755859375 -2.4360511302948 5252
51840 10000 0.755859375 -2.4368643760681152 5409
51850 10000 0.779296875 -2.4380602836608887 9670
51860 10000 0.748046875 -2.439168691635132 4052
51870 10000 0.744140625 -2.4404327869415283 6766
51880 10000 0.759765625 -2.4413790702819824 6569
51890 10000 0.75390625 -2.4421746730804443 9968
51900 10000 0.765625 -2.4426848888397217 4499
51910 10000 0.759765625 -2.4435527324676514 3650
51920 10000 0.76953125 -2.4446659088134766 2826
51930 10000 0.7470703125 -2.445809841156006 385
51940 10000 0.7421875 -2.4466464519500732 6569
51950 10000 0.7529296875 -2.448568105697632 3330
51960 10000 0.7724609375 -2.4493112564086914 7705
51970 10000 0.767578125 -2.4500160217285156 8363
51980 10000 0.7578125 -2.450716018676758 9365
51990 10000 0.75 -2.4517290592193604 7821
52000 10000 0.765625 -2.4524476528167725 5463
52010 10000 0.7734375 -2.453427314758301 3548
52020 10000 0.728515625 -2.4542109966278076 6666
52030 10000 0.7470703125 -2.4553327560424805 1669
52040 10000 0.73828125 -2.456244945526123 6730
52050 10000 0.7646484375 -2.457155227661133 7368
52060 10000 0.7490234375 -2.458340644836426 6031
52070 10000 0.7412109375 -2.4588263034820557 7938
52080 10000 0.767578125 -2.46046781539917 7438
52090 10000 0.75390625 -2.4614105224609375 8430
52100 10000 0.7568359375 -2.462674856185913 3190
52110 10000 0.7685546875 -2.463472366333008 4238
52120 10000 0.744140625 -2.4644312858581543 4900
52130 10000 0.775390625 -2.4652557373046875 2655
52140 10000 0.7529296875 -2.4659411907196045 2902
52150 10000 0.7421875 -2.4671640396118164 2844
52160 10000 0.7373046875 -2.4682881832122803 6189
52170 10000 0.7470703125 -2.469175338745117 5066
52180 10000 0.76171875 -2.4700419902801514 4757
52190 10000 0.7744140625 -2.4705617427825928 4761
52200 10000 0.748046875 -2.4710659980773926 8529
52210 10000 0.7529296875 -2.471841335296631 8660
52220 10000 0.7509765625 -2.472567319869995 9190
52230 10000 0.7685546875 -2.4736742973327637 1067
52240 10000 0.74609375 -2.4747886657714844 4667
52250 10000 0.7431640625 -2.4758901596069336 917
52260 10000 0.76171875 -2.4769115447998047 5127
52270 10000 0.73046875 -2.4778666496276855 143
52280 10000 0.7412109375 -2.4789416790008545 7050
52290 10000 0.765625 -2.480083465576172 9449
52300 10000 0.734375 -2.4807934761047363 7044
52310 10000 0.771484375 -2.481626033782959 1514
52320 10000 0.7470703125 -2.48256516456604 9427
52330 10000 0.7373046875 -2.483632802963257 3068
52340 10000 0.76953125 -2.4850549697875977 8508
52350 10000 0.7626953125 -2.4859776496887207 6203
52360 10000 0.7890625 -2.48685884475708 1474
52370 10000 0.7666015625 -2.4876017570495605 4387
52380 10000 0.76171875 -2.4882562160491943 9213
52390 10000 0.7421875 -2.48921799659729 5131
52400 10000 0.7861328125 -2.4902448654174805 3930
52410 10000 0.7646484375 -2.4912266731262207 1126
52420 10000 0.751953125 -2.492039918899536 8772
52430 10000 0.7451171875 -2.4926466941833496 4717
52440 10000 0.75 -2.494450807571411 9371
52450 10000 0.763671875 -2.4951558113098145 6257
52460 10000 0.7529296875 -2.496026039123535 8075
52470 10000 0.759765625 -2.497002601623535 8351
52480 10000 0.7177734375 -2.4979279041290283 6792
52490 10000 0.732421875 -2.4989402294158936 5855
52500 10000 0.7373046875 -2.4996604919433594 2272
52510 10000 0.755859375 -2.500412940979004 4871
52520 10000 0.759765625 -2.5016047954559326 5992
52530 10000 0.7626953125 -2.5026488304138184 7405
52540 10000 0.7646484375 -2.5036609172821045 5441
52550 10000 0.755859375 -2.5044403076171875 9083
52560 10000 0.7607421875 -2.5052716732025146 542
52570 10000 0.7646484375 -2.5058040618896484 7932
52580 10000 0.7705078125 -2.5064406394958496 8415
52590 10000 0.7685546875 -2.507241725921631 8631
52600 10000 0.7763671875 -2.507995128631592 6604
52610 10000 0.744140625 -2.5085434913635254 3322
52620 10000 0.76171875 -2.509392261505127 4269
52630 10000 0.734375 -2.510085344314575 5870
52640 10000 0.7529296875 -2.5107436180114746 7578
52650 10000 0.7666015625 -2.5114874839782715 8389
52660 10000 0.771484375 -2.5123260021209717 1558
52670 10000 0.7587890625 -2.5130233764648438 5242
52680 10000 0.736328125 -2.514150857925415 4002
52690 10000 0.7744140625 -2.5147111415863037 9838
52700 10000 0.7119140625 -2.5157742500305176 7925
52710 10000 0.755859375 -2.5161633491516113 6564
52720 10000 0.7529296875 -2.516645669937134 1388
52730 10000 0.7529296875 -2.51759672164917 8608
52740 10000 0.7548828125 -2.518307685852051 4874
52750 10000 0.7568359375 -2.5189099311828613 5920
52760 10000 0.765625 -2.5196778774261475 8426
52770 10000 0.76171875 -2.5212035179138184 3729
52780 10000 0.75 -2.521794319152832 7705
52790 10000 0.740234375 -2.522512912750244 2609
52800 10000 0.7548828125 -2.5239508152008057 1877
52810 10000 0.7568359375 -2.524811267852783 616
52820 10000 0.748046875 -2.52549409866333 6841
52830 10000 0.775390625 -2.526624917984009 3600
52840 10000 0.7451171875 -2.5274219512939453 9307
52850 10000 0.7470703125 -2.5284910202026367 8808
52860 10000 0.7578125 -2.5291807651519775 2004
52870 10000 0.7509765625 -2.529675006866455 9240
52880 10000 0.73828125 -2.530604362487793 9816
52890 10000 0.74609375 -2.531449317932129 3723
52900 10000 0.7197265625 -2.5320045948028564 1814
52910 10000 0.7529296875 -2.532810688018799 447
52920 10000 0.7685546875 -2.53371524810791 112
52930 10000 0.7353515625 -2.5349984169006348 6602
52940 10000 0.794921875 -2.536252021789551 331
52950 10000 0.7724609375 -2.536886692047119 4086
52960 10000 0.7685546875 -2.5376458168029785 8426
52970 10000 0.73828125 -2.53855037689209 4689
52980 10000 0.76171875 -2.5393943786621094 1977
52990 10000 0.732421875 -2.540057420730591 4231
53000 10000 0.7412109375 -2.5412230491638184 7963
53010 10000 0.734375 -2.541846513748169 8953
53020 10000 0.7421875 -2.542567729949951 484
53030 10000 0.7412109375 -2.5433950424194336 901
53040 10000 0.76953125 -2.544318437576294 1436
53050 10000 0.7509765625 -2.5449252128601074 9319
53060 10000 0.7294921875 -2.5458483695983887 6548
53070 10000 0.7392578125 -2.5464797019958496 8152
53080 10000 0.775390625 -2.547083854675293 6564
53090 10000 0.736328125 -2.5478579998016357 1014
53100 10000 0.7392578125 -2.548774242401123 3955
53110 10000 0.744140625 -2.549741506576538 9910
53120 10000 0.751953125 -2.550729274749756 3703
53130 10000 0.74609375 -2.5522148609161377 5505
53140 10000 0.7509765625 -2.5527963638305664 170
53150 10000 0.759765625 -2.553767681121826 2049
53160 10000 0.7568359375 -2.554436206817627 5096
53170 10000 0.7626953125 -2.5552117824554443 9775
53180 10000 0.75 -2.555988311767578 8653
53190 10000 0.7373046875 -2.5563807487487793 5085
53200 10000 0.716796875 -2.5569329261779785 6881
53210 10000 0.724609375 -2.557851791381836 142
53220 10000 0.7412109375 -2.558570384979248 8560
53230 10000 0.724609375 -2.5591509342193604 2562
53240 10000 0.7353515625 -2.5602641105651855 5775
53250 10000 0.7333984375 -2.5608201026916504 2049
53260 10000 0.751953125 -2.56128191947937 6516
53270 10000 0.7607421875 -2.5618703365325928 5124
53280 10000 0.7431640625 -2.562716007232666 3494
53290 10000 0.74609375 -2.5638961791992188 7160
53300 10000 0.7265625 -2.5647008419036865 5975
53310 10000 0.7265625 -2.5653867721557617 1036
53320 10000 0.7392578125 -2.566267967224121 6686
53330 10000 0.7451171875 -2.5673437118530273 9306
53340 10000 0.732421875 -2.5679821968078613 6957
53350 10000 0.7294921875 -2.568422317504883 8351
53360 10000 0.732421875 -2.569291114807129 6899
53370 10000 0.75390625 -2.5704944133758545 173
53380 10000 0.7333984375 -2.5707688331604004 3735
53390 10000 0.7412109375 -2.571467876434326 454
53400 10000 0.751953125 -2.572312355041504 282
53410 10000 0.7568359375 -2.5727829933166504 9004
53420 10000 0.716796875 -2.573209524154663 6073
53430 10000 0.734375 -2.574227809906006 982
53440 10000 0.7255859375 -2.574977159500122 9112
53450 10000 0.7705078125 -2.575747013092041 6324
53460 10000 0.71484375 -2.5765271186828613 241
53470 10000 0.7548828125 -2.5772459506988525 9049
53480 10000 0.7255859375 -2.577885866165161 5590
53490 10000 0.7333984375 -2.578547239303589 568
53500 10000 0.7431640625 -2.579406261444092 8886
53510 10000 0.712890625 -2.5800883769989014 2454
53520 10000 0.7080078125 -2.5809738636016846 406
53530 10000 0.724609375 -2.581514596939087 6532
53540 10000 0.7275390625 -2.582068920135498 5292
53550 10000 0.73046875 -2.582940101623535 5802
53560 10000 0.75 -2.5833253860473633 1065
53570 10000 0.7529296875 -2.5840890407562256 295
53580 10000 0.7392578125 -2.5847384929656982 1202
53590 10000 0.7294921875 -2.585334300994873 6454
53600 10000 0.73828125 -2.585865020751953 303
53610 10000 0.7421875 -2.5871100425720215 7958
53620 10000 0.740234375 -2.5876047611236572 6600
53630 10000 0.7333984375 -2.587993621826172 9947
53640 10000 0.7392578125 -2.5887365341186523 3831
53650 10000 0.734375 -2.589383602142334 2625
53660 10000 0.7626953125 -2.589979887008667 6997
53670 10000 0.7236328125 -2.5904595851898193 943
53680 10000 0.7470703125 -2.591078519821167 6987
53690 10000 0.76171875 -2.5921173095703125 9608
53700 10000 0.7490234375 -2.593053102493286 5736
53710 10000 0.74609375 -2.59366512298584 5544
53720 10000 0.728515625 -2.5945749282836914 4898
53730 10000 0.728515625 -2.594970464706421 4256
53740 10000 0.736328125 -2.595595121383667 5917
53750 10000 0.7177734375 -2.5963993072509766 6670
53760 10000 0.75 -2.597317695617676 2707
53770 10000 0.6953125 -2.597993850708008 908
53780 10000 0.7392578125 -2.599100112915039 1751
53790 10000 0.7568359375 -2.5999395847320557 1166
53800 10000 0.7578125 -2.6006293296813965 4033
53810 10000 0.73046875 -2.6018340587615967 8290
53820 10000 0.6923828125 -2.602753162384033 5730
53830 10000 0.7294921875 -2.6032814979553223 9929
53840 10000 0.7265625 -2.6042349338531494 7477
53850 10000 0.7138671875 -2.6050312519073486 7212
53860 10000 0.736328125 -2.6058712005615234 76
53870 10000 0.7431640625 -2.6069631576538086 8704
53880 10000 0.7509765625 -2.6075525283813477 4669
53890 10000 0.7353515625 -2.608445644378662 1576
53900 10000 0.701171875 -2.6091725826263428 8354
53910 10000 0.7109375 -2.6097702980041504 204
53920 10000 0.7373046875 -2.610590696334839 9917
53930 10000 0.748046875 -2.6115639209747314 3007
53940 10000 0.7216796875 -2.612048387527466 3380
53950 10000 0.7431640625 -2.6124324798583984 1084
53960 10000 0.7724609375 -2.6127586364746094 6489
53970 10000 0.736328125 -2.613326072692871 8949
53980 10000 0.748046875 -2.6139798164367676 8210
53990 10000 0.724609375 -2.61476731300354 6401
54000 10000 0.716796875 -2.615489959716797 3749
54010 10000 0.751953125 -2.615957260131836 1403
54020 10000 0.7177734375 -2.616844654083252 2121
54030 10000 0.7353515625 -2.617530345916748 8624
54040 10000 0.732421875 -2.6177597045898438 719
54050 10000 0.7255859375 -2.6184253692626953 489
54060 10000 0.7431640625 -2.6192212104797363 8653
54070 10000 0.7314453125 -2.61972713470459 4177
54080 10000 0.7578125 -2.620513916015625 9759
54090 10000 0.71484375 -2.6209704875946045 9235
54100 10000 0.7607421875 -2.6212716102600098 6575
54110 10000 0.748046875 -2.621952533721924 8089
54120 10000 0.7275390625 -2.6225357055664062 3464
54130 10000 0.7314453125 -2.6236560344696045 1360
54140 10000 0.74609375 -2.624484062194824 9905
54150 10000 0.720703125 -2.6255030632019043 8204
54160 10000 0.7392578125 -2.626152515411377 102
54170 10000 0.7216796875 -2.626664400100708 1422
54180 10000 0.7265625 -2.62709379196167 761
54190 10000 0.7275390625 -2.6275413036346436 7492
54200 10000 0.7353515625 -2.62808895111084 4836
54210 10000 0.712890625 -2.6286890506744385 7274
54220 10000 0.73046875 -2.629818916320801 7532
54230 10000 0.734375 -2.6302762031555176 917
54240 10000 0.7236328125 -2.63147234916687 7026
54250 10000 0.734375 -2.6320536136627197 3848
54260 10000 0.7275390625 -2.632655143737793 6846
54270 10000 0.7294921875 -2.6331675052642822 6832
54280 10000 0.751953125 -2.633848190307617 7270
54290 10000 0.7216796875 -2.6344199180603027 7317
54300 10000 0.740234375 -2.6350483894348145 6796
54310 10000 0.7412109375 -2.635928153991699 5818
54320 10000 0.708984375 -2.6367812156677246 8581
54330 10000 0.740234375 -2.637112617492676 9881
54340 10000 0.705078125 -2.638258695602417 2497
54350 10000 0.69921875 -2.6391701698303223 6930
54360 10000 0.7099609375 -2.639942169189453 440
54370 10000 0.7236328125 -2.6405820846557617 5089
54380 10000 0.7421875 -2.6411609649658203 8865
54390 10000 0.712890625 -2.6419262886047363 6365
54400 10000 0.7158203125 -2.6426000595092773 1146
54410 10000 0.7431640625 -2.643115282058716 4949
54420 10000 0.7216796875 -2.64359188079834 7327
54430 10000 0.7060546875 -2.6442325115203857 1983
54440 10000 0.7314453125 -2.64499568939209 6761
54450 10000 0.740234375 -2.645597457885742 8298
54460 10000 0.7412109375 -2.646130084991455 4952
54470 10000 0.7060546875 -2.6471495628356934 265
54480 10000 0.724609375 -2.6483497619628906 8912
54490 10000 0.7216796875 -2.6489436626434326 6123
54500 10000 0.7119140625 -2.649500846862793 7438
54510 10000 0.744140625 -2.650477647781372 4529
54520 10000 0.7294921875 -2.6514534950256348 6929
54530 10000 0.73046875 -2.652266263961792 1543
54540 10000 0.7421875 -2.653106689453125 7522
54550 10000 0.7314453125 -2.6538000106811523 2568
54560 10000 0.7060546875 -2.654282569885254 4780
54570 10000 0.7216796875 -2.6550776958465576 9488
54580 10000 0.73046875 -2.655618190765381 2998
54590 10000 0.69921875 -2.656200647354126 1758
54600 10000 0.73046875 -2.6565439701080322 4491
54610 10000 0.763671875 -2.6571948528289795 2508
54620 10000 0.71484375 -2.657857894897461 7399
54630 10000 0.7236328125 -2.65877103805542 750
54640 10000 0.7392578125 -2.6595003604888916 9276
54650 10000 0.7314453125 -2.6605772972106934 7797
54660 10000 0.7255859375 -2.6608762741088867 3120
54670 10000 0.7353515625 -2.6616876125335693 3774
54680 10000 0.705078125 -2.6623153686523438 8165
54690 10000 0.724609375 -2.6630325317382812 9545
54700 10000 0.7109375 -2.6638245582580566 7596
54710 10000 0.7529296875 -2.664557456970215 4711
54720 10000 0.712890625 -2.665039539337158 7259
54730 10000 0.7392578125 -2.6654715538024902 6850
54740 10000 0.7080078125 -2.665945529937744 2664
54750 10000 0.7021484375 -2.6669867038726807 3961
54760 10000 0.7060546875 -2.667823076248169 1793
54770 10000 0.7431640625 -2.668199062347412 1792
54780 10000 0.7080078125 -2.6687357425689697 2811
54790 10000 0.7216796875 -2.669407844543457 6131
54800 10000 0.716796875 -2.6700689792633057 2928
54810 10000 0.7138671875 -2.6707000732421875 7690
54820 10000 0.744140625 -2.671200752258301 8019
54830 10000 0.7109375 -2.6716907024383545 1802
54840 10000 0.736328125 -2.6723508834838867 9436
54850 10000 0.7197265625 -2.672961711883545 2595
54860 10000 0.73828125 -2.674283504486084 8110
54870 10000 0.7109375 -2.6745972633361816 8494
54880 10000 0.7392578125 -2.6754865646362305 1044
54890 10000 0.72265625 -2.676131248474121 8180
54900 10000 0.7255859375 -2.6769509315490723 4688
54910 10000 0.6748046875 -2.6775567531585693 7549
54920 10000 0.7265625 -2.6784799098968506 4116
54930 10000 0.736328125 -2.6793413162231445 9932
54940 10000 0.705078125 -2.6798362731933594 260
54950 10000 0.7119140625 -2.6804933547973633 5162
54960 10000 0.7109375 -2.6811816692352295 3726
54970 10000 0.7177734375 -2.6820149421691895 2039
54980 10000 0.7314453125 -2.6828598976135254 7761
54990 10000 0.716796875 -2.6833415031433105 956
55000 10000 0.703125 -2.6837637424468994 708
55010 10000 0.7333984375 -2.684171199798584 5105
55020 10000 0.7353515625 -2.6847503185272217 4032
55030 10000 0.720703125 -2.68532395362854 9313
55040 10000 0.7197265625 -2.6856861114501953 223
55050 10000 0.716796875 -2.686563014984131 2131
55060 10000 0.6904296875 -2.6869730949401855 8552
55070 10000 0.70703125 -2.6873092651367188 5741
55080 10000 0.734375 -2.687954902648926 8168
55090 10000 0.7294921875 -2.6887271404266357 2843
55100 10000 0.71484375 -2.6895036697387695 2586
55110 10000 0.7294921875 -2.6900391578674316 6607
55120 10000 0.724609375 -2.690861701965332 2610
55130 10000 0.712890625 -2.6916561126708984 5270
55140 10000 0.72265625 -2.6919660568237305 1220
55150 10000 0.7109375 -2.6926774978637695 420
55160 10000 0.7041015625 -2.6931276321411133 8399
55170 10000 0.7294921875 -2.6935391426086426 141
55180 10000 0.7158203125 -2.694103479385376 9699
55190 10000 0.7109375 -2.694579601287842 6047
55200 10000 0.72265625 -2.6952226161956787 5167
55210 10000 0.69140625 -2.696183443069458 7023
55220 10000 0.73046875 -2.6972591876983643 6507
55230 10000 0.716796875 -2.6978836059570312 6148
55240 10000 0.7451171875 -2.698469638824463 4066
55250 10000 0.728515625 -2.699223279953003 1232
55260 10000 0.73046875 -2.699770450592041 3793
55270 10000 0.71484375 -2.7010107040405273 7883
55280 10000 0.728515625 -2.701620101928711 852
55290 10000 0.7236328125 -2.7022767066955566 336
55300 10000 0.6904296875 -2.703183174133301 9574
55310 10000 0.7255859375 -2.703824996948242 7125
55320 10000 0.72265625 -2.7044215202331543 3820
55330 10000 0.708984375 -2.7049167156219482 3962
55340 10000 0.724609375 -2.705564498901367 6196
55350 10000 0.751953125 -2.706458568572998 7040
55360 10000 0.73046875 -2.7071340084075928 2520
55370 10000 0.703125 -2.7082295417785645 5659
55380 10000 0.728515625 -2.7086989879608154 2741
55390 10000 0.7158203125 -2.709292411804199 8920
55400 10000 0.70703125 -2.7097315788269043 5417
55410 10000 0.71875 -2.7103259563446045 3022
55420 10000 0.728515625 -2.710968494415283 842
55430 10000 0.720703125 -2.711639642715454 4811
55440 10000 0.7314453125 -2.7122879028320312 9983
55450 10000 0.7294921875 -2.712761402130127 7692
55460 10000 0.734375 -2.7133171558380127 3307
55470 10000 0.7294921875 -2.714442729949951 2909
55480 10000 0.6943359375 -2.715182304382324 738
55490 10000 0.732421875 -2.716092824935913 795
55500 10000 0.716796875 -2.7166032791137695 6080
55510 10000 0.7236328125 -2.7169604301452637 1737
55520 10000 0.705078125 -2.7172980308532715 9282
55530 10000 0.6845703125 -2.717846155166626 6613
55540 10000 0.7138671875 -2.7183003425598145 1998
55550 10000 0.734375 -2.7188923358917236 6435
55560 10000 0.7109375 -2.7193660736083984 4407
55570 10000 0.75 -2.720498561859131 638
55580 10000 0.7109375 -2.721252918243408 2712
55590 10000 0.7333984375 -2.7216427326202393 9023
55600 10000 0.720703125 -2.7221362590789795 5135
55610 10000 0.7080078125 -2.722841739654541 9785
55620 10000 0.7041015625 -2.7234621047973633 5477
55630 10000 0.7021484375 -2.723963975906372 3832
55640 10000 0.7060546875 -2.724325656890869 8297
55650 10000 0.72265625 -2.7250266075134277 2378
55660 10000 0.705078125 -2.7254083156585693 4934
55670 10000 0.7353515625 -2.7257513999938965 3883
55680 10000 0.7470703125 -2.726654291152954 6397
55690 10000 0.7119140625 -2.7274646759033203 3975
55700 10000 0.7099609375 -2.728050708770752 2604
55710 10000 0.7373046875 -2.728698253631592 8058
55720 10000 0.705078125 -2.7292070388793945 2100
55730 10000 0.7255859375 -2.7298967838287354 6983
55740 10000 0.720703125 -2.7307863235473633 8329
55750 10000 0.71484375 -2.7313969135284424 8986
55760 10000 0.732421875 -2.7316651344299316 8064
55770 10000 0.736328125 -2.7322680950164795 8253
55780 10000 0.7119140625 -2.7333321571350098 8526
55790 10000 0.69921875 -2.733920097351074 2541
55800 10000 0.7255859375 -2.7345447540283203 9307
55810 10000 0.68359375 -2.7351088523864746 504
55820 10000 0.740234375 -2.7359399795532227 2621
55830 10000 0.7177734375 -2.736799478530884 8528
55840 10000 0.7001953125 -2.738049268722534 8862
55850 10000 0.71484375 -2.7384848594665527 9171
55860 10000 0.716796875 -2.738908529281616 1328
55870 10000 0.708984375 -2.7393672466278076 2319
55880 10000 0.72265625 -2.739865303039551 1714
55890 10000 0.73046875 -2.7404205799102783 3034
55900 10000 0.6982421875 -2.7407116889953613 4000
55910 10000 0.7109375 -2.741349458694458 1160
55920 10000 0.7001953125 -2.741957664489746 6073
55930 10000 0.705078125 -2.7426352500915527 2791
55940 10000 0.6884765625 -2.743558406829834 8977
55950 10000 0.6884765625 -2.743907928466797 8777
55960 10000 0.701171875 -2.7444655895233154 7492
55970 10000 0.7158203125 -2.744917392730713 5741
55980 10000 0.71875 -2.745572328567505 8758
55990 10000 0.708984375 -2.746429920196533 9158
56000 10000 0.708984375 -2.7471179962158203 1698
56010 10000 0.6953125 -2.7479538917541504 761
56020 10000 0.69921875 -2.748833656311035 6440
56030 10000 0.6884765625 -2.7493104934692383 7132
56040 10000 0.716796875 -2.749605178833008 7162
56050 10000 0.71875 -2.7500834465026855 8560
56060 10000 0.6796875 -2.7506821155548096 9861
56070 10000 0.705078125 -2.751140594482422 8390
56080 10000 0.6923828125 -2.7515358924865723 9271
56090 10000 0.7275390625 -2.7523515224456787 6562
56100 10000 0.708984375 -2.752823829650879 1666
56110 10000 0.708984375 -2.7531368732452393 3311
56120 10000 0.677734375 -2.7539498805999756 9316
56130 10000 0.697265625 -2.7544169425964355 9281
56140 10000 0.69921875 -2.754929542541504 1065
56150 10000 0.71484375 -2.7556252479553223 4840
56160 10000 0.6943359375 -2.7560880184173584 7867
56170 10000 0.72265625 -2.756657838821411 6664
56180 10000 0.6787109375 -2.7573390007019043 6751
56190 10000 0.6845703125 -2.7579078674316406 5556
56200 10000 0.73046875 -2.758174419403076 5610
56210 10000 0.7080078125 -2.7586660385131836 7338
56220 10000 0.701171875 -2.7593178749084473 663
56230 10000 0.7275390625 -2.7598156929016113 348
56240 10000 0.65625 -2.7602219581604004 1098
56250 10000 0.7216796875 -2.760586977005005 5896
56260 10000 0.7060546875 -2.7613117694854736 4098
56270 10000 0.701171875 -2.7618420124053955 9419
56280 10000 0.689453125 -2.7623865604400635 1221
56290 10000 0.720703125 -2.763080358505249 4543
56300 10000 0.6943359375 -2.763406991958618 7052
56310 10000 0.69921875 -2.7641706466674805 4076
56320 10000 0.6982421875 -2.7647886276245117 8871
56330 10000 0.6904296875 -2.7652535438537598 4712
56340 10000 0.689453125 -2.7659921646118164 5346
56350 10000 0.7080078125 -2.7666797637939453 4345
56360 10000 0.7041015625 -2.7674596309661865 6578
56370 10000 0.6865234375 -2.768303632736206 3180
56380 10000 0.689453125 -2.768930435180664 9609
56390 10000 0.712890625 -2.7697811126708984 5106
56400 10000 0.7138671875 -2.770444393157959 2828
56410 10000 0.6865234375 -2.7709500789642334 8835
56420 10000 0.689453125 -2.771620988845825 6314
56430 10000 0.703125 -2.7726168632507324 6019
56440 10000 0.708984375 -2.7733511924743652 3962
56450 10000 0.673828125 -2.774038791656494 5229
56460 10000 0.6953125 -2.7744860649108887 2999
56470 10000 0.70703125 -2.7751758098602295 597
56480 10000 0.6953125 -2.7757039070129395 4326
56490 10000 0.70703125 -2.7759928703308105 6527
56500 10000 0.69921875 -2.7765369415283203 8713
56510 10000 0.7099609375 -2.777139663696289 1222
56520 10000 0.6669921875 -2.7776339054107666 9053
56530 10000 0.712890625 -2.778468608856201 7745
56540 10000 0.7099609375 -2.7793209552764893 5910
56550 10000 0.6875 -2.7799134254455566 1474
56560 10000 0.71484375 -2.7804453372955322 404
56570 10000 0.703125 -2.780724287033081 3015
56580 10000 0.697265625 -2.7815678119659424 6142
56590 10000 0.662109375 -2.7821497917175293 103
56600 10000 0.703125 -2.7827045917510986 3699
56610 10000 0.7080078125 -2.783644676208496 9981
56620 10000 0.7197265625 -2.784057855606079 7043
56630 10000 0.72265625 -2.784623146057129 6372
56640 10000 0.6806640625 -2.7851152420043945 5227
56650 10000 0.6845703125 -2.786200523376465 633
56660 10000 0.708984375 -2.786745548248291 2524
56670 10000 0.697265625 -2.787174701690674 9040
56680 10000 0.6796875 -2.7874460220336914 8796
56690 10000 0.7080078125 -2.787968158721924 874
56700 10000 0.7138671875 -2.7884280681610107 9159
56710 10000 0.701171875 -2.7891485691070557 5173
56720 10000 0.685546875 -2.789510726928711 2860
56730 10000 0.6875 -2.7902297973632812 7268
56740 10000 0.7119140625 -2.790668249130249 9057
56750 10000 0.7021484375 -2.7911887168884277 9325
56760 10000 0.7021484375 -2.7918550968170166 7011
56770 10000 0.6787109375 -2.792468786239624 9710
56780 10000 0.6767578125 -2.793059825897217 5539
56790 10000 0.697265625 -2.7935919761657715 6250
56800 10000 0.6748046875 -2.79400634765625 8993
56810 10000 0.6904296875 -2.7945237159729004 4461
56820 10000 0.6865234375 -2.7951276302337646 2630
56830 10000 0.6953125 -2.795485734939575 9615
56840 10000 0.6943359375 -2.796024799346924 2369
56850 10000 0.7119140625 -2.796828269958496 6282
56860 10000 0.6923828125 -2.7978603839874268 8427
56870 10000 0.69140625 -2.7983412742614746 8266
56880 10000 0.6875 -2.798739433288574 3540
56890 10000 0.671875 -2.799028158187866 6731
56900 10000 0.70703125 -2.7993500232696533 4715
56910 10000 0.6943359375 -2.7998180389404297 6231
56920 10000 0.662109375 -2.8001999855041504 5620
56930 10000 0.669921875 -2.800745964050293 5836
56940 10000 0.6845703125 -2.8010997772216797 2327
56950 10000 0.7138671875 -2.801581859588623 7275
56960 10000 0.69921875 -2.802356719970703 3630
56970 10000 0.720703125 -2.803152084350586 7982
56980 10000 0.677734375 -2.8038692474365234 5398
56990 10000 0.6865234375 -2.8045055866241455 9129
57000 10000 0.6875 -2.805145263671875 3635
57010 10000 0.6728515625 -2.8056013584136963 9035
57020 10000 0.677734375 -2.806063175201416 7176
57030 10000 0.677734375 -2.8066697120666504 3718
57040 10000 0.685546875 -2.8073525428771973 1626
57050 10000 0.7197265625 -2.8077640533447266 5745
57060 10000 0.6806640625 -2.8082756996154785 562
57070 10000 0.689453125 -2.8087382316589355 4889
57080 10000 0.6591796875 -2.8095057010650635 5329
57090 10000 0.7080078125 -2.810140609741211 7774
57100 10000 0.685546875 -2.8104851245880127 8146
57110 10000 0.7021484375 -2.8111202716827393 6224
57120 10000 0.6884765625 -2.8114612102508545 5802
57130 10000 0.7197265625 -2.811974287033081 5247
57140 10000 0.6689453125 -2.8129115104675293 813
57150 10000 0.7138671875 -2.8135876655578613 4228
57160 10000 0.6630859375 -2.8142919540405273 2749
57170 10000 0.669921875 -2.814859390258789 7780
57180 10000 0.681640625 -2.815183639526367 6563
57190 10000 0.71484375 -2.8155438899993896 8599
57200 10000 0.708984375 -2.8162312507629395 4089
57210 10000 0.7001953125 -2.816514492034912 7467
57220 10000 0.7197265625 -2.816990852355957 4416
57230 10000 0.6943359375 -2.817427635192871 3666
57240 10000 0.6845703125 -2.8178820610046387 1938
57250 10000 0.6806640625 -2.8184449672698975 8460
57260 10000 0.6884765625 -2.8186376094818115 7607
57270 10000 0.669921875 -2.8190970420837402 9613
57280 10000 0.669921875 -2.8198766708374023 7197
57290 10000 0.6884765625 -2.820424795150757 530
57300 10000 0.6884765625 -2.8211870193481445 7216
57310 10000 0.693359375 -2.8216915130615234 252
57320 10000 0.685546875 -2.8224310874938965 3758
57330 10000 0.681640625 -2.8228325843811035 2952
57340 10000 0.7060546875 -2.823254108428955 924
57350 10000 0.6962890625 -2.823845148086548 4159
57360 10000 0.701171875 -2.82454252243042 2996
57370 10000 0.69921875 -2.8251287937164307 715
57380 10000 0.6533203125 -2.825593948364258 3415
57390 10000 0.6884765625 -2.826308250427246 5482
57400 10000 0.68359375 -2.8268449306488037 7821
57410 10000 0.6884765625 -2.8272531032562256 3885
57420 10000 0.6953125 -2.8276658058166504 4120
57430 10000 0.6923828125 -2.8281753063201904 4589
57440 10000 0.701171875 -2.828713893890381 4507
57450 10000 0.6806640625 -2.829226016998291 6969
57460 10000 0.6923828125 -2.829801321029663 3916
57470 10000 0.6904296875 -2.830270290374756 5431
57480 10000 0.6796875 -2.830568790435791 4483
57490 10000 0.65625 -2.83103609085083 204
57500 10000 0.6767578125 -2.8315138816833496 2406
57510 10000 0.7001953125 -2.831735134124756 7485
57520 10000 0.69140625 -2.8321759700775146 8933
57530 10000 0.6708984375 -2.8329172134399414 8035
57540 10000 0.6884765625 -2.8334784507751465 5869
57550 10000 0.697265625 -2.8337650299072266 2922
57560 10000 0.6767578125 -2.834437847137451 9654
57570 10000 0.6708984375 -2.8350155353546143 9327
57580 10000 0.6708984375 -2.83569073677063 4991
57590 10000 0.70703125 -2.836108684539795 1557
57600 10000 0.681640625 -2.8365581035614014 1642
57610 10000 0.6982421875 -2.837179660797119 8945
57620 10000 0.69921875 -2.8377110958099365 6297
57630 10000 0.6416015625 -2.8381471633911133 7818
57640 10000 0.6787109375 -2.838601589202881 7656
57650 10000 0.6748046875 -2.8390486240386963 288
57660 10000 0.6904296875 -2.8393688201904297 4654
57670 10000 0.69921875 -2.8398871421813965 2858
57680 10000 0.6767578125 -2.840385675430298 5629
57690 10000 0.66015625 -2.841090440750122 4973
57700 10000 0.701171875 -2.8417365550994873 5027
57710 10000 0.681640625 -2.8424243927001953 2445
57720 10000 0.671875 -2.842956781387329 3997
57730 10000 0.69921875 -2.8433237075805664 1287
57740 10000 0.67578125 -2.8436739444732666 9068
57750 10000 0.6845703125 -2.8442130088806152 6945
57760 10000 0.7158203125 -2.844630718231201 2886
57770 10000 0.693359375 -2.845294952392578 2267
57780 10000 0.69140625 -2.8456296920776367 615
57790 10000 0.673828125 -2.8461415767669678 4139
57800 10000 0.6826171875 -2.8464269638061523 7325
57810 10000 0.6826171875 -2.846907138824463 8103
57820 10000 0.6806640625 -2.84736967086792 592
57830 10000 0.671875 -2.8477683067321777 8238
57840 10000 0.66796875 -2.848247528076172 8588
57850 10000 0.6748046875 -2.8489770889282227 8137
57860 10000 0.69921875 -2.8493871688842773 7352
57870 10000 0.689453125 -2.8499250411987305 1872
57880 10000 0.6728515625 -2.850297689437866 9764
57890 10000 0.662109375 -2.850759267807007 9732
57900 10000 0.6904296875 -2.851104259490967 4745
57910 10000 0.693359375 -2.851691246032715 4513
57920 10000 0.693359375 -2.852177619934082 2447
57930 10000 0.6748046875 -2.8526382446289062 5262
57940 10000 0.677734375 -2.8531270027160645 5031
57950 10000 0.6796875 -2.8535611629486084 957
57960 10000 0.712890625 -2.8542182445526123 1945
57970 10000 0.6591796875 -2.8546619415283203 6720
57980 10000 0.658203125 -2.8551900386810303 1437
57990 10000 0.6806640625 -2.855579376220703 4712
58000 10000 0.6640625 -2.856130361557007 7918
58010 10000 0.677734375 -2.8565359115600586 9890
58020 10000 0.6943359375 -2.8570103645324707 5788
58030 10000 0.662109375 -2.8574752807617188 3530
58040 10000 0.6494140625 -2.8578996658325195 5145
58050 10000 0.669921875 -2.85833740234375 6092
58060 10000 0.6689453125 -2.8589751720428467 3675
58070 10000 0.6767578125 -2.8596243858337402 1137
58080 10000 0.6787109375 -2.8602352142333984 7026
58090 10000 0.6708984375 -2.860596179962158 9933
58100 10000 0.6875 -2.861140489578247 1909
58110 10000 0.67578125 -2.861610174179077 245
58120 10000 0.681640625 -2.8619790077209473 730
58130 10000 0.6474609375 -2.862420082092285 6203
58140 10000 0.673828125 -2.8630423545837402 636
58150 10000 0.6591796875 -2.863647699356079 1226
58160 10000 0.685546875 -2.864192247390747 4947
58170 10000 0.650390625 -2.864565372467041 9843
58180 10000 0.6533203125 -2.864828109741211 3302
58190 10000 0.65625 -2.8653314113616943 2470
58200 10000 0.6484375 -2.8657736778259277 1394
58210 10000 0.6689453125 -2.866335868835449 5855
58220 10000 0.658203125 -2.8669300079345703 8735
58230 10000 0.6416015625 -2.867406129837036 4706
58240 10000 0.69921875 -2.868152618408203 3863
58250 10000 0.6708984375 -2.8685779571533203 5734
58260 10000 0.68359375 -2.8692264556884766 5018
58270 10000 0.67578125 -2.870028018951416 7924
58280 10000 0.669921875 -2.8705925941467285 1646
58290 10000 0.6455078125 -2.871035099029541 5887
58300 10000 0.6962890625 -2.8714611530303955 5838
58310 10000 0.6923828125 -2.871741533279419 475
58320 10000 0.6689453125 -2.8722853660583496 4690
58330 10000 0.642578125 -2.872600793838501 9579
58340 10000 0.65625 -2.872885227203369 9536
58350 10000 0.669921875 -2.8734049797058105 5714
58360 10000 0.66796875 -2.873969554901123 7219
58370 10000 0.6728515625 -2.874415397644043 9059
58380 10000 0.6767578125 -2.8748927116394043 8117
58390 10000 0.66796875 -2.8753738403320312 6440
58400 10000 0.693359375 -2.875669002532959 9544
58410 10000 0.6455078125 -2.8759493827819824 5111
58420 10000 0.6806640625 -2.876481533050537 5125
58430 10000 0.646484375 -2.8766868114471436 2705
58440 10000 0.67578125 -2.877103090286255 6701
58450 10000 0.697265625 -2.8774561882019043 9099
58460 10000 0.6943359375 -2.877800464630127 8225
58470 10000 0.6708984375 -2.8782286643981934 4607
58480 10000 0.666015625 -2.878772258758545 7870
58490 10000 0.6611328125 -2.8791890144348145 6681
58500 10000 0.6572265625 -2.879436492919922 4143
58510 10000 0.6640625 -2.879960298538208 8046
58520 10000 0.68359375 -2.8803586959838867 628
58530 10000 0.6591796875 -2.8806979656219482 4503
58540 10000 0.6962890625 -2.881197452545166 6883
58550 10000 0.666015625 -2.8815131187438965 8664
58560 10000 0.67578125 -2.8819735050201416 9651
58570 10000 0.67578125 -2.88222074508667 9619
58580 10000 0.6630859375 -2.882392406463623 2618
58590 10000 0.673828125 -2.883235454559326 5348
58600 10000 0.6650390625 -2.8837618827819824 5740
58610 10000 0.66015625 -2.88419771194458 6941
58620 10000 0.6884765625 -2.8846182823181152 6707
58630 10000 0.666015625 -2.885209560394287 6454
58640 10000 0.68359375 -2.8856139183044434 9581
58650 10000 0.6630859375 -2.8861782550811768 2533
58660 10000 0.681640625 -2.8866264820098877 9791
58670 10000 0.646484375 -2.887564182281494 9763
58680 10000 0.6572265625 -2.8879024982452393 7942
58690 10000 0.6572265625 -2.888339042663574 7624
58700 10000 0.669921875 -2.8888139724731445 1293
58710 10000 0.6640625 -2.8893849849700928 3954
58720 10000 0.705078125 -2.8898465633392334 3709
58730 10000 0.673828125 -2.8900556564331055 8876
58740 10000 0.6650390625 -2.890435218811035 6907
58750 10000 0.671875 -2.8908491134643555 141
58760 10000 0.66796875 -2.8912999629974365 6126
58770 10000 0.65234375 -2.8918097019195557 4212
58780 10000 0.6572265625 -2.892275810241699 2163
58790 10000 0.666015625 -2.892812490463257 9490
58800 10000 0.6572265625 -2.893528699874878 6658
58810 10000 0.666015625 -2.894035577774048 4906
58820 10000 0.658203125 -2.894482135772705 33
58830 10000 0.662109375 -2.894883155822754 3043
58840 10000 0.669921875 -2.8954272270202637 596
58850 10000 0.65234375 -2.895833730697632 3344
58860 10000 0.6640625 -2.8962960243225098 7370
58870 10000 0.6484375 -2.8966283798217773 6294
58880 10000 0.6689453125 -2.897068500518799 6620
58890 10000 0.658203125 -2.897406816482544 5675
58900 10000 0.6630859375 -2.898003578186035 8468
58910 10000 0.669921875 -2.8983869552612305 902
58920 10000 0.6708984375 -2.898890972137451 8441
58930 10000 0.6806640625 -2.899221420288086 8576
58940 10000 0.654296875 -2.8997278213500977 6042
58950 10000 0.666015625 -2.900440216064453 1195
58960 10000 0.6640625 -2.9011785984039307 1872
58970 10000 0.6533203125 -2.901691436767578 1469
58980 10000 0.6728515625 -2.90202260017395 7409
58990 10000 0.6572265625 -2.90250563621521 6763
59000 10000 0.662109375 -2.9029765129089355 3684
59010 10000 0.650390625 -2.9034581184387207 1503
59020 10000 0.6689453125 -2.903972864151001 6221
59030 10000 0.6552734375 -2.9043612480163574 1216
59040 10000 0.6474609375 -2.9046578407287598 5091
59050 10000 0.6552734375 -2.905350923538208 7386
59060 10000 0.6611328125 -2.9057350158691406 499
59070 10000 0.6591796875 -2.9060847759246826 6103
59080 10000 0.658203125 -2.9064955711364746 921
59090 10000 0.6669921875 -2.906953811645508 1072
59100 10000 0.66015625 -2.907650947570801 2606
59110 10000 0.6669921875 -2.907888650894165 3473
59120 10000 0.642578125 -2.9083914756774902 8155
59130 10000 0.64453125 -2.908918857574463 5492
59140 10000 0.64453125 -2.909344434738159 4380
59150 10000 0.671875 -2.9096665382385254 2351
59160 10000 0.6865234375 -2.9099783897399902 8371
59170 10000 0.662109375 -2.910425901412964 8627
59180 10000 0.6357421875 -2.911172389984131 9242
59190 10000 0.658203125 -2.9116077423095703 2050
59200 10000 0.6767578125 -2.91211199760437 4645
59210 10000 0.642578125 -2.912646770477295 8328
59220 10000 0.6962890625 -2.913121461868286 4794
59230 10000 0.6728515625 -2.9136838912963867 7500
59240 10000 0.66015625 -2.9141340255737305 7761
59250 10000 0.6650390625 -2.9146337509155273 3991
59260 10000 0.6630859375 -2.9150888919830322 160
59270 10000 0.640625 -2.915548801422119 970
59280 10000 0.65234375 -2.9160685539245605 3958
59290 10000 0.68359375 -2.9163451194763184 546
59300 10000 0.662109375 -2.9167258739471436 9528
59310 10000 0.658203125 -2.9171652793884277 4383
59320 10000 0.6787109375 -2.917440891265869 9047
59330 10000 0.6611328125 -2.9178733825683594 1897
59340 10000 0.6298828125 -2.918428659439087 3395
59350 10000 0.66015625 -2.9187610149383545 8597
59360 10000 0.650390625 -2.919137954711914 8102
59370 10000 0.6669921875 -2.920109272003174 7292
59380 10000 0.6630859375 -2.9204487800598145 4959
59390 10000 0.638671875 -2.920952081680298 2219
59400 10000 0.6689453125 -2.9212937355041504 6707
59410 10000 0.6435546875 -2.9220194816589355 1511
59420 10000 0.6904296875 -2.9224588871002197 7124
59430 10000 0.6611328125 -2.9227590560913086 1742
59440 10000 0.6455078125 -2.92350172996521 2267
59450 10000 0.6552734375 -2.9241385459899902 1561
59460 10000 0.65234375 -2.9244346618652344 8214
59470 10000 0.6533203125 -2.924711227416992 6823
59480 10000 0.6572265625 -2.9253783226013184 8571
59490 10000 0.6650390625 -2.925828695297241 5767
59500 10000 0.662109375 -2.9263992309570312 1126
59510 10000 0.6669921875 -2.926976203918457 1731
59520 10000 0.677734375 -2.927302360534668 5396
59530 10000 0.6630859375 -2.9275670051574707 4873
59540 10000 0.6484375 -2.9279367923736572 3960
59550 10000 0.6552734375 -2.928337812423706 9078
59560 10000 0.6650390625 -2.9290692806243896 1833
59570 10000 0.6806640625 -2.929511070251465 9232
59580 10000 0.6474609375 -2.9298717975616455 932
59590 10000 0.6650390625 -2.9304091930389404 8073
59600 10000 0.6328125 -2.9306869506835938 2560
59610 10000 0.654296875 -2.931079864501953 8602
59620 10000 0.658203125 -2.931694984436035 7805
59630 10000 0.6533203125 -2.932126045227051 119
59640 10000 0.6708984375 -2.9324755668640137 3899
59650 10000 0.6630859375 -2.932755470275879 1671
59660 10000 0.66796875 -2.933454990386963 6619
59670 10000 0.638671875 -2.9338111877441406 4025
59680 10000 0.642578125 -2.9339563846588135 9824
59690 10000 0.6669921875 -2.934386730194092 6742
59700 10000 0.630859375 -2.9348576068878174 2878
59710 10000 0.6611328125 -2.9351749420166016 7791
59720 10000 0.6552734375 -2.9356348514556885 274
59730 10000 0.619140625 -2.9359936714172363 2414
59740 10000 0.662109375 -2.936519145965576 2839
59750 10000 0.654296875 -2.937052011489868 2950
59760 10000 0.63671875 -2.9373738765716553 3106
59770 10000 0.6611328125 -2.9376261234283447 8942
59780 10000 0.6220703125 -2.937885046005249 3014
59790 10000 0.666015625 -2.9382998943328857 5313
59800 10000 0.6796875 -2.9388623237609863 2540
59810 10000 0.666015625 -2.939267158508301 5124
59820 10000 0.646484375 -2.9396286010742188 1215
59830 10000 0.62109375 -2.9398255348205566 3744
59840 10000 0.6318359375 -2.9401392936706543 3292
59850 10000 0.6220703125 -2.940530300140381 9784
59860 10000 0.6357421875 -2.94095778465271 5086
59870 10000 0.650390625 -2.9413414001464844 4003
59880 10000 0.666015625 -2.941953659057617 4678
59890 10000 0.634765625 -2.942426919937134 2464
59900 10000 0.6806640625 -2.9428303241729736 2851
59910 10000 0.626953125 -2.943349599838257 7931
59920 10000 0.66015625 -2.943702459335327 4842
59930 10000 0.625 -2.9440624713897705 5496
59940 10000 0.6279296875 -2.944582939147949 7419
59950 10000 0.6494140625 -2.9449548721313477 3834
59960 10000 0.61328125 -2.945402145385742 5281
59970 10000 0.640625 -2.945687770843506 8808
59980 10000 0.6474609375 -2.946241617202759 7587
59990 10000 0.6748046875 -2.946622133255005 4027
60000 10000 0.6650390625 -2.947078227996826 2697
60010 10000 0.64453125 -2.9474120140075684 8081
60020 10000 0.623046875 -2.9478142261505127 541
60030 10000 0.6484375 -2.9484896659851074 2712
60040 10000 0.6591796875 -2.9487900733947754 892
60050 10000 0.6298828125 -2.949476480484009 2358
60060 10000 0.640625 -2.9498724937438965 9975
60070 10000 0.6748046875 -2.9503588676452637 1272
60080 10000 0.6396484375 -2.9506044387817383 403
60090 10000 0.64453125 -2.9508230686187744 9236
60100 10000 0.6435546875 -2.9511775970458984 4062
60110 10000 0.64453125 -2.9514777660369873 7373
60120 10000 0.6513671875 -2.9522705078125 3739
60130 10000 0.654296875 -2.9527201652526855 6761
60140 10000 0.63671875 -2.953064441680908 6641
60150 10000 0.6376953125 -2.953446388244629 7096
60160 10000 0.6318359375 -2.9538040161132812 7891
60170 10000 0.646484375 -2.9541854858398438 6714
60180 10000 0.6474609375 -2.954709529876709 8849
60190 10000 0.6513671875 -2.954944610595703 1627
60200 10000 0.6962890625 -2.955260992050171 2365
60210 10000 0.6259765625 -2.955504894256592 7767
60220 10000 0.6572265625 -2.955904006958008 978
60230 10000 0.642578125 -2.956331729888916 1648
60240 10000 0.62890625 -2.9570937156677246 3659
60250 10000 0.64453125 -2.9573593139648438 5686
60260 10000 0.6123046875 -2.957777976989746 8864
60270 10000 0.626953125 -2.9581151008605957 6535
60280 10000 0.6376953125 -2.958726406097412 3279
60290 10000 0.626953125 -2.959073781967163 3352
60300 10000 0.6455078125 -2.959608793258667 4363
60310 10000 0.6259765625 -2.960076093673706 7543
60320 10000 0.6650390625 -2.9604856967926025 7775
60330 10000 0.646484375 -2.9612014293670654 3513
60340 10000 0.6259765625 -2.9615330696105957 2458
60350 10000 0.630859375 -2.9622392654418945 721
60360 10000 0.62890625 -2.962587356567383 5573
60370 10000 0.642578125 -2.962843418121338 8592
60380 10000 0.6357421875 -2.9634318351745605 3824
60390 10000 0.638671875 -2.9637694358825684 4350
60400 10000 0.6611328125 -2.9641318321228027 4420
60410 10000 0.666015625 -2.964421510696411 5346
60420 10000 0.6484375 -2.9647274017333984 1089
60430 10000 0.62890625 -2.965021848678589 6947
60440 10000 0.6494140625 -2.965604305267334 1830
60450 10000 0.6396484375 -2.965963125228882 5625
60460 10000 0.6591796875 -2.966320514678955 6140
60470 10000 0.6416015625 -2.9666543006896973 450
60480 10000 0.6396484375 -2.967215061187744 95
60490 10000 0.64453125 -2.9676132202148438 1442
60500 10000 0.6337890625 -2.967924118041992 1763
60510 10000 0.6220703125 -2.968189239501953 844
60520 10000 0.6181640625 -2.9685256481170654 9080
60530 10000 0.654296875 -2.968752145767212 7189
60540 10000 0.6259765625 -2.9691896438598633 6393
60550 10000 0.6162109375 -2.969696044921875 9086
60560 10000 0.6220703125 -2.970195770263672 9975
60570 10000 0.640625 -2.970726251602173 380
60580 10000 0.6337890625 -2.97102689743042 6480
60590 10000 0.63671875 -2.9715120792388916 9362
60600 10000 0.6396484375 -2.9718542098999023 2572
60610 10000 0.67578125 -2.972365140914917 1028
60620 10000 0.6396484375 -2.9728643894195557 6116
60630 10000 0.62109375 -2.973191738128662 9683
60640 10000 0.642578125 -2.9735374450683594 5847
60650 10000 0.61328125 -2.973893880844116 8731
60660 10000 0.640625 -2.974112033843994 9862
60670 10000 0.6064453125 -2.9745941162109375 3228
60680 10000 0.6279296875 -2.9750397205352783 9982
60690 10000 0.62890625 -2.975411891937256 890
60700 10000 0.6162109375 -2.9757163524627686 3837
60710 10000 0.6328125 -2.9760966300964355 7169
60720 10000 0.654296875 -2.9764013290405273 667
60730 10000 0.6376953125 -2.9768595695495605 5229
60740 10000 0.61328125 -2.9772605895996094 186
60750 10000 0.62890625 -2.977766990661621 3406
60760 10000 0.6396484375 -2.9783077239990234 947
60770 10000 0.6357421875 -2.9788978099823 4330
60780 10000 0.626953125 -2.9794204235076904 3684
60790 10000 0.6298828125 -2.979874610900879 1955
60800 10000 0.6318359375 -2.980142831802368 6969
60810 10000 0.640625 -2.980599880218506 1927
60820 10000 0.6025390625 -2.981086492538452 154
60830 10000 0.63671875 -2.981379508972168 5837
60840 10000 0.60546875 -2.9819817543029785 3176
60850 10000 0.65625 -2.982335090637207 3073
60860 10000 0.634765625 -2.9825844764709473 7672
60870 10000 0.62890625 -2.9829206466674805 6901
60880 10000 0.6357421875 -2.983304500579834 9667
60890 10000 0.646484375 -2.983673095703125 5501
60900 10000 0.6181640625 -2.983940601348877 6451
60910 10000 0.611328125 -2.9841973781585693 3965
60920 10000 0.6376953125 -2.984647274017334 355
60930 10000 0.619140625 -2.9850454330444336 7369
60940 10000 0.62109375 -2.9854047298431396 3429
60950 10000 0.6259765625 -2.9855639934539795 4390
60960 10000 0.640625 -2.985966444015503 4059
60970 10000 0.6171875 -2.986462116241455 9786
60980 10000 0.62109375 -2.9867987632751465 216
60990 10000 0.61328125 -2.9871902465820312 1434
61000 10000 0.6162109375 -2.987528085708618 7054
61010 10000 0.6240234375 -2.988034963607788 3255
61020 10000 0.650390625 -2.98842716217041 3127
61030 10000 0.634765625 -2.9886679649353027 1311
61040 10000 0.6318359375 -2.9889731407165527 5982
61050 10000 0.6171875 -2.989349126815796 7218
61060 10000 0.6298828125 -2.9897513389587402 7253
61070 10000 0.6474609375 -2.9900784492492676 2051
61080 10000 0.6376953125 -2.990230083465576 5542
61090 10000 0.61328125 -2.9908764362335205 5386
61100 10000 0.603515625 -2.9911627769470215 7556
61110 10000 0.6337890625 -2.991579532623291 3889
61120 10000 0.6484375 -2.9918861389160156 5229
61130 10000 0.6201171875 -2.9921770095825195 2098
61140 10000 0.619140625 -2.9925715923309326 7133
61150 10000 0.6123046875 -2.992882251739502 7127
61160 10000 0.6259765625 -2.9932377338409424 5216
61170 10000 0.6123046875 -2.99355411529541 6244
61180 10000 0.599609375 -2.9937570095062256 8036
61190 10000 0.6240234375 -2.994276285171509 8488
61200 10000 0.623046875 -2.9945473670959473 6100
61210 10000 0.6064453125 -2.994995594024658 5137
61220 10000 0.623046875 -2.9952147006988525 4743
61230 10000 0.619140625 -2.995435953140259 7008
61240 10000 0.6259765625 -2.99580717086792 2619
61250 10000 0.60546875 -2.9961998462677 6028
61260 10000 0.638671875 -2.996654510498047 1077
61270 10000 0.6220703125 -2.9969966411590576 4281
61280 10000 0.625 -2.997303009033203 5112
61290 10000 0.6015625 -2.9976847171783447 1992
61300 10000 0.6318359375 -2.997988700866699 3875
61310 10000 0.626953125 -2.9982964992523193 1799
61320 10000 0.6064453125 -2.9986495971679688 2387
61330 10000 0.6201171875 -2.999093532562256 6304
61340 10000 0.5810546875 -2.999436855316162 5976
61350 10000 0.6279296875 -2.9996323585510254 6120
61360 10000 0.6318359375 -2.9999263286590576 2173
61370 10000 0.630859375 -3.000222682952881 2328
61380 10000 0.6044921875 -3.000563621520996 8260
61390 10000 0.611328125 -3.0009803771972656 3836
61400 10000 0.6259765625 -3.00126314163208 9107
61410 10000 0.62890625 -3.0015110969543457 4514
61420 10000 0.6123046875 -3.001723289489746 2357
61430 10000 0.619140625 -3.001972198486328 9514
61440 10000 0.6318359375 -3.002537727355957 7860
61450 10000 0.6318359375 -3.002741575241089 3633
61460 10000 0.6337890625 -3.0032501220703125 2964
61470 10000 0.623046875 -3.003535747528076 8895
61480 10000 0.587890625 -3.0039188861846924 4490
61490 10000 0.640625 -3.004396677017212 1211
61500 10000 0.638671875 -3.0049662590026855 9041
61510 10000 0.626953125 -3.0054197311401367 1340
61520 10000 0.6279296875 -3.0058271884918213 2495
61530 10000 0.619140625 -3.006073236465454 6760
61540 10000 0.6103515625 -3.0063037872314453 4266
61550 10000 0.603515625 -3.006626844406128 8941
61560 10000 0.5986328125 -3.0069961547851562 5936
61570 10000 0.60546875 -3.007239818572998 8292
61580 10000 0.634765625 -3.0076241493225098 4110
61590 10000 0.630859375 -3.0078444480895996 2042
61600 10000 0.62109375 -3.008183002471924 9777
61610 10000 0.6240234375 -3.008479595184326 3769
61620 10000 0.6240234375 -3.008784055709839 953
61630 10000 0.62890625 -3.00931453704834 8073
61640 10000 0.6123046875 -3.0096592903137207 7665
61650 10000 0.56640625 -3.009899854660034 4570
61660 10000 0.6474609375 -3.0102124214172363 282
61670 10000 0.59765625 -3.010481834411621 93
61680 10000 0.634765625 -3.0106239318847656 8714
61690 10000 0.6103515625 -3.0111021995544434 9787
61700 10000 0.634765625 -3.011488437652588 6702
61710 10000 0.61328125 -3.0119080543518066 1672
61720 10000 0.58984375 -3.0122036933898926 4262
61730 10000 0.59375 -3.012409210205078 947
61740 10000 0.595703125 -3.0125985145568848 2274
61750 10000 0.607421875 -3.0129497051239014 7242
61760 10000 0.599609375 -3.0133910179138184 5303
61770 10000 0.609375 -3.0136237144470215 4790
61780 10000 0.6044921875 -3.0138423442840576 3470
61790 10000 0.646484375 -3.0143215656280518 3602
61800 10000 0.6064453125 -3.014737606048584 5181
61810 10000 0.6123046875 -3.0148379802703857 1513
61820 10000 0.6201171875 -3.0151495933532715 1719
61830 10000 0.62890625 -3.0153615474700928 4421
61840 10000 0.611328125 -3.015854835510254 1905
61850 10000 0.619140625 -3.016317844390869 6476
61860 10000 0.603515625 -3.016740560531616 5529
61870 10000 0.5830078125 -3.016982316970825 7045
61880 10000 0.615234375 -3.0173377990722656 3941
61890 10000 0.6259765625 -3.0174407958984375 9577
61900 10000 0.6396484375 -3.0177125930786133 3370
61910 10000 0.5751953125 -3.017911434173584 8714
61920 10000 0.6220703125 -3.018263816833496 5516
61930 10000 0.6162109375 -3.018679141998291 3214
61940 10000 0.6142578125 -3.0190558433532715 5550
61950 10000 0.6201171875 -3.0194499492645264 2079
61960 10000 0.5986328125 -3.0197789669036865 7928
61970 10000 0.6142578125 -3.0202102661132812 639
61980 10000 0.6416015625 -3.0205631256103516 4910
61990 10000 0.5947265625 -3.020810127258301 3840
62000 10000 0.5927734375 -3.021242141723633 6895
62010 10000 0.6298828125 -3.0217385292053223 1938
62020 10000 0.60546875 -3.0221214294433594 2701
62030 10000 0.5986328125 -3.0224311351776123 9090
62040 10000 0.587890625 -3.0230231285095215 1945
62050 10000 0.6015625 -3.023458480834961 1662
62060 10000 0.59765625 -3.0236892700195312 8578
62070 10000 0.6259765625 -3.0238919258117676 3262
62080 10000 0.6328125 -3.024160623550415 1340
62090 10000 0.6201171875 -3.0245094299316406 1901
62100 10000 0.6064453125 -3.0249717235565186 3171
62110 10000 0.5966796875 -3.0254921913146973 8807
62120 10000 0.6103515625 -3.0259408950805664 9089
62130 10000 0.609375 -3.0262277126312256 6035
62140 10000 0.6220703125 -3.026585102081299 5607
62150 10000 0.6318359375 -3.026919364929199 7048
62160 10000 0.607421875 -3.0273163318634033 3882
62170 10000 0.607421875 -3.027688503265381 6009
62180 10000 0.5986328125 -3.0280046463012695 6753
62190 10000 0.6005859375 -3.0283334255218506 8602
62200 10000 0.619140625 -3.0286412239074707 7642
62210 10000 0.6015625 -3.0289955139160156 1457
62220 10000 0.6015625 -3.0293588638305664 4641
62230 10000 0.5986328125 -3.029737949371338 3388
62240 10000 0.5927734375 -3.0299854278564453 7869
62250 10000 0.5732421875 -3.0301365852355957 2391
62260 10000 0.603515625 -3.030423402786255 5310
62270 10000 0.6103515625 -3.0307559967041016 8005
62280 10000 0.603515625 -3.031132936477661 7529
62290 10000 0.603515625 -3.031503677368164 762
62300 10000 0.6416015625 -3.0318398475646973 7902
62310 10000 0.6181640625 -3.0321130752563477 159
62320 10000 0.591796875 -3.0323524475097656 8580
62330 10000 0.5986328125 -3.0326356887817383 390
62340 10000 0.6162109375 -3.032991886138916 2382
62350 10000 0.5849609375 -3.0333616733551025 2548
62360 10000 0.576171875 -3.033604860305786 321
62370 10000 0.6083984375 -3.033909559249878 8720
62380 10000 0.5986328125 -3.034163475036621 2989
62390 10000 0.57421875 -3.0344996452331543 8938
62400 10000 0.60546875 -3.035050392150879 2490
62410 10000 0.6201171875 -3.0353355407714844 6743
62420 10000 0.5859375 -3.0356192588806152 8117
62430 10000 0.578125 -3.036058187484741 7239
62440 10000 0.6044921875 -3.036533832550049 935
62450 10000 0.6044921875 -3.0369553565979004 5630
62460 10000 0.5927734375 -3.0372841358184814 7205
62470 10000 0.626953125 -3.037613868713379 3521
62480 10000 0.58984375 -3.037952184677124 6854
62490 10000 0.5966796875 -3.0383098125457764 4504
62500 10000 0.5869140625 -3.038583755493164 2553
62510 10000 0.6025390625 -3.038790702819824 3136
62520 10000 0.580078125 -3.03910493850708 7288
62530 10000 0.5859375 -3.0396952629089355 7378
62540 10000 0.6064453125 -3.0398950576782227 3046
62550 10000 0.58984375 -3.040102005004883 3760
62560 10000 0.611328125 -3.040344715118408 7002
62570 10000 0.5771484375 -3.0405592918395996 5952
62580 10000 0.60546875 -3.0408992767333984 1058
62590 10000 0.58984375 -3.041062355041504 1450
62600 10000 0.61328125 -3.041435480117798 9342
62610 10000 0.5615234375 -3.041874647140503 7442
62620 10000 0.572265625 -3.0421385765075684 5207
62630 10000 0.6103515625 -3.0423409938812256 7520
62640 10000 0.5947265625 -3.0426249504089355 7752
62650 10000 0.5966796875 -3.042909622192383 5983
62660 10000 0.630859375 -3.0431277751922607 9429
62670 10000 0.58203125 -3.043388843536377 8120
62680 10000 0.6181640625 -3.0437986850738525 8444
62690 10000 0.595703125 -3.043924570083618 7418
62700 10000 0.5947265625 -3.044220447540283 5544
62710 10000 0.5986328125 -3.044400930404663 2981
62720 10000 0.62109375 -3.0448403358459473 5100
62730 10000 0.6015625 -3.04512882232666 1331
62740 10000 0.6044921875 -3.0454702377319336 4227
62750 10000 0.576171875 -3.045856475830078 1259
62760 10000 0.5810546875 -3.0463366508483887 3258
62770 10000 0.6015625 -3.046640396118164 9858
62780 10000 0.576171875 -3.0469818115234375 9778
62790 10000 0.59765625 -3.04728364944458 7637
62800 10000 0.6064453125 -3.0476112365722656 1917
62810 10000 0.623046875 -3.047764301300049 9247
62820 10000 0.607421875 -3.048077344894409 8776
62830 10000 0.5986328125 -3.048462152481079 2127
62840 10000 0.576171875 -3.0488483905792236 4128
62850 10000 0.5966796875 -3.0491695404052734 8535
62860 10000 0.599609375 -3.0493640899658203 2938
62870 10000 0.5732421875 -3.0496931076049805 5247
62880 10000 0.5810546875 -3.049923896789551 9355
62890 10000 0.59765625 -3.0503087043762207 8544
62900 10000 0.5859375 -3.0506601333618164 6401
62910 10000 0.6142578125 -3.0509462356567383 1363
62920 10000 0.587890625 -3.051260471343994 3185
62930 10000 0.57421875 -3.0514283180236816 6726
62940 10000 0.5712890625 -3.0518038272857666 2881
62950 10000 0.625 -3.052086353302002 1390
62960 10000 0.609375 -3.052595615386963 9683
62970 10000 0.5986328125 -3.0528998374938965 8261
62980 10000 0.5849609375 -3.053175926208496 4040
62990 10000 0.6181640625 -3.053389072418213 9609
63000 10000 0.5869140625 -3.0537281036376953 3301
63010 10000 0.5888671875 -3.0541155338287354 3498
63020 10000 0.587890625 -3.054344415664673 1772
63030 10000 0.5751953125 -3.0546469688415527 6385
63040 10000 0.5791015625 -3.054981231689453 688
63050 10000 0.603515625 -3.0552515983581543 1377
63060 10000 0.5712890625 -3.0554518699645996 3900
63070 10000 0.5986328125 -3.0558950901031494 3509
63080 10000 0.626953125 -3.056034564971924 822
63090 10000 0.587890625 -3.0564017295837402 7466
63100 10000 0.5771484375 -3.05665922164917 5461
63110 10000 0.6025390625 -3.0571465492248535 6305
63120 10000 0.5849609375 -3.057443618774414 5632
63130 10000 0.599609375 -3.057739019393921 4689
63140 10000 0.5947265625 -3.058004379272461 5071
63150 10000 0.568359375 -3.058363914489746 1529
63160 10000 0.59765625 -3.0586962699890137 6221
63170 10000 0.6025390625 -3.059201240539551 6809
63180 10000 0.580078125 -3.0594983100891113 3587
63190 10000 0.5771484375 -3.059706687927246 4047
63200 10000 0.564453125 -3.0599756240844727 601
63210 10000 0.5751953125 -3.0603551864624023 5467
63220 10000 0.583984375 -3.060713291168213 6242
63230 10000 0.5673828125 -3.0611572265625 224
63240 10000 0.603515625 -3.061404228210449 6915
63250 10000 0.583984375 -3.0616579055786133 2036
63260 10000 0.59375 -3.0620269775390625 6526
63270 10000 0.57421875 -3.062288284301758 5769
63280 10000 0.5908203125 -3.0625715255737305 7235
63290 10000 0.5849609375 -3.062818765640259 6714
63300 10000 0.5615234375 -3.063159942626953 593
63310 10000 0.58984375 -3.0635197162628174 4272
63320 10000 0.599609375 -3.0637543201446533 331
63330 10000 0.5849609375 -3.064023971557617 9880
63340 10000 0.587890625 -3.0642685890197754 1215
63350 10000 0.5849609375 -3.064565658569336 4213
63360 10000 0.5634765625 -3.0647785663604736 7331
63370 10000 0.6181640625 -3.065009593963623 8365
63380 10000 0.6201171875 -3.065194845199585 7379
63390 10000 0.587890625 -3.065322160720825 8430
63400 10000 0.578125 -3.0655956268310547 1838
63410 10000 0.576171875 -3.065980911254883 7182
63420 10000 0.564453125 -3.0661520957946777 4267
63430 10000 0.5791015625 -3.066526412963867 8109
63440 10000 0.595703125 -3.0668957233428955 9316
63450 10000 0.5693359375 -3.0672378540039062 5025
63460 10000 0.599609375 -3.067502975463867 5119
63470 10000 0.5888671875 -3.067780017852783 3024
63480 10000 0.5625 -3.0679540634155273 1479
63490 10000 0.5830078125 -3.068248748779297 8222
63500 10000 0.5986328125 -3.0684375762939453 5356
63510 10000 0.5673828125 -3.068643808364868 9104
63520 10000 0.5654296875 -3.0688726902008057 4081
63530 10000 0.5849609375 -3.0690698623657227 4922
63540 10000 0.60546875 -3.069349765777588 2178
63550 10000 0.59765625 -3.069730281829834 6446
63560 10000 0.5869140625 -3.069929838180542 2022
63570 10000 0.546875 -3.0703701972961426 8737
63580 10000 0.576171875 -3.0708084106445312 2470
63590 10000 0.6025390625 -3.0712671279907227 3569
63600 10000 0.55078125 -3.071676254272461 9536
63610 10000 0.5703125 -3.0720367431640625 2492
63620 10000 0.599609375 -3.072417736053467 3695
63630 10000 0.576171875 -3.0728037357330322 7378
63640 10000 0.568359375 -3.073101043701172 5044
63650 10000 0.6064453125 -3.0734190940856934 456
63660 10000 0.568359375 -3.073716402053833 5748
63670 10000 0.60546875 -3.0740060806274414 9692
63680 10000 0.55859375 -3.07438588142395 9924
63690 10000 0.5673828125 -3.0746545791625977 5578
63700 10000 0.5576171875 -3.075070381164551 9437
63710 10000 0.5732421875 -3.0753657817840576 3033
63720 10000 0.5673828125 -3.0755763053894043 7036
63730 10000 0.5556640625 -3.075803279876709 4394
63740 10000 0.5712890625 -3.07601261138916 502
63750 10000 0.5751953125 -3.0761725902557373 4137
63760 10000 0.5869140625 -3.0764565467834473 795
63770 10000 0.572265625 -3.0766401290893555 6610
63780 10000 0.5595703125 -3.076972246170044 6386
63790 10000 0.556640625 -3.077308177947998 7696
63800 10000 0.587890625 -3.077479362487793 8285
63810 10000 0.5546875 -3.0778563022613525 2325
63820 10000 0.5859375 -3.078104019165039 8905
63830 10000 0.5986328125 -3.07855224609375 337
63840 10000 0.583984375 -3.078871965408325 7199
63850 10000 0.572265625 -3.079094886779785 3820
63860 10000 0.5791015625 -3.0794413089752197 1014
63870 10000 0.5888671875 -3.079801082611084 7368
63880 10000 0.5751953125 -3.079984664916992 6655
63890 10000 0.5673828125 -3.0804219245910645 7609
63900 10000 0.564453125 -3.080716133117676 5130
63910 10000 0.55859375 -3.0809106826782227 8584
63920 10000 0.5791015625 -3.0812807083129883 9188
63930 10000 0.576171875 -3.0816099643707275 5684
63940 10000 0.54296875 -3.0817973613739014 2847
63950 10000 0.572265625 -3.0820670127868652 8757
63960 10000 0.5712890625 -3.0823464393615723 2512
63970 10000 0.55859375 -3.082669734954834 5071
63980 10000 0.57421875 -3.0828351974487305 9679
63990 10000 0.58984375 -3.0830516815185547 4798
64000 10000 0.548828125 -3.083200693130493 3752
64010 10000 0.5556640625 -3.083592653274536 1196
64020 10000 0.5458984375 -3.083773136138916 9664
64030 10000 0.56640625 -3.0841197967529297 3834
64040 10000 0.57421875 -3.084442377090454 9875
64050 10000 0.5322265625 -3.0847043991088867 3205
64060 10000 0.5791015625 -3.0848522186279297 7491
64070 10000 0.5703125 -3.0852391719818115 9004
64080 10000 0.5546875 -3.085476875305176 9961
64090 10000 0.5810546875 -3.085817813873291 8897
64100 10000 0.5634765625 -3.0862460136413574 5066
64110 10000 0.53515625 -3.0864744186401367 9301
64120 10000 0.58984375 -3.0868444442749023 9791
64130 10000 0.5517578125 -3.0871574878692627 2334
64140 10000 0.5771484375 -3.0873799324035645 6407
64150 10000 0.58203125 -3.087651014328003 2346
64160 10000 0.5615234375 -3.0880565643310547 9770
64170 10000 0.5654296875 -3.0883240699768066 9164
64180 10000 0.58984375 -3.0885679721832275 3713
64190 10000 0.5537109375 -3.0887503623962402 9541
64200 10000 0.5673828125 -3.089052200317383 3867
64210 10000 0.58203125 -3.089324951171875 19
64220 10000 0.578125 -3.089545726776123 265
64230 10000 0.552734375 -3.0897889137268066 9642
64240 10000 0.5751953125 -3.090211868286133 3605
64250 10000 0.5712890625 -3.09063720703125 8472
64260 10000 0.5595703125 -3.090891122817993 6022
64270 10000 0.564453125 -3.091183662414551 4519
64280 10000 0.5576171875 -3.091404914855957 6973
64290 10000 0.568359375 -3.0916781425476074 8831
64300 10000 0.5380859375 -3.09196400642395 1915
64310 10000 0.5419921875 -3.0923638343811035 3477
64320 10000 0.5400390625 -3.0925612449645996 5585
64330 10000 0.5712890625 -3.0927987098693848 5318
64340 10000 0.5546875 -3.0931756496429443 6794
64350 10000 0.5556640625 -3.0934088230133057 810
64360 10000 0.587890625 -3.0936379432678223 2716
64370 10000 0.537109375 -3.093825101852417 9906
64380 10000 0.5888671875 -3.094085216522217 9069
64390 10000 0.560546875 -3.094416618347168 653
64400 10000 0.5400390625 -3.0947413444519043 5128
64410 10000 0.5390625 -3.09492826461792 9940
64420 10000 0.5517578125 -3.0952820777893066 1647
64430 10000 0.5927734375 -3.095675468444824 6590
64440 10000 0.5927734375 -3.0959722995758057 5738
64450 10000 0.5791015625 -3.096219062805176 338
64460 10000 0.568359375 -3.0964243412017822 4972
64470 10000 0.5791015625 -3.0968356132507324 5541
64480 10000 0.5771484375 -3.0970852375030518 1243
64490 10000 0.552734375 -3.097423553466797 5970
64500 10000 0.5537109375 -3.097754955291748 8074
64510 10000 0.5380859375 -3.097872257232666 2599
64520 10000 0.5654296875 -3.0981125831604004 6979
64530 10000 0.5732421875 -3.098306179046631 5702
64540 10000 0.5673828125 -3.0985186100006104 4134
64550 10000 0.5380859375 -3.0987460613250732 5327
64560 10000 0.5791015625 -3.0990376472473145 5328
64570 10000 0.58203125 -3.099213123321533 969
64580 10000 0.5341796875 -3.099562883377075 1118
64590 10000 0.58203125 -3.0997438430786133 9294
64600 10000 0.537109375 -3.1001687049865723 3850
64610 10000 0.576171875 -3.1003665924072266 4288
64620 10000 0.53515625 -3.1007285118103027 7298
64630 10000 0.58203125 -3.1009232997894287 748
64640 10000 0.5537109375 -3.1013550758361816 7271
64650 10000 0.5615234375 -3.1016268730163574 7556
64660 10000 0.5576171875 -3.101936101913452 5909
64670 10000 0.552734375 -3.1020631790161133 2108
64680 10000 0.55859375 -3.1022982597351074 9169
64690 10000 0.5078125 -3.1025948524475098 3848
64700 10000 0.5615234375 -3.1028575897216797 6212
64710 10000 0.5546875 -3.1032214164733887 7157
64720 10000 0.533203125 -3.1034207344055176 3728
64730 10000 0.5595703125 -3.103646993637085 3524
64740 10000 0.5673828125 -3.1039953231811523 253
64750 10000 0.5390625 -3.104182243347168 4579
64760 10000 0.5234375 -3.104551076889038 9392
64770 10000 0.54296875 -3.104947090148926 421
64780 10000 0.5341796875 -3.1051132678985596 6808
64790 10000 0.556640625 -3.1052935123443604 3879
64800 10000 0.55859375 -3.1055667400360107 8747
64810 10000 0.55859375 -3.1057398319244385 1072
64820 10000 0.5830078125 -3.1059412956237793 4757
64830 10000 0.5654296875 -3.1061758995056152 5488
64840 10000 0.5625 -3.106346368789673 5033
64850 10000 0.5263671875 -3.106505870819092 449
64860 10000 0.552734375 -3.1067519187927246 8204
64870 10000 0.541015625 -3.1071224212646484 856
64880 10000 0.564453125 -3.1074421405792236 3982
64890 10000 0.5576171875 -3.107707977294922 1807
64900 10000 0.5517578125 -3.1079657077789307 2161
64910 10000 0.5712890625 -3.108201026916504 9528
64920 10000 0.578125 -3.108509063720703 6571
64930 10000 0.529296875 -3.108689785003662 7791
64940 10000 0.5283203125 -3.108934164047241 5424
64950 10000 0.53125 -3.1092419624328613 1816
64960 10000 0.5732421875 -3.1094818115234375 6451
64970 10000 0.5439453125 -3.1099305152893066 465
64980 10000 0.5439453125 -3.1101064682006836 3152
64990 10000 0.55859375 -3.110243797302246 5847
65000 10000 0.5498046875 -3.110391855239868 5479
65010 10000 0.5244140625 -3.1106534004211426 413
65020 10000 0.541015625 -3.110903263092041 7549
65030 10000 0.537109375 -3.111074209213257 9809
65040 10000 0.5556640625 -3.1111972332000732 4376
65050 10000 0.548828125 -3.111340045928955 8426
65060 10000 0.5615234375 -3.111764907836914 5844
65070 10000 0.5537109375 -3.111870765686035 3576
65080 10000 0.529296875 -3.1121058464050293 188
65090 10000 0.5478515625 -3.1124067306518555 2062
65100 10000 0.552734375 -3.1125175952911377 1215
65110 10000 0.55078125 -3.112788677215576 850
65120 10000 0.7734375 -3.113053798675537 4259
65130 10000 0.7802734375 -3.1132359504699707 6868
65140 10000 0.7431640625 -3.1134824752807617 8450
65150 10000 0.740234375 -3.1136202812194824 6470
65160 10000 0.765625 -3.113821029663086 758
65170 10000 0.7783203125 -3.114062547683716 7331
65180 10000 0.7626953125 -3.1141927242279053 9354
65190 10000 0.791015625 -3.1144847869873047 4306
65200 10000 0.748046875 -3.114621162414551 5101
65210 10000 0.7802734375 -3.1149988174438477 4028
65220 10000 0.7607421875 -3.1151466369628906 7731
65230 10000 0.7548828125 -3.1154661178588867 9449
65240 10000 0.7783203125 -3.1156325340270996 1300
65250 10000 0.7490234375 -3.115919351577759 7182
65260 10000 0.7666015625 -3.116218328475952 8339
65270 10000 0.76953125 -3.1163463592529297 5605
65280 10000 0.763671875 -3.1164886951446533 695
65290 10000 0.7783203125 -3.1167783737182617 1066
65300 10000 0.7705078125 -3.117046594619751 4563
65310 10000 0.7763671875 -3.1172783374786377 9057
65320 10000 0.736328125 -3.117489814758301 4594
65330 10000 0.763671875 -3.117703437805176 1135
65340 10000 0.736328125 -3.117992877960205 6347
65350 10000 0.7353515625 -3.118225336074829 2990
65360 10000 0.7744140625 -3.1184096336364746 404
65370 10000 0.7548828125 -3.1187758445739746 9307
65380 10000 0.7744140625 -3.1189961433410645 2852
65390 10000 0.7568359375 -3.1191437244415283 3299
65400 10000 0.7705078125 -3.1194441318511963 4338
65410 10000 0.77734375 -3.1196579933166504 7322
65420 10000 0.7431640625 -3.1199119091033936 2163
65430 10000 0.7744140625 -3.1201107501983643 5689
65440 10000 0.7734375 -3.1202969551086426 4305
65450 10000 0.76171875 -3.1205453872680664 2115
65460 10000 0.7646484375 -3.1207404136657715 7377
65470 10000 0.7802734375 -3.1208510398864746 8984
65480 10000 0.7587890625 -3.121110677719116 3511
65490 10000 0.73046875 -3.121237277984619 1238
65500 10000 0.763671875 -3.121377468109131 8639
65510 10000 0.7431640625 -3.121522903442383 1218
65520 10000 0.7373046875 -3.1217947006225586 5810
65530 10000 0.765625 -3.122070550918579 1482
65540 10000 0.7607421875 -3.12225079536438 7217
65550 10000 0.7509765625 -3.1225709915161133 2507
65560 10000 0.7587890625 -3.1227521896362305 4962
65570 10000 0.7578125 -3.1230432987213135 9618
65580 10000 0.7646484375 -3.123385429382324 5232
65590 10000 0.7568359375 -3.1235668659210205 7475
65600 10000 0.76171875 -3.1237893104553223 6263
65610 10000 0.7802734375 -3.1240248680114746 2294
65620 10000 0.783203125 -3.1241507530212402 1610
65630 10000 0.7568359375 -3.124380588531494 6539
65640 10000 0.7705078125 -3.1246681213378906 3790
65650 10000 0.76953125 -3.1248128414154053 4356
65660 10000 0.7353515625 -3.12509822845459 6858
65670 10000 0.76171875 -3.1252405643463135 1499
65680 10000 0.7451171875 -3.125413417816162 4159
65690 10000 0.7490234375 -3.1258087158203125 3856
65700 10000 0.763671875 -3.1261332035064697 9538
65710 10000 0.7705078125 -3.1263318061828613 6805
65720 10000 0.779296875 -3.1265363693237305 4126
65730 10000 0.7666015625 -3.126677989959717 3707
65740 10000 0.767578125 -3.1269772052764893 8190
65750 10000 0.7470703125 -3.1271138191223145 7446
65760 10000 0.755859375 -3.127420425415039 9341
65770 10000 0.7763671875 -3.1276369094848633 8423
65780 10000 0.7890625 -3.127882719039917 7839
65790 10000 0.75390625 -3.1280641555786133 9979
65800 10000 0.75 -3.1282947063446045 3923
65810 10000 0.7509765625 -3.1285464763641357 6029
65820 10000 0.7646484375 -3.1287224292755127 4873
65830 10000 0.76171875 -3.128941297531128 9990
65840 10000 0.732421875 -3.129150152206421 1503
65850 10000 0.7734375 -3.129380226135254 8411
65860 10000 0.7734375 -3.129706382751465 8126
65870 10000 0.7646484375 -3.129878282546997 1462
65880 10000 0.7509765625 -3.1300859451293945 9397
65890 10000 0.76953125 -3.130235195159912 3124
65900 10000 0.759765625 -3.1305549144744873 5107
65910 10000 0.755859375 -3.1308398246765137 8476
65920 10000 0.7275390625 -3.1310834884643555 406
65930 10000 0.76171875 -3.1313562393188477 4751
65940 10000 0.763671875 -3.1316134929656982 7650
65950 10000 0.76171875 -3.1318511962890625 8115
65960 10000 0.7666015625 -3.132040023803711 7098
65970 10000 0.7509765625 -3.1321768760681152 273
65980 10000 0.75390625 -3.13236665725708 2576
65990 10000 0.7548828125 -3.1325478553771973 9548
66000 10000 0.732421875 -3.1327600479125977 9787
66010 10000 0.7333984375 -3.132929563522339 8665
66020 10000 0.748046875 -3.1331698894500732 264
66030 10000 0.74609375 -3.1333673000335693 8471
66040 10000 0.7626953125 -3.133528232574463 3753
66050 10000 0.7490234375 -3.1336870193481445 8796
66060 10000 0.7568359375 -3.1338448524475098 9346
66070 10000 0.765625 -3.133988380432129 2456
66080 10000 0.7646484375 -3.1340951919555664 5215
66090 10000 0.751953125 -3.1342215538024902 8066
66100 10000 0.76171875 -3.134444236755371 9826
66110 10000 0.7490234375 -3.134639024734497 754
66120 10000 0.7451171875 -3.1347663402557373 194
66130 10000 0.7578125 -3.1350338459014893 4471
66140 10000 0.720703125 -3.1352198123931885 3918
66150 10000 0.7548828125 -3.1353883743286133 9611
66160 10000 0.7666015625 -3.135568141937256 170
66170 10000 0.76953125 -3.135789155960083 3071
66180 10000 0.744140625 -3.136122226715088 8106
66190 10000 0.7392578125 -3.136331081390381 9465
66200 10000 0.771484375 -3.136659622192383 9528
66210 10000 0.7490234375 -3.136845588684082 5373
66220 10000 0.78515625 -3.1369881629943848 7403
66230 10000 0.7685546875 -3.137162208557129 3139
66240 10000 0.7373046875 -3.1376304626464844 6659
66250 10000 0.7626953125 -3.137873411178589 4195
66260 10000 0.7646484375 -3.1381208896636963 5346
66270 10000 0.7490234375 -3.1385414600372314 4089
66280 10000 0.7490234375 -3.138819694519043 930
66290 10000 0.7490234375 -3.1390795707702637 9737
66300 10000 0.76953125 -3.139252185821533 7243
66310 10000 0.767578125 -3.1394248008728027 3560
66320 10000 0.765625 -3.139725685119629 7194
66330 10000 0.744140625 -3.139948844909668 2650
66340 10000 0.7646484375 -3.140170097351074 8542
66350 10000 0.7763671875 -3.140310287475586 4371
66360 10000 0.765625 -3.1404738426208496 468
66370 10000 0.75 -3.1406478881835938 6785
66380 10000 0.748046875 -3.1407828330993652 7826
66390 10000 0.7939453125 -3.1410176753997803 7995
66400 10000 0.7509765625 -3.1412758827209473 5834
66410 10000 0.7392578125 -3.1414904594421387 8779
66420 10000 0.7490234375 -3.1416406631469727 4320
66430 10000 0.763671875 -3.1418838500976562 9008
66440 10000 0.7392578125 -3.1420726776123047 540
66450 10000 0.763671875 -3.1423180103302 287
66460 10000 0.7451171875 -3.142526626586914 815
66470 10000 0.7646484375 -3.1426799297332764 8867
66480 10000 0.736328125 -3.1429266929626465 6433
66490 10000 0.7578125 -3.143037796020508 4724
66500 10000 0.7548828125 -3.1431403160095215 9625
66510 10000 0.732421875 -3.143435478210449 5722
66520 10000 0.7470703125 -3.143582820892334 6219
66530 10000 0.744140625 -3.1438214778900146 3393
66540 10000 0.75390625 -3.14400053024292 1284
66550 10000 0.7490234375 -3.144249439239502 3616
66560 10000 0.74609375 -3.1443636417388916 10
66570 10000 0.7802734375 -3.1446146965026855 1313
66580 10000 0.7275390625 -3.144742727279663 3599
66590 10000 0.734375 -3.144940137863159 6222
66600 10000 0.7587890625 -3.145162582397461 6743
66610 10000 0.76953125 -3.1454195976257324 87
66620 10000 0.751953125 -3.1457419395446777 4837
66630 10000 0.7509765625 -3.146035671234131 7141
66640 10000 0.7421875 -3.146285057067871 3070
66650 10000 0.75 -3.146556854248047 1162
66660 10000 0.75390625 -3.146918773651123 1369
66670 10000 0.751953125 -3.1471288204193115 9438
66680 10000 0.7421875 -3.1473841667175293 5282
66690 10000 0.7607421875 -3.1476693153381348 5276
66700 10000 0.75390625 -3.14793062210083 7691
66710 10000 0.72265625 -3.148327350616455 9726
66720 10000 0.7177734375 -3.1484434604644775 7698
66730 10000 0.7490234375 -3.1487152576446533 6813
66740 10000 0.73046875 -3.1488869190216064 5388
66750 10000 0.720703125 -3.1492409706115723 1241
66760 10000 0.7490234375 -3.149489402770996 7058
66770 10000 0.77734375 -3.14962100982666 8932
66780 10000 0.7529296875 -3.1499040126800537 7992
66790 10000 0.7431640625 -3.1500821113586426 3606
66800 10000 0.7548828125 -3.1503024101257324 7337
66810 10000 0.7646484375 -3.1505088806152344 1812
66820 10000 0.7421875 -3.1507420539855957 8946
66830 10000 0.75 -3.1509196758270264 8222
66840 10000 0.732421875 -3.1510915756225586 3781
66850 10000 0.7578125 -3.1512088775634766 5089
66860 10000 0.7529296875 -3.151381015777588 124
66870 10000 0.7392578125 -3.1516449451446533 6005
66880 10000 0.7392578125 -3.151923179626465 1035
66890 10000 0.744140625 -3.1520726680755615 1141
66900 10000 0.7314453125 -3.152247905731201 4714
66910 10000 0.7548828125 -3.152456283569336 8415
66920 10000 0.72265625 -3.1526851654052734 7259
66930 10000 0.73828125 -3.1528894901275635 5127
66940 10000 0.7373046875 -3.153212547302246 5216
66950 10000 0.7421875 -3.1534881591796875 8296
66960 10000 0.74609375 -3.1537299156188965 8942
66970 10000 0.740234375 -3.153867244720459 1245
66980 10000 0.7431640625 -3.154099941253662 1194
66990 10000 0.759765625 -3.1543192863464355 6991
67000 10000 0.7431640625 -3.154542922973633 230
67010 10000 0.7392578125 -3.1546733379364014 4419
67020 10000 0.76171875 -3.154916524887085 7928
67030 10000 0.7470703125 -3.155062437057495 119
67040 10000 0.767578125 -3.1551926136016846 9407
67050 10000 0.7822265625 -3.155327320098877 5265
67060 10000 0.7451171875 -3.1554787158966064 3936
67070 10000 0.74609375 -3.1555795669555664 6282
67080 10000 0.7041015625 -3.1557364463806152 8677
67090 10000 0.751953125 -3.1560096740722656 2506
67100 10000 0.724609375 -3.156191825866699 9207
67110 10000 0.71875 -3.156494379043579 5867
67120 10000 0.7421875 -3.156696081161499 3301
67130 10000 0.748046875 -3.156856060028076 1899
67140 10000 0.748046875 -3.1571192741394043 6504
67150 10000 0.7314453125 -3.1573047637939453 2604
67160 10000 0.7412109375 -3.1575136184692383 6172
67170 10000 0.7265625 -3.1576530933380127 6195
67180 10000 0.75390625 -3.157787561416626 196
67190 10000 0.73046875 -3.157973289489746 924
67200 10000 0.759765625 -3.158135175704956 649
67210 10000 0.7587890625 -3.1583025455474854 8846
67220 10000 0.744140625 -3.1584126949310303 7496
67230 10000 0.751953125 -3.158625841140747 6944
67240 10000 0.7509765625 -3.1588759422302246 7676
67250 10000 0.7333984375 -3.158985137939453 294
67260 10000 0.751953125 -3.1591386795043945 7122
67270 10000 0.74609375 -3.159465789794922 8680
67280 10000 0.7431640625 -3.1595897674560547 142
67290 10000 0.744140625 -3.1597723960876465 6105
67300 10000 0.7431640625 -3.1599955558776855 2010
67310 10000 0.7548828125 -3.1601994037628174 4912
67320 10000 0.748046875 -3.1604204177856445 4700
67330 10000 0.736328125 -3.1606335639953613 2803
67340 10000 0.7431640625 -3.160836696624756 4917
67350 10000 0.716796875 -3.1611363887786865 1746
67360 10000 0.732421875 -3.161308765411377 583
67370 10000 0.740234375 -3.1614670753479004 6220
67380 10000 0.7275390625 -3.1616601943969727 9238
67390 10000 0.7421875 -3.161846160888672 8452
67400 10000 0.7392578125 -3.1620688438415527 9538
67410 10000 0.75390625 -3.162191390991211 8853
67420 10000 0.71484375 -3.1623711585998535 1037
67430 10000 0.7578125 -3.162529706954956 8048
67440 10000 0.7197265625 -3.162777900695801 4839
67450 10000 0.73046875 -3.162914752960205 8218
67460 10000 0.7431640625 -3.1631906032562256 9075
67470 10000 0.7412109375 -3.163328170776367 5468
67480 10000 0.7421875 -3.16344952583313 6761
67490 10000 0.744140625 -3.163599967956543 2667
67500 10000 0.7041015625 -3.163787841796875 2017
67510 10000 0.736328125 -3.1639180183410645 7298
67520 10000 0.7568359375 -3.1641087532043457 3815
67530 10000 0.7373046875 -3.164303779602051 3330
67540 10000 0.748046875 -3.164482593536377 4207
67550 10000 0.7509765625 -3.1646060943603516 1672
67560 10000 0.728515625 -3.1647443771362305 370
67570 10000 0.7158203125 -3.1648101806640625 2580
67580 10000 0.7548828125 -3.1649765968322754 1523
67590 10000 0.75 -3.165083885192871 7669
67600 10000 0.7333984375 -3.165295124053955 6828
67610 10000 0.7587890625 -3.1654610633850098 9907
67620 10000 0.73046875 -3.1655895709991455 6850
67630 10000 0.7314453125 -3.16591739654541 618
67640 10000 0.7158203125 -3.166170597076416 2793
67650 10000 0.744140625 -3.1663413047790527 6986
67660 10000 0.728515625 -3.166534900665283 4964
67670 10000 0.7412109375 -3.166693687438965 4190
67680 10000 0.732421875 -3.166825294494629 9538
67690 10000 0.7529296875 -3.1670308113098145 9534
67700 10000 0.74609375 -3.1671414375305176 7089
67710 10000 0.740234375 -3.1673359870910645 3708
67720 10000 0.7392578125 -3.1676130294799805 5332
67730 10000 0.712890625 -3.1677210330963135 9809
67740 10000 0.728515625 -3.1678662300109863 5738
67750 10000 0.7158203125 -3.1681127548217773 3570
67760 10000 0.7353515625 -3.1682732105255127 1770
67770 10000 0.7080078125 -3.168583631515503 8224
67780 10000 0.736328125 -3.168700695037842 7534
67790 10000 0.71484375 -3.168919086456299 766
67800 10000 0.724609375 -3.169074296951294 483
67810 10000 0.7265625 -3.1692686080932617 9716
67820 10000 0.7412109375 -3.1694273948669434 1702
67830 10000 0.7421875 -3.1695799827575684 9942
67840 10000 0.7421875 -3.1698596477508545 6069
67850 10000 0.767578125 -3.1699938774108887 1861
67860 10000 0.728515625 -3.1701698303222656 4158
67870 10000 0.7490234375 -3.1703689098358154 6933
67880 10000 0.7646484375 -3.1704964637756348 9687
67890 10000 0.7353515625 -3.1706321239471436 7743
67900 10000 0.705078125 -3.1708250045776367 8550
67910 10000 0.7236328125 -3.1709210872650146 395
67920 10000 0.7353515625 -3.171234369277954 8418
67930 10000 0.740234375 -3.1714529991149902 8278
67940 10000 0.7177734375 -3.1716928482055664 761
67950 10000 0.7373046875 -3.1718811988830566 3873
67960 10000 0.7236328125 -3.1719541549682617 1583
67970 10000 0.72265625 -3.1722002029418945 5856
67980 10000 0.7353515625 -3.1724281311035156 7245
67990 10000 0.7099609375 -3.1726248264312744 1851
68000 10000 0.7314453125 -3.1728620529174805 8882
68010 10000 0.7314453125 -3.173032522201538 7074
68020 10000 0.7138671875 -3.173210620880127 8370
68030 10000 0.7412109375 -3.173340082168579 7634
68040 10000 0.705078125 -3.1735730171203613 3725
68050 10000 0.7236328125 -3.1736855506896973 4511
68060 10000 0.7392578125 -3.1738409996032715 1821
68070 10000 0.74609375 -3.173987865447998 7433
68080 10000 0.7275390625 -3.174212694168091 929
68090 10000 0.72265625 -3.1744022369384766 77
68100 10000 0.73828125 -3.174532413482666 7469
68110 10000 0.7255859375 -3.1747162342071533 2918
68120 10000 0.7138671875 -3.1748485565185547 9037
68130 10000 0.740234375 -3.1750152111053467 2901
68140 10000 0.7421875 -3.1751809120178223 950
68150 10000 0.7294921875 -3.1754322052001953 2909
68160 10000 0.7431640625 -3.175560474395752 3120
68170 10000 0.748046875 -3.175671100616455 591
68180 10000 0.7109375 -3.1757545471191406 9746
68190 10000 0.7392578125 -3.1759252548217773 807
68200 10000 0.7080078125 -3.176182746887207 9891
68210 10000 0.7255859375 -3.1764111518859863 6055
68220 10000 0.7333984375 -3.1765599250793457 3690
68230 10000 0.7626953125 -3.1767373085021973 1776
68240 10000 0.7177734375 -3.176877737045288 2681
68250 10000 0.73046875 -3.177133083343506 5778
68260 10000 0.736328125 -3.1773369312286377 1656
68270 10000 0.728515625 -3.177525758743286 2715
68280 10000 0.7373046875 -3.1777567863464355 8920
68290 10000 0.72265625 -3.177992105484009 2801
68300 10000 0.708984375 -3.178180694580078 2465
68310 10000 0.7197265625 -3.1783413887023926 9756
68320 10000 0.71484375 -3.1785221099853516 3913
68330 10000 0.7314453125 -3.178706169128418 1885
68340 10000 0.7529296875 -3.1788883209228516 2312
68350 10000 0.7275390625 -3.1790623664855957 2629
68360 10000 0.7392578125 -3.179255247116089 8721
68370 10000 0.7138671875 -3.1794984340667725 117
68380 10000 0.7265625 -3.1796603202819824 6249
68390 10000 0.734375 -3.1799533367156982 7306
68400 10000 0.7314453125 -3.18022084236145 5519
68410 10000 0.73828125 -3.1803531646728516 5787
68420 10000 0.7333984375 -3.180500030517578 3668
68430 10000 0.7138671875 -3.1805667877197266 9450
68440 10000 0.705078125 -3.180781364440918 2400
68450 10000 0.7265625 -3.180936336517334 4794
68460 10000 0.7255859375 -3.1811046600341797 9659
68470 10000 0.7080078125 -3.181353807449341 2673
68480 10000 0.71484375 -3.1814699172973633 7009
68490 10000 0.716796875 -3.1816086769104004 8435
68500 10000 0.7412109375 -3.1818270683288574 63
68510 10000 0.72265625 -3.1819963455200195 2715
68520 10000 0.7236328125 -3.1821978092193604 7672
68530 10000 0.703125 -3.182455062866211 3721
68540 10000 0.712890625 -3.1826369762420654 2057
68550 10000 0.7109375 -3.1827468872070312 1690
68560 10000 0.7353515625 -3.1829631328582764 1511
68570 10000 0.7314453125 -3.1830883026123047 6524
68580 10000 0.701171875 -3.183234930038452 8138
68590 10000 0.71484375 -3.1833677291870117 9990
68600 10000 0.72265625 -3.183497428894043 7198
68610 10000 0.732421875 -3.1836066246032715 5138
68620 10000 0.7177734375 -3.1837713718414307 5595
68630 10000 0.6962890625 -3.1840391159057617 4153
68640 10000 0.708984375 -3.184192657470703 450
68650 10000 0.72265625 -3.1844279766082764 5663
68660 10000 0.7158203125 -3.184691905975342 393
68670 10000 0.720703125 -3.1848907470703125 6515
68680 10000 0.6962890625 -3.1849536895751953 6366
68690 10000 0.6982421875 -3.1850452423095703 5784
68700 10000 0.7490234375 -3.185149669647217 8444
68710 10000 0.716796875 -3.1852962970733643 4881
68720 10000 0.73046875 -3.185535192489624 1118
68730 10000 0.712890625 -3.1857082843780518 523
68740 10000 0.7119140625 -3.18589448928833 1538
68750 10000 0.7080078125 -3.18608021736145 1245
68760 10000 0.7255859375 -3.1862475872039795 2151
68770 10000 0.7158203125 -3.186351776123047 9568
68780 10000 0.7197265625 -3.186635971069336 7929
68790 10000 0.7294921875 -3.1868085861206055 1260
68800 10000 0.7158203125 -3.187021493911743 7295
68810 10000 0.73046875 -3.187185287475586 4482
68820 10000 0.7080078125 -3.1873691082000732 594
68830 10000 0.71875 -3.187443256378174 1042
68840 10000 0.720703125 -3.187570095062256 9093
68850 10000 0.70703125 -3.187786817550659 7728
68860 10000 0.7314453125 -3.187912940979004 8042
68870 10000 0.7109375 -3.1881422996520996 6860
68880 10000 0.72265625 -3.1884260177612305 5936
68890 10000 0.7236328125 -3.1885881423950195 6113
68900 10000 0.7099609375 -3.188685178756714 891
68910 10000 0.720703125 -3.188854694366455 4342
68920 10000 0.7265625 -3.189030647277832 851
68930 10000 0.7080078125 -3.189236640930176 8813
68940 10000 0.7421875 -3.1894283294677734 9620
68950 10000 0.7275390625 -3.189568042755127 6760
68960 10000 0.734375 -3.189785957336426 5891
68970 10000 0.7197265625 -3.190018653869629 8778
68980 10000 0.7265625 -3.1901650428771973 6027
68990 10000 0.7177734375 -3.1902613639831543 769
69000 10000 0.720703125 -3.190474033355713 7636
69010 10000 0.71484375 -3.1907382011413574 4674
69020 10000 0.7314453125 -3.190854549407959 3720
69030 10000 0.6943359375 -3.1910672187805176 7241
69040 10000 0.6904296875 -3.1911511421203613 9465
69050 10000 0.6884765625 -3.191267251968384 5411
69060 10000 0.7001953125 -3.1913888454437256 6878
69070 10000 0.724609375 -3.1915345191955566 1498
69080 10000 0.7197265625 -3.191603660583496 3691
69090 10000 0.7041015625 -3.1917409896850586 4943
69100 10000 0.7236328125 -3.191873550415039 7281
69110 10000 0.73828125 -3.1920700073242188 1689
69120 10000 0.71875 -3.192244052886963 479
69130 10000 0.724609375 -3.19234299659729 7880
69140 10000 0.7431640625 -3.192479133605957 4428
69150 10000 0.7060546875 -3.192605972290039 2938
69160 10000 0.7060546875 -3.192856550216675 9583
69170 10000 0.71875 -3.1929850578308105 9422
69180 10000 0.7216796875 -3.1931605339050293 4098
69190 10000 0.716796875 -3.193333625793457 1234
69200 10000 0.744140625 -3.193453311920166 2759
69210 10000 0.71484375 -3.193634510040283 3457
69220 10000 0.7138671875 -3.193756103515625 1145
69230 10000 0.697265625 -3.1939258575439453 5475
69240 10000 0.72265625 -3.19402813911438 4605
69250 10000 0.7080078125 -3.194185495376587 3886
69260 10000 0.705078125 -3.1943931579589844 3093
69270 10000 0.736328125 -3.1946005821228027 6089
69280 10000 0.7041015625 -3.1947505474090576 2400
69290 10000 0.70703125 -3.1949853897094727 5802
69300 10000 0.712890625 -3.1951539516448975 1017
69310 10000 0.6953125 -3.195314407348633 885
69320 10000 0.70703125 -3.195430040359497 7561
69330 10000 0.708984375 -3.1956238746643066 1125
69340 10000 0.71875 -3.195794105529785 6044
69350 10000 0.724609375 -3.195939302444458 8083
69360 10000 0.69921875 -3.1960411071777344 6645
69370 10000 0.7412109375 -3.196260452270508 97
69380 10000 0.7080078125 -3.196394205093384 1882
69390 10000 0.7138671875 -3.1966238021850586 6264
69400 10000 0.71875 -3.1967697143554688 4901
69410 10000 0.71484375 -3.196918487548828 7730
69420 10000 0.73828125 -3.1970365047454834 1886
69430 10000 0.6923828125 -3.1973414421081543 6623
69440 10000 0.701171875 -3.197557210922241 8677
69450 10000 0.7119140625 -3.197718620300293 7220
69460 10000 0.73046875 -3.197887897491455 9452
69470 10000 0.7294921875 -3.1980762481689453 6768
69480 10000 0.7177734375 -3.198227882385254 5100
69490 10000 0.71484375 -3.198469638824463 637
69500 10000 0.7060546875 -3.1985864639282227 2010
69510 10000 0.666015625 -3.198680877685547 1271
69520 10000 0.7275390625 -3.198843002319336 3173
69530 10000 0.734375 -3.199005603790283 182
69540 10000 0.72265625 -3.199172258377075 189
69550 10000 0.7158203125 -3.1993632316589355 5475
69560 10000 0.7021484375 -3.1995272636413574 8510
69570 10000 0.7158203125 -3.1996686458587646 8129
69580 10000 0.7197265625 -3.1997766494750977 5688
69590 10000 0.7197265625 -3.1999173164367676 10
69600 10000 0.73046875 -3.2000434398651123 4132
69610 10000 0.728515625 -3.2001571655273438 4926
69620 10000 0.6982421875 -3.2003579139709473 3546
69630 10000 0.6982421875 -3.2005069255828857 7314
69640 10000 0.7060546875 -3.2006969451904297 9903
69650 10000 0.68359375 -3.200793743133545 3168
69660 10000 0.716796875 -3.200873851776123 9433
69670 10000 0.7060546875 -3.2010722160339355 9358
69680 10000 0.6962890625 -3.2012479305267334 4225
69690 10000 0.6865234375 -3.2013773918151855 5534
69700 10000 0.712890625 -3.2014565467834473 471
69710 10000 0.7021484375 -3.2015814781188965 8908
69720 10000 0.7216796875 -3.201847553253174 6642
69730 10000 0.732421875 -3.2019801139831543 927
69740 10000 0.7197265625 -3.2021641731262207 7834
69750 10000 0.6953125 -3.2023251056671143 3786
69760 10000 0.724609375 -3.202401638031006 2331
69770 10000 0.6943359375 -3.2024924755096436 7616
69780 10000 0.69140625 -3.2027034759521484 448
69790 10000 0.7080078125 -3.2029073238372803 7138
69800 10000 0.7060546875 -3.2030575275421143 2129
69810 10000 0.7119140625 -3.203190565109253 7326
69820 10000 0.7216796875 -3.203336477279663 2786
69830 10000 0.6982421875 -3.203395366668701 9795
69840 10000 0.705078125 -3.203549861907959 3582
69850 10000 0.703125 -3.2037367820739746 6999
69860 10000 0.708984375 -3.203906536102295 4743
69870 10000 0.71484375 -3.2039756774902344 2228
69880 10000 0.6796875 -3.2040271759033203 7503
69890 10000 0.73046875 -3.2041897773742676 1940
69900 10000 0.71484375 -3.2043166160583496 5949
69910 10000 0.7080078125 -3.2045164108276367 169
69920 10000 0.705078125 -3.204620838165283 8393
69930 10000 0.7109375 -3.2047855854034424 1200
69940 10000 0.7001953125 -3.204935073852539 7152
69950 10000 0.693359375 -3.205038070678711 4170
69960 10000 0.71484375 -3.2051610946655273 2134
69970 10000 0.7158203125 -3.2052719593048096 698
69980 10000 0.70703125 -3.2054479122161865 677
69990 10000 0.7138671875 -3.2055559158325195 7306
70000 10000 0.7158203125 -3.2057056427001953 9743
70010 10000 0.6826171875 -3.2058448791503906 3328
70020 10000 0.703125 -3.2060036659240723 4407
70030 10000 0.6923828125 -3.206078052520752 5608
70040 10000 0.697265625 -3.206120014190674 7892
70050 10000 0.7080078125 -3.206256151199341 7017
70060 10000 0.7041015625 -3.206418037414551 9482
70070 10000 0.6640625 -3.2065680027008057 8969
70080 10000 0.69140625 -3.2066473960876465 7240
70090 10000 0.6748046875 -3.206784725189209 8027
70100 10000 0.705078125 -3.2068614959716797 2915
70110 10000 0.6923828125 -3.2070858478546143 6443
70120 10000 0.7216796875 -3.2072091102600098 3502
70130 10000 0.708984375 -3.207427740097046 2413
70140 10000 0.6875 -3.2075021266937256 6766
70150 10000 0.71484375 -3.2076451778411865 8411
70160 10000 0.7021484375 -3.207746982574463 5962
70170 10000 0.693359375 -3.207829475402832 8642
70180 10000 0.6875 -3.2079453468322754 2861
70190 10000 0.7138671875 -3.2080907821655273 1095
70200 10000 0.6875 -3.208193778991699 6000
70210 10000 0.6884765625 -3.2083261013031006 3946
70220 10000 0.6923828125 -3.208460807800293 4560
70230 10000 0.6689453125 -3.208557605743408 3890
70240 10000 0.6884765625 -3.2086966037750244 7152
70250 10000 0.697265625 -3.2090134620666504 1766
70260 10000 0.7158203125 -3.2090907096862793 2615
70270 10000 0.7080078125 -3.209306001663208 7323
70280 10000 0.72265625 -3.209407329559326 4134
70290 10000 0.7138671875 -3.209521770477295 3322
70300 10000 0.693359375 -3.2096850872039795 5179
70310 10000 0.7041015625 -3.2097723484039307 9847
70320 10000 0.71484375 -3.210009813308716 5204
70330 10000 0.6982421875 -3.210280418395996 1617
70340 10000 0.7099609375 -3.210494041442871 9336
70350 10000 0.67578125 -3.2107150554656982 1976
70360 10000 0.7060546875 -3.210911750793457 3546
70370 10000 0.689453125 -3.211055278778076 6613
70380 10000 0.6943359375 -3.2112016677856445 3943
70390 10000 0.703125 -3.2113842964172363 2830
70400 10000 0.69140625 -3.211606025695801 5145
70410 10000 0.6787109375 -3.2117552757263184 1332
70420 10000 0.705078125 -3.2118496894836426 1531
70430 10000 0.712890625 -3.2119650840759277 4965
70440 10000 0.705078125 -3.2121095657348633 3547
70450 10000 0.6640625 -3.212228775024414 9306
70460 10000 0.7255859375 -3.2123851776123047 3273
70470 10000 0.708984375 -3.2124996185302734 3522
70480 10000 0.7060546875 -3.212665557861328 5181
70490 10000 0.7099609375 -3.2128467559814453 1369
70500 10000 0.693359375 -3.2130093574523926 3993
70510 10000 0.6982421875 -3.213188409805298 6667
70520 10000 0.6923828125 -3.213353157043457 2597
70530 10000 0.6923828125 -3.213526725769043 1471
70540 10000 0.69921875 -3.2138161659240723 7689
70550 10000 0.701171875 -3.2139410972595215 4383
70560 10000 0.7080078125 -3.2139909267425537 6241
70570 10000 0.677734375 -3.214162826538086 2747
70580 10000 0.65234375 -3.2144315242767334 5793
70590 10000 0.703125 -3.214536666870117 8355
70600 10000 0.6845703125 -3.214628219604492 5874
70610 10000 0.70703125 -3.214773654937744 7114
70620 10000 0.689453125 -3.214935302734375 8426
70630 10000 0.6962890625 -3.215099573135376 6972
70640 10000 0.6669921875 -3.215231418609619 7001
70650 10000 0.689453125 -3.2154006958007812 2664
70660 10000 0.689453125 -3.215543031692505 821
70670 10000 0.6904296875 -3.215667724609375 9468
70680 10000 0.6953125 -3.2157764434814453 2456
70690 10000 0.7109375 -3.2159676551818848 7338
70700 10000 0.6943359375 -3.2160773277282715 6008
70710 10000 0.7138671875 -3.216168165206909 8248
70720 10000 0.6689453125 -3.2163453102111816 75
70730 10000 0.685546875 -3.2164268493652344 3363
70740 10000 0.67578125 -3.2166614532470703 2489
70750 10000 0.6953125 -3.2167532444000244 110
70760 10000 0.712890625 -3.216942071914673 663
70770 10000 0.6845703125 -3.2171549797058105 9021
70780 10000 0.7119140625 -3.217325210571289 2918
70790 10000 0.7099609375 -3.2174692153930664 9090
70800 10000 0.6943359375 -3.2177209854125977 9124
70810 10000 0.7021484375 -3.217834711074829 5224
70820 10000 0.7119140625 -3.217998504638672 6928
70830 10000 0.6689453125 -3.2182321548461914 2505
70840 10000 0.6904296875 -3.2183518409729004 4281
70850 10000 0.7060546875 -3.218496322631836 7004
70860 10000 0.6962890625 -3.218585968017578 2790
70870 10000 0.7236328125 -3.2187209129333496 650
70880 10000 0.701171875 -3.218959331512451 4639
70890 10000 0.689453125 -3.219036340713501 5573
70900 10000 0.6875 -3.2191619873046875 1714
70910 10000 0.6904296875 -3.2192609310150146 89
70920 10000 0.6923828125 -3.2194161415100098 638
70930 10000 0.6826171875 -3.2195241451263428 9448
70940 10000 0.681640625 -3.2197327613830566 772
70950 10000 0.71484375 -3.2198102474212646 9717
70960 10000 0.68359375 -3.2199673652648926 3941
70970 10000 0.66796875 -3.220097780227661 4982
70980 10000 0.673828125 -3.220219373703003 4920
70990 10000 0.6826171875 -3.220273017883301 6269
71000 10000 0.7021484375 -3.22037410736084 4063
71010 10000 0.6845703125 -3.2205212116241455 3927
71020 10000 0.662109375 -3.2206382751464844 5286
71030 10000 0.685546875 -3.22074031829834 9427
71040 10000 0.6826171875 -3.220851421356201 2182
71050 10000 0.697265625 -3.220977544784546 3043
71060 10000 0.6943359375 -3.221055030822754 1473
71070 10000 0.6728515625 -3.2211649417877197 3894
71080 10000 0.689453125 -3.2213215827941895 5527
71090 10000 0.6748046875 -3.2213966846466064 6438
71100 10000 0.6748046875 -3.221555471420288 7712
71110 10000 0.716796875 -3.221693515777588 9072
71120 10000 0.6982421875 -3.221844434738159 6971
71130 10000 0.6904296875 -3.222013235092163 5054
71140 10000 0.6845703125 -3.222132682800293 7842
71150 10000 0.7109375 -3.222245693206787 2079
71160 10000 0.67578125 -3.222416400909424 7829
71170 10000 0.685546875 -3.2225875854492188 29
71180 10000 0.6923828125 -3.222688674926758 6642
71190 10000 0.7138671875 -3.2228307723999023 8668
71200 10000 0.6650390625 -3.2229459285736084 8837
71210 10000 0.69140625 -3.223153591156006 9170
71220 10000 0.6845703125 -3.223292827606201 4953
71230 10000 0.697265625 -3.2234251499176025 7311
71240 10000 0.697265625 -3.223550319671631 2474
71250 10000 0.693359375 -3.2236204147338867 6692
71260 10000 0.6826171875 -3.2237930297851562 1602
71270 10000 0.6689453125 -3.223907470703125 9469
71280 10000 0.6845703125 -3.2240610122680664 9813
71290 10000 0.6748046875 -3.2242846488952637 9217
71300 10000 0.70703125 -3.2245752811431885 3520
71310 10000 0.6826171875 -3.2246580123901367 8559
71320 10000 0.69921875 -3.22481107711792 5669
71330 10000 0.693359375 -3.2249650955200195 5557
71340 10000 0.7041015625 -3.2250359058380127 6341
71350 10000 0.7060546875 -3.2251014709472656 7708
71360 10000 0.673828125 -3.225196123123169 6157
71370 10000 0.6845703125 -3.2253308296203613 2833
71380 10000 0.67578125 -3.2254738807678223 8382
71390 10000 0.6865234375 -3.2255702018737793 9359
71400 10000 0.6748046875 -3.2256555557250977 6585
71410 10000 0.70703125 -3.2258119583129883 2538
71420 10000 0.7021484375 -3.2259113788604736 9698
71430 10000 0.6826171875 -3.2260050773620605 5626
71440 10000 0.66015625 -3.22607159614563 5326
71450 10000 0.6875 -3.2261459827423096 3619
71460 10000 0.6650390625 -3.2262518405914307 6114
71470 10000 0.6640625 -3.2263591289520264 527
71480 10000 0.6669921875 -3.226548671722412 5900
71490 10000 0.6689453125 -3.2266387939453125 7546
71500 10000 0.6796875 -3.226749897003174 8012
71510 10000 0.6826171875 -3.2269020080566406 5204
71520 10000 0.6875 -3.226985454559326 1310
71530 10000 0.662109375 -3.227107286453247 6490
71540 10000 0.6865234375 -3.2272489070892334 38
71550 10000 0.6845703125 -3.227299213409424 2608
71560 10000 0.67578125 -3.227377414703369 7077
71570 10000 0.6796875 -3.2276344299316406 6072
71580 10000 0.67578125 -3.2276997566223145 481
71590 10000 0.6806640625 -3.2278294563293457 5248
71600 10000 0.6416015625 -3.2279839515686035 7216
71610 10000 0.669921875 -3.228053569793701 9977
71620 10000 0.6650390625 -3.228175163269043 2826
71630 10000 0.6572265625 -3.2283029556274414 8654
71640 10000 0.689453125 -3.2284977436065674 8847
71650 10000 0.6787109375 -3.2286596298217773 8512
71660 10000 0.6806640625 -3.228752613067627 1133
71670 10000 0.6962890625 -3.2288596630096436 6504
71680 10000 0.68359375 -3.228969097137451 6401
71690 10000 0.685546875 -3.229095935821533 8958
71700 10000 0.697265625 -3.2292041778564453 208
71710 10000 0.6669921875 -3.229351758956909 9632
71720 10000 0.6591796875 -3.2295613288879395 5275
71730 10000 0.6796875 -3.2296993732452393 9089
71740 10000 0.6796875 -3.229851007461548 5768
71750 10000 0.673828125 -3.2300169467926025 8291
71760 10000 0.6630859375 -3.2301454544067383 2353
71770 10000 0.68359375 -3.2303004264831543 2855
71780 10000 0.6591796875 -3.2303829193115234 4577
71790 10000 0.685546875 -3.2304961681365967 390
71800 10000 0.7041015625 -3.230563163757324 9360
71810 10000 0.69921875 -3.2306761741638184 3530
71820 10000 0.68359375 -3.230717658996582 3858
71830 10000 0.6845703125 -3.2308788299560547 492
71840 10000 0.6953125 -3.2309646606445312 6707
71850 10000 0.70703125 -3.231100082397461 5926
71860 10000 0.68359375 -3.2312779426574707 9320
71870 10000 0.666015625 -3.231438636779785 1747
71880 10000 0.6845703125 -3.2315726280212402 2912
71890 10000 0.6474609375 -3.2316794395446777 9552
71900 10000 0.685546875 -3.231818199157715 2289
71910 10000 0.7041015625 -3.231987953186035 3408
71920 10000 0.6904296875 -3.232175827026367 9232
71930 10000 0.666015625 -3.2322511672973633 2138
71940 10000 0.671875 -3.232370138168335 6259
71950 10000 0.6806640625 -3.2325124740600586 1073
71960 10000 0.708984375 -3.2326176166534424 5215
71970 10000 0.7080078125 -3.232860803604126 3103
71980 10000 0.658203125 -3.232963800430298 2426
71990 10000 0.6796875 -3.2330641746520996 7790
72000 10000 0.6669921875 -3.2331948280334473 6564
72010 10000 0.654296875 -3.2333035469055176 2227
72020 10000 0.6826171875 -3.233407974243164 2151
72030 10000 0.6689453125 -3.233523368835449 2850
72040 10000 0.671875 -3.2336087226867676 6495
72050 10000 0.69921875 -3.2337090969085693 5713
72060 10000 0.6708984375 -3.2338032722473145 8245
72070 10000 0.6845703125 -3.233884811401367 6027
72080 10000 0.65234375 -3.2340567111968994 6833
72090 10000 0.6826171875 -3.2342066764831543 4187
72100 10000 0.685546875 -3.234253406524658 7425
72110 10000 0.6572265625 -3.2343645095825195 5198
72120 10000 0.6435546875 -3.234466552734375 8955
72130 10000 0.6845703125 -3.2345337867736816 7514
72140 10000 0.67578125 -3.234635353088379 1728
72150 10000 0.689453125 -3.2347474098205566 7266
72160 10000 0.6865234375 -3.2349400520324707 7034
72170 10000 0.6630859375 -3.2351596355438232 1933
72180 10000 0.6708984375 -3.2352471351623535 9408
72190 10000 0.677734375 -3.2353498935699463 2867
72200 10000 0.6640625 -3.2354822158813477 5810
72210 10000 0.6806640625 -3.2356491088867188 4844
72220 10000 0.6865234375 -3.235746145248413 8183
72230 10000 0.6484375 -3.235877752304077 3972
72240 10000 0.6650390625 -3.2360386848449707 1618
72250 10000 0.6640625 -3.236201047897339 9871
72260 10000 0.6533203125 -3.2363271713256836 1152
72270 10000 0.6611328125 -3.2364635467529297 7570
72280 10000 0.6923828125 -3.2365686893463135 5918
72290 10000 0.6669921875 -3.236743211746216 9983
72300 10000 0.6142578125 -3.236819267272949 5825
72310 10000 0.6728515625 -3.236903667449951 3996
72320 10000 0.68359375 -3.236988067626953 4324
72330 10000 0.6611328125 -3.237098217010498 2203
72340 10000 0.6689453125 -3.2371582984924316 1285
72350 10000 0.66796875 -3.2373361587524414 6063
72360 10000 0.6650390625 -3.2374441623687744 6996
72370 10000 0.67578125 -3.2375450134277344 9391
72380 10000 0.6884765625 -3.237673044204712 2499
72390 10000 0.689453125 -3.2377381324768066 1096
72400 10000 0.6669921875 -3.237841844558716 3771
72410 10000 0.6806640625 -3.237959146499634 8274
72420 10000 0.69140625 -3.2381093502044678 3754
72430 10000 0.6376953125 -3.2381701469421387 5543
72440 10000 0.671875 -3.238302230834961 6812
72450 10000 0.6826171875 -3.2384276390075684 4566
72460 10000 0.6728515625 -3.238542079925537 5081
72470 10000 0.666015625 -3.238666534423828 9496
72480 10000 0.6630859375 -3.238724708557129 4043
72490 10000 0.671875 -3.2388038635253906 298
72500 10000 0.6318359375 -3.2389588356018066 3751
72510 10000 0.6884765625 -3.239086151123047 9738
72520 10000 0.65234375 -3.2391715049743652 6752
72530 10000 0.638671875 -3.2393410205841064 1965
72540 10000 0.6318359375 -3.239410877227783 7268
72550 10000 0.6748046875 -3.2395248413085938 200
72560 10000 0.6435546875 -3.2396039962768555 13
72570 10000 0.677734375 -3.239652156829834 7297
72580 10000 0.671875 -3.239805221557617 6239
72590 10000 0.650390625 -3.239922046661377 5044
72600 10000 0.671875 -3.2400498390197754 1750
72610 10000 0.6787109375 -3.24015212059021 4328
72620 10000 0.673828125 -3.24025821685791 2237
72630 10000 0.65234375 -3.2404708862304688 4731
72640 10000 0.6435546875 -3.2405669689178467 3027
72650 10000 0.693359375 -3.2407174110412598 9705
72660 10000 0.6591796875 -3.2408361434936523 9546
72670 10000 0.671875 -3.2410154342651367 1713
72680 10000 0.6591796875 -3.241126298904419 545
72690 10000 0.65234375 -3.24129581451416 9649
72700 10000 0.6884765625 -3.241394519805908 3877
72710 10000 0.67578125 -3.241548538208008 4501
72720 10000 0.6748046875 -3.2416152954101562 1292
72730 10000 0.6494140625 -3.241685628890991 1670
72740 10000 0.6416015625 -3.2418618202209473 5345
72750 10000 0.6259765625 -3.242015838623047 3277
72760 10000 0.66796875 -3.242138385772705 2752
72770 10000 0.666015625 -3.242237091064453 2867
72780 10000 0.68359375 -3.242269515991211 1810
72790 10000 0.6591796875 -3.2424354553222656 7807
72800 10000 0.671875 -3.2425389289855957 7143
72810 10000 0.6669921875 -3.242708206176758 6777
72820 10000 0.6767578125 -3.242873191833496 9717
72830 10000 0.6630859375 -3.2429773807525635 4645
72840 10000 0.654296875 -3.2430360317230225 4201
72850 10000 0.6357421875 -3.2431225776672363 7108
72860 10000 0.693359375 -3.243241786956787 5414
72870 10000 0.650390625 -3.2433764934539795 8344
72880 10000 0.662109375 -3.243457317352295 7306
72890 10000 0.6748046875 -3.2435903549194336 4073
72900 10000 0.6533203125 -3.243682861328125 1184
72910 10000 0.673828125 -3.24381422996521 6566
72920 10000 0.6650390625 -3.243892192840576 695
72930 10000 0.666015625 -3.244034767150879 9759
72940 10000 0.66015625 -3.2441444396972656 9798
72950 10000 0.6787109375 -3.2441864013671875 4412
72960 10000 0.681640625 -3.2442405223846436 195
72970 10000 0.68359375 -3.2443184852600098 5354
72980 10000 0.6806640625 -3.244473457336426 1506
72990 10000 0.6416015625 -3.2446253299713135 6954
73000 10000 0.6748046875 -3.2447314262390137 6240
73010 10000 0.6787109375 -3.2448506355285645 9628
73020 10000 0.6513671875 -3.2449193000793457 4441
73030 10000 0.650390625 -3.2450032234191895 4702
73040 10000 0.6552734375 -3.245120048522949 3134
73050 10000 0.6669921875 -3.2452211380004883 2452
73060 10000 0.658203125 -3.245389938354492 7938
73070 10000 0.6474609375 -3.2455925941467285 3691
73080 10000 0.650390625 -3.245779514312744 1095
73090 10000 0.640625 -3.245938301086426 9887
73100 10000 0.65625 -3.2460358142852783 5373
73110 10000 0.642578125 -3.2461302280426025 4117
73120 10000 0.6640625 -3.246206760406494 1297
73130 10000 0.6748046875 -3.246335029602051 2335
73140 10000 0.6689453125 -3.2464499473571777 7395
73150 10000 0.6650390625 -3.2465696334838867 4546
73160 10000 0.6748046875 -3.2466955184936523 9200
73170 10000 0.6376953125 -3.246795177459717 1738
73180 10000 0.640625 -3.246906280517578 1469
73190 10000 0.640625 -3.2469892501831055 7263
73200 10000 0.6611328125 -3.2471201419830322 2339
73210 10000 0.6962890625 -3.247232437133789 3523
73220 10000 0.666015625 -3.2474727630615234 4414
73230 10000 0.66015625 -3.2475600242614746 4294
73240 10000 0.6611328125 -3.2476296424865723 4712
73250 10000 0.6591796875 -3.2476940155029297 3603
73260 10000 0.6796875 -3.247819662094116 4668
73270 10000 0.6552734375 -3.2479381561279297 4074
73280 10000 0.6572265625 -3.248039722442627 54
73290 10000 0.6611328125 -3.248164176940918 4170
73300 10000 0.6337890625 -3.248225688934326 7206
73310 10000 0.6708984375 -3.248302936553955 1806
73320 10000 0.65625 -3.2484004497528076 9993
73330 10000 0.671875 -3.2485463619232178 6964
73340 10000 0.646484375 -3.2486519813537598 3820
73350 10000 0.666015625 -3.248741626739502 4025
73360 10000 0.650390625 -3.2488253116607666 6879
73370 10000 0.6376953125 -3.2490041255950928 3785
73380 10000 0.6640625 -3.249079704284668 1247
73390 10000 0.69140625 -3.2491836547851562 9158
73400 10000 0.642578125 -3.2492730617523193 6673
73410 10000 0.619140625 -3.2494053840637207 7170
73420 10000 0.658203125 -3.249485969543457 9663
73430 10000 0.6767578125 -3.249614953994751 2395
73440 10000 0.6943359375 -3.2497730255126953 7978
73450 10000 0.6357421875 -3.249854564666748 2924
73460 10000 0.6591796875 -3.24998140335083 1190
73470 10000 0.650390625 -3.250049114227295 6347
73480 10000 0.65234375 -3.2502174377441406 1673
73490 10000 0.65234375 -3.250260829925537 7169
73500 10000 0.625 -3.250429630279541 5902
73510 10000 0.630859375 -3.25050687789917 581
73520 10000 0.662109375 -3.2506203651428223 7569
73530 10000 0.66015625 -3.250732421875 2984
73540 10000 0.6513671875 -3.250861167907715 911
73550 10000 0.6376953125 -3.250947952270508 7120
73560 10000 0.654296875 -3.251075506210327 4341
73570 10000 0.6328125 -3.2511887550354004 204
73580 10000 0.6572265625 -3.2512917518615723 5209
73590 10000 0.6708984375 -3.251427173614502 17
73600 10000 0.6650390625 -3.2515578269958496 1979
73610 10000 0.6611328125 -3.251680374145508 4359
73620 10000 0.6416015625 -3.2517852783203125 8841
73630 10000 0.6435546875 -3.2519259452819824 8737
73640 10000 0.6484375 -3.2520289421081543 5604
73650 10000 0.6669921875 -3.2520980834960938 3720
73660 10000 0.6357421875 -3.2521700859069824 6351
73670 10000 0.6357421875 -3.2522811889648438 5482
73680 10000 0.650390625 -3.252342939376831 437
73690 10000 0.634765625 -3.252472400665283 6657
73700 10000 0.642578125 -3.252598762512207 6513
73710 10000 0.6416015625 -3.2526633739471436 2903
73720 10000 0.658203125 -3.252751350402832 6780
73730 10000 0.6376953125 -3.252840518951416 4305
73740 10000 0.650390625 -3.2529349327087402 4881
73750 10000 0.6455078125 -3.253037452697754 5368
73760 10000 0.6455078125 -3.253127098083496 4642
73770 10000 0.65234375 -3.253239870071411 9710
73780 10000 0.669921875 -3.25331711769104 7379
73790 10000 0.662109375 -3.2534260749816895 7762
73800 10000 0.6259765625 -3.2535276412963867 490
73810 10000 0.626953125 -3.2536191940307617 4650
73820 10000 0.630859375 -3.2537384033203125 3228
73830 10000 0.6630859375 -3.2538528442382812 5158
73840 10000 0.6572265625 -3.2540059089660645 5081
73850 10000 0.6337890625 -3.254098892211914 2409
73860 10000 0.638671875 -3.2541584968566895 5474
73870 10000 0.5947265625 -3.2542591094970703 4206
73880 10000 0.63671875 -3.254312038421631 7794
73890 10000 0.638671875 -3.2544643878936768 2052
73900 10000 0.666015625 -3.2545299530029297 5509
73910 10000 0.626953125 -3.254601001739502 6864
73920 10000 0.6376953125 -3.2547073364257812 6159
73930 10000 0.65625 -3.2548255920410156 787
73940 10000 0.6552734375 -3.254906415939331 7094
73950 10000 0.65234375 -3.2550745010375977 6163
73960 10000 0.6513671875 -3.255162239074707 6712
73970 10000 0.666015625 -3.255258083343506 5573
73980 10000 0.6171875 -3.255352735519409 3651
73990 10000 0.630859375 -3.255492925643921 6618
74000 10000 0.6611328125 -3.255601644515991 8766
74010 10000 0.634765625 -3.255703926086426 1142
74020 10000 0.642578125 -3.2557826042175293 9894
74030 10000 0.6474609375 -3.2558560371398926 8238
74040 10000 0.623046875 -3.2559406757354736 3879
74050 10000 0.6328125 -3.2560038566589355 2214
74060 10000 0.62890625 -3.256103754043579 1774
74070 10000 0.673828125 -3.256211757659912 1382
74080 10000 0.6474609375 -3.256349563598633 7006
74090 10000 0.646484375 -3.256474018096924 7344
74100 10000 0.650390625 -3.2566347122192383 3093
74110 10000 0.640625 -3.2567238807678223 6214
74120 10000 0.6396484375 -3.2568769454956055 1147
74130 10000 0.6201171875 -3.256927728652954 6178
74140 10000 0.609375 -3.2571029663085938 1063
74150 10000 0.6484375 -3.257288932800293 1128
74160 10000 0.666015625 -3.2573726177215576 4166
74170 10000 0.642578125 -3.2574470043182373 1052
74180 10000 0.64453125 -3.2575130462646484 9683
74190 10000 0.6337890625 -3.257664680480957 3756
74200 10000 0.626953125 -3.2578115463256836 9052
74210 10000 0.6025390625 -3.2578961849212646 6380
74220 10000 0.671875 -3.2579562664031982 4842
74230 10000 0.6298828125 -3.2580885887145996 6948
74240 10000 0.6611328125 -3.2581334114074707 7612
74250 10000 0.6484375 -3.258272171020508 1217
74260 10000 0.638671875 -3.258300304412842 5191
74270 10000 0.638671875 -3.2583651542663574 8937
74280 10000 0.6298828125 -3.2584280967712402 8819
74290 10000 0.6357421875 -3.2584948539733887 4882
74300 10000 0.6162109375 -3.2586112022399902 2257
74310 10000 0.640625 -3.258739948272705 7872
74320 10000 0.62109375 -3.2588815689086914 3748
74330 10000 0.62109375 -3.2590060234069824 4266
74340 10000 0.6396484375 -3.259054183959961 7927
74350 10000 0.6435546875 -3.259206533432007 9521
74360 10000 0.654296875 -3.259326457977295 5200
74370 10000 0.6337890625 -3.2593960762023926 7626
74380 10000 0.615234375 -3.259514331817627 5059
74390 10000 0.6455078125 -3.2595784664154053 8624
74400 10000 0.6396484375 -3.2596514225006104 2060
74410 10000 0.640625 -3.2597415447235107 45
74420 10000 0.615234375 -3.259842872619629 7815
74430 10000 0.65234375 -3.2600016593933105 5973
74440 10000 0.6298828125 -3.260082721710205 4898
74450 10000 0.6171875 -3.2601871490478516 2040
74460 10000 0.671875 -3.2602591514587402 3691
74470 10000 0.6474609375 -3.2603394985198975 6944
74480 10000 0.6357421875 -3.2604236602783203 5858
74490 10000 0.6416015625 -3.2605223655700684 1056
74500 10000 0.6474609375 -3.260596752166748 2961
74510 10000 0.62890625 -3.2607057094573975 4231
74520 10000 0.646484375 -3.2607715129852295 6417
74530 10000 0.6328125 -3.2608416080474854 6755
74540 10000 0.6259765625 -3.2609195709228516 1574
74550 10000 0.6328125 -3.261035919189453 477
74560 10000 0.6201171875 -3.261082649230957 6705
74570 10000 0.6240234375 -3.26121187210083 8450
74580 10000 0.6259765625 -3.261323928833008 1867
74590 10000 0.638671875 -3.2614452838897705 266
74600 10000 0.646484375 -3.261590003967285 9248
74610 10000 0.6357421875 -3.2616820335388184 9643
74620 10000 0.6181640625 -3.2617406845092773 2698
74630 10000 0.62890625 -3.2618086338043213 1704
74640 10000 0.6201171875 -3.261991024017334 9416
74650 10000 0.6337890625 -3.2620677947998047 7467
74660 10000 0.61328125 -3.262131690979004 6559
74670 10000 0.6279296875 -3.2622427940368652 4507
74680 10000 0.615234375 -3.26242733001709 7236
74690 10000 0.609375 -3.2624993324279785 2134
74700 10000 0.638671875 -3.262604236602783 6920
74710 10000 0.650390625 -3.2626705169677734 8093
74720 10000 0.599609375 -3.262747049331665 9663
74730 10000 0.62109375 -3.2628493309020996 9663
74740 10000 0.630859375 -3.263025999069214 1356
74750 10000 0.6201171875 -3.263139247894287 4476
74760 10000 0.630859375 -3.2632431983947754 1021
74770 10000 0.6142578125 -3.263319492340088 8275
74780 10000 0.6083984375 -3.2633564472198486 8973
74790 10000 0.6083984375 -3.2634565830230713 7615
74800 10000 0.6201171875 -3.2635581493377686 9467
74810 10000 0.630859375 -3.2636160850524902 9564
74820 10000 0.603515625 -3.263742685317993 4302
74830 10000 0.625 -3.263834238052368 675
74840 10000 0.59765625 -3.2639057636260986 9103
74850 10000 0.603515625 -3.2639944553375244 1178
74860 10000 0.6416015625 -3.2641196250915527 603
74870 10000 0.6259765625 -3.2641758918762207 8527
74880 10000 0.5966796875 -3.264300584793091 1233
74890 10000 0.630859375 -3.264417886734009 5695
74900 10000 0.6064453125 -3.264504909515381 7681
74910 10000 0.591796875 -3.2646524906158447 8230
74920 10000 0.6064453125 -3.26472544670105 379
74930 10000 0.6455078125 -3.264802932739258 6535
74940 10000 0.6171875 -3.264942169189453 7675
74950 10000 0.6279296875 -3.2650129795074463 6396
74960 10000 0.607421875 -3.265105724334717 3393
74970 10000 0.62109375 -3.265181064605713 4547
74980 10000 0.6337890625 -3.265270471572876 5623
74990 10000 0.6171875 -3.2653892040252686 2447
75000 10000 0.62890625 -3.265453577041626 7854
75010 10000 0.6201171875 -3.2655768394470215 7122
75020 10000 0.625 -3.2656636238098145 7443
75030 10000 0.6123046875 -3.2657525539398193 1738
75040 10000 0.6064453125 -3.2658538818359375 2822
75050 10000 0.642578125 -3.265976905822754 2707
75060 10000 0.615234375 -3.2660293579101562 1788
75070 10000 0.6083984375 -3.266096591949463 2588
75080 10000 0.6123046875 -3.266180992126465 5784
75090 10000 0.609375 -3.2662782669067383 5840
75100 10000 0.658203125 -3.266361951828003 6690
75110 10000 0.6103515625 -3.266439199447632 8796
75120 10000 0.623046875 -3.2664990425109863 6368
75130 10000 0.6123046875 -3.2665810585021973 141
75140 10000 0.6083984375 -3.266706705093384 6365
75150 10000 0.6044921875 -3.266779899597168 2950
75160 10000 0.6494140625 -3.2668533325195312 2748
75170 10000 0.5966796875 -3.266918182373047 6178
75180 10000 0.62890625 -3.2670164108276367 8641
75190 10000 0.615234375 -3.2670645713806152 2925
75200 10000 0.6376953125 -3.2671380043029785 2858
75210 10000 0.6044921875 -3.267253875732422 583
75220 10000 0.6025390625 -3.2673354148864746 7367
75230 10000 0.6064453125 -3.267429828643799 3774
75240 10000 0.625 -3.2675375938415527 9943
75250 10000 0.6220703125 -3.267620086669922 9029
75260 10000 0.625 -3.2676708698272705 5015
75270 10000 0.6015625 -3.267728328704834 3922
75280 10000 0.615234375 -3.2678096294403076 1739
75290 10000 0.626953125 -3.2679061889648438 5556
75300 10000 0.62109375 -3.268038511276245 4759
75310 10000 0.599609375 -3.2681140899658203 9194
75320 10000 0.6279296875 -3.268221855163574 6720
75330 10000 0.59375 -3.2683162689208984 5
75340 10000 0.615234375 -3.268397808074951 1442
75350 10000 0.599609375 -3.268500566482544 3900
75360 10000 0.6171875 -3.2685556411743164 4978
75370 10000 0.599609375 -3.268645763397217 787
75380 10000 0.6103515625 -3.2687020301818848 6630
75390 10000 0.64453125 -3.268808364868164 5081
75400 10000 0.6142578125 -3.2688817977905273 5630
75410 10000 0.6357421875 -3.268996238708496 480
75420 10000 0.615234375 -3.269094467163086 266
75430 10000 0.615234375 -3.269186019897461 4520
75440 10000 0.607421875 -3.2692689895629883 5650
75450 10000 0.623046875 -3.269353151321411 9286
75460 10000 0.6552734375 -3.2694590091705322 8728
75470 10000 0.615234375 -3.269545555114746 8726
75480 10000 0.626953125 -3.2696428298950195 8219
75490 10000 0.6318359375 -3.269695281982422 3267
75500 10000 0.5927734375 -3.269773006439209 3317
75510 10000 0.62109375 -3.2698769569396973 6950
75520 10000 0.611328125 -3.2699360847473145 2635
75530 10000 0.611328125 -3.2700400352478027 660
75540 10000 0.6123046875 -3.270134449005127 4406
75550 10000 0.6142578125 -3.2702372074127197 6340
75560 10000 0.615234375 -3.2703402042388916 1727
75570 10000 0.61328125 -3.2704854011535645 2160
75580 10000 0.623046875 -3.2705507278442383 341
75590 10000 0.62109375 -3.270662784576416 7529
75600 10000 0.60546875 -3.2707467079162598 4524
75610 10000 0.6103515625 -3.270864486694336 1569
75620 10000 0.6044921875 -3.2709403038024902 7782
75630 10000 0.6044921875 -3.2710113525390625 1311
75640 10000 0.6259765625 -3.2711634635925293 9884
75650 10000 0.6015625 -3.2712106704711914 1581
75660 10000 0.6259765625 -3.271303653717041 9687
75670 10000 0.5810546875 -3.2714016437530518 6564
75680 10000 0.599609375 -3.271472454071045 9611
75690 10000 0.5966796875 -3.2715578079223633 7084
75700 10000 0.6064453125 -3.2716259956359863 1350
75710 10000 0.58984375 -3.271726608276367 8687
75720 10000 0.587890625 -3.2718286514282227 9756
75730 10000 0.60546875 -3.2718772888183594 1419
75740 10000 0.611328125 -3.2719292640686035 3596
75750 10000 0.619140625 -3.2719831466674805 6932
75760 10000 0.60546875 -3.272045373916626 2296
75770 10000 0.6201171875 -3.2721786499023438 4694
75780 10000 0.5859375 -3.272270679473877 787
75790 10000 0.587890625 -3.27236008644104 9942
75800 10000 0.580078125 -3.2724218368530273 5322
75810 10000 0.5908203125 -3.272489070892334 8821
75820 10000 0.6181640625 -3.272557258605957 963
75830 10000 0.6083984375 -3.272704601287842 625
75840 10000 0.6103515625 -3.272766351699829 720
75850 10000 0.5830078125 -3.272838592529297 2158
75860 10000 0.611328125 -3.27293062210083 1254
75870 10000 0.6181640625 -3.2730367183685303 7885
75880 10000 0.5986328125 -3.273090362548828 7720
75890 10000 0.6025390625 -3.2731740474700928 3478
75900 10000 0.6142578125 -3.2732458114624023 4877
75910 10000 0.59375 -3.2734222412109375 3781
75920 10000 0.6357421875 -3.27349591255188 8247
75930 10000 0.6162109375 -3.2735910415649414 9048
75940 10000 0.6025390625 -3.273656129837036 1296
75950 10000 0.619140625 -3.2737176418304443 2191
75960 10000 0.59765625 -3.273766040802002 3216
75970 10000 0.6328125 -3.273829221725464 3491
75980 10000 0.6015625 -3.2739133834838867 4092
75990 10000 0.5908203125 -3.273970127105713 2569
76000 10000 0.5888671875 -3.274044990539551 5478
76010 10000 0.5966796875 -3.2741832733154297 8314
76020 10000 0.6083984375 -3.2742834091186523 7494
76030 10000 0.6015625 -3.2743992805480957 4608
76040 10000 0.5927734375 -3.2745003700256348 6502
76050 10000 0.6171875 -3.274561882019043 7158
76060 10000 0.59765625 -3.2746424674987793 2113
76070 10000 0.6044921875 -3.274751901626587 1670
76080 10000 0.64453125 -3.2748003005981445 304
76090 10000 0.6015625 -3.274869918823242 8931
76100 10000 0.607421875 -3.2749524116516113 4913
76110 10000 0.59375 -3.275036573410034 7407
76120 10000 0.6181640625 -3.2750980854034424 2651
76130 10000 0.59765625 -3.2751808166503906 8758
76140 10000 0.6123046875 -3.2752926349639893 7803
76150 10000 0.59375 -3.275350570678711 3584
76160 10000 0.6318359375 -3.2753984928131104 2155
76170 10000 0.5986328125 -3.2755250930786133 9711
76180 10000 0.615234375 -3.2755985260009766 5180
76190 10000 0.6044921875 -3.275672435760498 6555
76200 10000 0.607421875 -3.275745391845703 6691
76210 10000 0.623046875 -3.2757954597473145 2861
76220 10000 0.6201171875 -3.2759664058685303 2306
76230 10000 0.5966796875 -3.276055335998535 8877
76240 10000 0.599609375 -3.276183605194092 6496
76250 10000 0.595703125 -3.2762839794158936 283
76260 10000 0.5966796875 -3.276394844055176 3618
76270 10000 0.6181640625 -3.276494264602661 1870
76280 10000 0.623046875 -3.2766356468200684 9781
76290 10000 0.60546875 -3.2767515182495117 5366
76300 10000 0.61328125 -3.276885509490967 1005
76310 10000 0.60546875 -3.276949882507324 8812
76320 10000 0.5927734375 -3.277027130126953 195
76330 10000 0.6015625 -3.2771079540252686 2366
76340 10000 0.58984375 -3.277223825454712 4902
76350 10000 0.564453125 -3.277379035949707 6715
76360 10000 0.5947265625 -3.277446746826172 894
76370 10000 0.6005859375 -3.277522563934326 3667
76380 10000 0.603515625 -3.2775754928588867 3670
76390 10000 0.6005859375 -3.277658700942993 7234
76400 10000 0.591796875 -3.277721643447876 1012
76410 10000 0.59375 -3.2778303623199463 4032
76420 10000 0.6044921875 -3.277891159057617 7244
76430 10000 0.59375 -3.2779693603515625 2645
76440 10000 0.599609375 -3.278040885925293 8499
76450 10000 0.599609375 -3.2780961990356445 5508
76460 10000 0.5927734375 -3.278139591217041 2087
76470 10000 0.5888671875 -3.27817964553833 4016
76480 10000 0.58984375 -3.2783055305480957 623
76490 10000 0.599609375 -3.2783660888671875 1039
76500 10000 0.62109375 -3.2784347534179688 9099
76510 10000 0.595703125 -3.2785191535949707 888
76520 10000 0.5966796875 -3.278609275817871 924
76530 10000 0.6015625 -3.278681516647339 4371
76540 10000 0.615234375 -3.278764486312866 3976
76550 10000 0.58203125 -3.2788190841674805 2231
76560 10000 0.5615234375 -3.2788689136505127 8062
76570 10000 0.5859375 -3.2789289951324463 4145
76580 10000 0.5859375 -3.27897310256958 5849
76590 10000 0.59765625 -3.2790489196777344 1538
76600 10000 0.5966796875 -3.2791435718536377 7273
76610 10000 0.6044921875 -3.2792036533355713 3231
76620 10000 0.5869140625 -3.279270648956299 7021
76630 10000 0.564453125 -3.27933931350708 8726
76640 10000 0.6142578125 -3.279391288757324 5636
76650 10000 0.59765625 -3.2794528007507324 3431
76660 10000 0.564453125 -3.2795112133026123 8246
76670 10000 0.587890625 -3.2796010971069336 2214
76680 10000 0.60546875 -3.2796742916107178 7021
76690 10000 0.5712890625 -3.2797183990478516 8003
76700 10000 0.5751953125 -3.2797930240631104 2666
76710 10000 0.5732421875 -3.2798757553100586 6982
76720 10000 0.59375 -3.2799646854400635 9188
76730 10000 0.5791015625 -3.2800235748291016 6842
76740 10000 0.61328125 -3.2800920009613037 2441
76750 10000 0.6044921875 -3.280179977416992 3544
76760 10000 0.580078125 -3.2802724838256836 3781
76770 10000 0.5712890625 -3.2803738117218018 3191
76780 10000 0.5869140625 -3.28045392036438 946
76790 10000 0.607421875 -3.280534029006958 3906
76800 10000 0.572265625 -3.2806763648986816 9891
76810 10000 0.6064453125 -3.2807259559631348 1777
76820 10000 0.5947265625 -3.2807857990264893 7464
76830 10000 0.6123046875 -3.2808456420898438 5981
76840 10000 0.607421875 -3.2809219360351562 4639
76850 10000 0.5947265625 -3.2810206413269043 3760
76860 10000 0.595703125 -3.281109094619751 9501
76870 10000 0.564453125 -3.2811648845672607 3508
76880 10000 0.564453125 -3.281235694885254 5117
76890 10000 0.587890625 -3.2813706398010254 4389
76900 10000 0.568359375 -3.281454563140869 2510
76910 10000 0.5859375 -3.2815182209014893 866
76920 10000 0.5869140625 -3.281625747680664 1210
76930 10000 0.5859375 -3.2816615104675293 5980
76940 10000 0.5927734375 -3.2817306518554688 6025
76950 10000 0.580078125 -3.2817893028259277 762
76960 10000 0.60546875 -3.2818312644958496 3190
76970 10000 0.6171875 -3.2819252014160156 8146
76980 10000 0.5947265625 -3.2819747924804688 9791
76990 10000 0.5947265625 -3.2820205688476562 4286
77000 10000 0.5771484375 -3.282116174697876 8892
77010 10000 0.5712890625 -3.2822113037109375 7578
77020 10000 0.56640625 -3.2822976112365723 5662
77030 10000 0.5947265625 -3.282362222671509 8355
77040 10000 0.5859375 -3.2824337482452393 3619
77050 10000 0.59765625 -3.282543897628784 5348
77060 10000 0.595703125 -3.2826008796691895 3056
77070 10000 0.58203125 -3.282677173614502 5261
77080 10000 0.5693359375 -3.282712697982788 8634
77090 10000 0.5927734375 -3.2827935218811035 633
77100 10000 0.580078125 -3.2828314304351807 2100
77110 10000 0.58984375 -3.282909393310547 7607
77120 10000 0.56640625 -3.2829790115356445 9938
77130 10000 0.5791015625 -3.283039093017578 5067
77140 10000 0.5791015625 -3.283123254776001 7928
77150 10000 0.5556640625 -3.2832326889038086 3343
77160 10000 0.609375 -3.2833352088928223 1432
77170 10000 0.5908203125 -3.283430814743042 123
77180 10000 0.5791015625 -3.28349232673645 4599
77190 10000 0.5888671875 -3.283595561981201 7651
77200 10000 0.5693359375 -3.283663749694824 6262
77210 10000 0.6064453125 -3.2837276458740234 4645
77220 10000 0.611328125 -3.2838082313537598 8546
77230 10000 0.591796875 -3.2838528156280518 2573
77240 10000 0.59375 -3.2839550971984863 3811
77250 10000 0.5673828125 -3.2840280532836914 9345
77260 10000 0.552734375 -3.284113883972168 3476
77270 10000 0.5966796875 -3.2842235565185547 8536
77280 10000 0.5732421875 -3.2842941284179688 6567
77290 10000 0.576171875 -3.2843713760375977 9315
77300 10000 0.572265625 -3.28444242477417 4678
77310 10000 0.576171875 -3.284532308578491 3118
77320 10000 0.572265625 -3.2845797538757324 6051
77330 10000 0.6005859375 -3.284646987915039 547
77340 10000 0.560546875 -3.2847533226013184 144
77350 10000 0.5751953125 -3.2848055362701416 4069
77360 10000 0.576171875 -3.2848501205444336 4975
77370 10000 0.6103515625 -3.2849042415618896 3821
77380 10000 0.5810546875 -3.284980058670044 1486
77390 10000 0.5927734375 -3.285080909729004 8988
77400 10000 0.58984375 -3.2851133346557617 4582
77410 10000 0.5908203125 -3.285153865814209 7076
77420 10000 0.6015625 -3.2852563858032227 9902
77430 10000 0.5751953125 -3.2853360176086426 7752
77440 10000 0.56640625 -3.28543758392334 9089
77450 10000 0.5927734375 -3.2855019569396973 2749
77460 10000 0.58203125 -3.2855820655822754 2572
77470 10000 0.59375 -3.285672187805176 8627
77480 10000 0.595703125 -3.285759687423706 4476
77490 10000 0.5703125 -3.285820484161377 8031
77500 10000 0.57421875 -3.285905361175537 7670
77510 10000 0.5927734375 -3.285999298095703 1001
77520 10000 0.564453125 -3.286060094833374 9199
77530 10000 0.5888671875 -3.2861251831054688 8754
77540 10000 0.572265625 -3.2861924171447754 3224
77550 10000 0.603515625 -3.2862539291381836 4467
77560 10000 0.5751953125 -3.2863073348999023 1285
77570 10000 0.5595703125 -3.2863922119140625 5120
77580 10000 0.587890625 -3.2864177227020264 749
77590 10000 0.5625 -3.2864785194396973 9899
77600 10000 0.587890625 -3.28656005859375 8660
77610 10000 0.5673828125 -3.286637306213379 2620
77620 10000 0.5703125 -3.2867002487182617 8629
77630 10000 0.5703125 -3.286729574203491 1563
77640 10000 0.5537109375 -3.2867841720581055 9365
77650 10000 0.5859375 -3.2868800163269043 2003
77660 10000 0.599609375 -3.2869462966918945 8021
77670 10000 0.5927734375 -3.2870113849639893 3450
77680 10000 0.5810546875 -3.2870445251464844 6766
77690 10000 0.578125 -3.2871315479278564 6777
77700 10000 0.55859375 -3.287179946899414 596
77710 10000 0.5537109375 -3.287242889404297 3458
77720 10000 0.5810546875 -3.28731632232666 8709
77730 10000 0.599609375 -3.287374496459961 1410
77740 10000 0.572265625 -3.2874197959899902 2233
77750 10000 0.5595703125 -3.2874813079833984 3103
77760 10000 0.55859375 -3.2875685691833496 943
77770 10000 0.546875 -3.2876408100128174 6498
77780 10000 0.55078125 -3.287707805633545 7582
77790 10000 0.5517578125 -3.2877602577209473 232
77800 10000 0.546875 -3.2878007888793945 1668
77810 10000 0.599609375 -3.287844657897949 929
77820 10000 0.5673828125 -3.287879705429077 6284
77830 10000 0.5810546875 -3.2879562377929688 7466
77840 10000 0.5634765625 -3.288020610809326 1412
77850 10000 0.583984375 -3.2881217002868652 8608
77860 10000 0.578125 -3.2881884574890137 3143
77870 10000 0.5693359375 -3.28825306892395 3035
77880 10000 0.5517578125 -3.2883095741271973 514
77890 10000 0.5703125 -3.2883591651916504 5657
77900 10000 0.587890625 -3.288449287414551 9035
77910 10000 0.55078125 -3.2884912490844727 8093
77920 10000 0.5791015625 -3.2885427474975586 6877
77930 10000 0.5546875 -3.288590431213379 2823
77940 10000 0.58203125 -3.288649559020996 2509
77950 10000 0.5615234375 -3.288701057434082 3849
77960 10000 0.5615234375 -3.288804531097412 5450
77970 10000 0.5498046875 -3.2888383865356445 4981
77980 10000 0.5498046875 -3.2888870239257812 3871
77990 10000 0.5458984375 -3.288970947265625 7735
78000 10000 0.5478515625 -3.2890334129333496 3139
78010 10000 0.5478515625 -3.289099931716919 2412
78020 10000 0.5830078125 -3.289170265197754 4115
78030 10000 0.5830078125 -3.28922700881958 2528
78040 10000 0.5712890625 -3.289290189743042 4992
78050 10000 0.58203125 -3.2893242835998535 7770
78060 10000 0.560546875 -3.2893731594085693 8170
78070 10000 0.5771484375 -3.2894444465637207 8775
78080 10000 0.5517578125 -3.289522171020508 4795
78090 10000 0.5576171875 -3.2896041870117188 318
78100 10000 0.560546875 -3.2896881103515625 7924
78110 10000 0.5771484375 -3.28973388671875 7873
78120 10000 0.58203125 -3.2898623943328857 9758
78130 10000 0.5576171875 -3.289917469024658 4671
78140 10000 0.560546875 -3.2899656295776367 8360
78150 10000 0.5732421875 -3.2900471687316895 7921
78160 10000 0.552734375 -3.290112018585205 9192
78170 10000 0.5673828125 -3.2901949882507324 9246
78180 10000 0.5791015625 -3.2902674674987793 1291
78190 10000 0.5283203125 -3.2903432846069336 5099
78200 10000 0.5693359375 -3.2904374599456787 7488
78210 10000 0.546875 -3.2905054092407227 2286
78220 10000 0.5654296875 -3.2905819416046143 2388
78230 10000 0.5361328125 -3.290674924850464 5096
78240 10000 0.5634765625 -3.2907564640045166 6461
78250 10000 0.5517578125 -3.2908148765563965 8133
78260 10000 0.5712890625 -3.2909531593322754 5782
78270 10000 0.5556640625 -3.290987491607666 7799
78280 10000 0.556640625 -3.2910454273223877 3709
78290 10000 0.5810546875 -3.2911062240600586 753
78300 10000 0.5205078125 -3.2911553382873535 3696
78310 10000 0.5751953125 -3.291191339492798 5331
78320 10000 0.5732421875 -3.291243553161621 7391
78330 10000 0.5791015625 -3.2913200855255127 8921
78340 10000 0.5654296875 -3.291362762451172 82
78350 10000 0.5615234375 -3.291457414627075 7783
78360 10000 0.5498046875 -3.291541576385498 6663
78370 10000 0.5654296875 -3.291595458984375 6304
78380 10000 0.5576171875 -3.291640520095825 6136
78390 10000 0.5595703125 -3.2917063236236572 6982
78400 10000 0.5341796875 -3.291781425476074 1185
78410 10000 0.5595703125 -3.2918405532836914 8690
78420 10000 0.541015625 -3.291959285736084 2249
78430 10000 0.552734375 -3.2920081615448 7929
78440 10000 0.56640625 -3.292051315307617 5073
78450 10000 0.548828125 -3.2920875549316406 6678
78460 10000 0.5537109375 -3.2921810150146484 2923
78470 10000 0.5302734375 -3.292224884033203 7491
78480 10000 0.57421875 -3.2922539710998535 9818
78490 10000 0.572265625 -3.292325735092163 2014
78500 10000 0.5693359375 -3.2923786640167236 9785
78510 10000 0.546875 -3.2924258708953857 3524
78520 10000 0.5673828125 -3.2924718856811523 5831
78530 10000 0.5634765625 -3.2925477027893066 9372
78540 10000 0.5615234375 -3.292623996734619 7539
78550 10000 0.541015625 -3.2926883697509766 1390
78560 10000 0.560546875 -3.2927792072296143 6405
78570 10000 0.5498046875 -3.2928364276885986 8109
78580 10000 0.5361328125 -3.292900800704956 1252
78590 10000 0.5830078125 -3.292962074279785 315
78600 10000 0.5625 -3.2930636405944824 8697
78610 10000 0.5556640625 -3.293102502822876 8698
78620 10000 0.560546875 -3.2931785583496094 4130
78630 10000 0.546875 -3.2932281494140625 8353
78640 10000 0.529296875 -3.293281316757202 6428
78650 10000 0.578125 -3.2933428287506104 8047
78660 10000 0.5283203125 -3.2934257984161377 9243
78670 10000 0.5546875 -3.2934837341308594 7044
78680 10000 0.5498046875 -3.293534517288208 6879
78690 10000 0.5625 -3.2935924530029297 5582
78700 10000 0.5732421875 -3.293638229370117 1193
78710 10000 0.5576171875 -3.2937190532684326 7070
78720 10000 0.5576171875 -3.293787956237793 6526
78730 10000 0.5703125 -3.293842077255249 8944
78740 10000 0.5791015625 -3.293887138366699 8309
78750 10000 0.5537109375 -3.2939743995666504 9205
78760 10000 0.55859375 -3.294029712677002 9796
78770 10000 0.498046875 -3.294084072113037 3513
78780 10000 0.7734375 -3.2941532135009766 2593
78790 10000 0.763671875 -3.294182538986206 2484
78800 10000 0.771484375 -3.2942380905151367 6811
78810 10000 0.751953125 -3.2943129539489746 9733
78820 10000 0.75390625 -3.2943882942199707 3120
78830 10000 0.74609375 -3.2944746017456055 7149
78840 10000 0.771484375 -3.294546604156494 8994
78850 10000 0.794921875 -3.294626235961914 705
78860 10000 0.7802734375 -3.2947163581848145 9941
78870 10000 0.77734375 -3.294793128967285 2557
78880 10000 0.7861328125 -3.2948813438415527 8132
78890 10000 0.796875 -3.2949018478393555 6088
78900 10000 0.755859375 -3.2949657440185547 1176
78910 10000 0.7802734375 -3.2950496673583984 7206
78920 10000 0.771484375 -3.2950987815856934 2297
78930 10000 0.7861328125 -3.295213222503662 5280
78940 10000 0.7646484375 -3.295278549194336 3741
78950 10000 0.765625 -3.2953600883483887 1364
78960 10000 0.765625 -3.295423984527588 9831
78970 10000 0.7578125 -3.295499324798584 7022
78980 10000 0.759765625 -3.2955455780029297 2378
78990 10000 0.767578125 -3.2956700325012207 8139
79000 10000 0.7587890625 -3.295727491378784 5529
79010 10000 0.7626953125 -3.2957797050476074 2670
79020 10000 0.755859375 -3.2958502769470215 4861
79030 10000 0.78515625 -3.295905113220215 4045
79040 10000 0.779296875 -3.295976161956787 2390
79050 10000 0.744140625 -3.2960057258605957 4256
79060 10000 0.7548828125 -3.296058177947998 326
79070 10000 0.7412109375 -3.296109199523926 8152
79080 10000 0.7490234375 -3.296158790588379 2809
79090 10000 0.7490234375 -3.296260356903076 1134
79100 10000 0.7783203125 -3.296292543411255 9582
79110 10000 0.7783203125 -3.2963740825653076 6257
79120 10000 0.7734375 -3.296422004699707 5162
79130 10000 0.7470703125 -3.2964682579040527 1188
79140 10000 0.76171875 -3.296515941619873 9871
79150 10000 0.7392578125 -3.2965986728668213 3717
79160 10000 0.755859375 -3.2966833114624023 10
79170 10000 0.751953125 -3.296743154525757 8393
79180 10000 0.765625 -3.2968010902404785 4289
79190 10000 0.7900390625 -3.296858310699463 4334
79200 10000 0.7626953125 -3.2969346046447754 7188
79210 10000 0.7626953125 -3.2969703674316406 9273
79220 10000 0.7802734375 -3.2970099449157715 2025
79230 10000 0.7666015625 -3.2971158027648926 7483
79240 10000 0.7314453125 -3.2971534729003906 8100
79250 10000 0.783203125 -3.2972049713134766 1616
79260 10000 0.7724609375 -3.2972824573516846 8445
79270 10000 0.7587890625 -3.2973175048828125 8424
79280 10000 0.7880859375 -3.2973814010620117 1538
79290 10000 0.765625 -3.2974112033843994 1728
79300 10000 0.7587890625 -3.2974495887756348 3502
79310 10000 0.7861328125 -3.297499895095825 38
79320 10000 0.7705078125 -3.297562599182129 4002
79330 10000 0.75 -3.297607898712158 6074
79340 10000 0.7607421875 -3.297722339630127 5401
79350 10000 0.771484375 -3.2977705001831055 6210
79360 10000 0.755859375 -3.2978503704071045 4449
79370 10000 0.7568359375 -3.2979326248168945 6130
79380 10000 0.7734375 -3.297983169555664 9445
79390 10000 0.796875 -3.2980146408081055 5807
79400 10000 0.7802734375 -3.2981033325195312 850
79410 10000 0.7734375 -3.2981715202331543 6271
79420 10000 0.755859375 -3.298250198364258 3124
79430 10000 0.759765625 -3.2983226776123047 3967
79440 10000 0.7568359375 -3.2983696460723877 3916
79450 10000 0.763671875 -3.2984142303466797 3608
79460 10000 0.75390625 -3.2984609603881836 5311
79470 10000 0.75390625 -3.2985177040100098 7665
79480 10000 0.7802734375 -3.298560619354248 8116
79490 10000 0.75390625 -3.2986013889312744 6859
79500 10000 0.7880859375 -3.29868221282959 7761
79510 10000 0.7666015625 -3.2987403869628906 7062
79520 10000 0.7529296875 -3.298793077468872 9245
79530 10000 0.7607421875 -3.298862934112549 7487
79540 10000 0.75 -3.298943281173706 4470
79550 10000 0.7646484375 -3.2990176677703857 3187
79560 10000 0.736328125 -3.299081802368164 7343
79570 10000 0.779296875 -3.2992093563079834 6256
79580 10000 0.763671875 -3.2992537021636963 9936
79590 10000 0.7548828125 -3.2992825508117676 7179
79600 10000 0.7880859375 -3.299379825592041 1405
79610 10000 0.7587890625 -3.2994165420532227 596
79620 10000 0.7421875 -3.2994613647460938 4709
79630 10000 0.7568359375 -3.299511432647705 4147
79640 10000 0.7802734375 -3.2995657920837402 412
79650 10000 0.7666015625 -3.299609661102295 6448
79660 10000 0.7861328125 -3.2997360229492188 8860
79670 10000 0.76953125 -3.2997794151306152 5495
79680 10000 0.76953125 -3.2998437881469727 8950
79690 10000 0.7587890625 -3.2999086380004883 1674
79700 10000 0.7451171875 -3.2999868392944336 7191
79710 10000 0.77734375 -3.3000683784484863 4882
79720 10000 0.736328125 -3.300128936767578 7454
79730 10000 0.7744140625 -3.3002161979675293 5896
79740 10000 0.7490234375 -3.3002705574035645 4285
79750 10000 0.7685546875 -3.300314426422119 8069
79760 10000 0.7236328125 -3.3003668785095215 6523
79770 10000 0.7724609375 -3.3004860877990723 6835
79780 10000 0.76171875 -3.3005642890930176 1479
79790 10000 0.7607421875 -3.3005971908569336 3191
79800 10000 0.7666015625 -3.300642728805542 5973
79810 10000 0.7412109375 -3.3006763458251953 2655
79820 10000 0.7724609375 -3.3007421493530273 7572
79830 10000 0.7685546875 -3.3008086681365967 9712
79840 10000 0.77734375 -3.3008909225463867 6424
79850 10000 0.759765625 -3.300957679748535 439
79860 10000 0.7578125 -3.3010292053222656 2925
79870 10000 0.74609375 -3.301088333129883 2843
79880 10000 0.7412109375 -3.301142692565918 8105
79890 10000 0.7607421875 -3.3011884689331055 5607
79900 10000 0.77734375 -3.301246404647827 520
79910 10000 0.7646484375 -3.3013648986816406 6641
79920 10000 0.7529296875 -3.3014159202575684 1224
79930 10000 0.751953125 -3.30148983001709 7216
79940 10000 0.7568359375 -3.301560878753662 9550
79950 10000 0.7529296875 -3.3015997409820557 9978
79960 10000 0.73046875 -3.3016626834869385 6333
79970 10000 0.7412109375 -3.3017170429229736 8178
79980 10000 0.7509765625 -3.3017542362213135 7827
79990 10000 0.7509765625 -3.301837921142578 2948
80000 10000 0.7275390625 -3.3019142150878906 4962
80010 10000 0.775390625 -3.3019580841064453 9649
80020 10000 0.7783203125 -3.302072525024414 6438
80030 10000 0.7470703125 -3.3021254539489746 4935
80040 10000 0.74609375 -3.30216121673584 3313
80050 10000 0.732421875 -3.302199363708496 2247
80060 10000 0.7373046875 -3.302239418029785 2818
80070 10000 0.7509765625 -3.302306652069092 6844
80080 10000 0.7470703125 -3.3023693561553955 4364
80090 10000 0.7421875 -3.3024115562438965 8171
80100 10000 0.7431640625 -3.302445888519287 3254
80110 10000 0.76171875 -3.3024978637695312 9242
80120 10000 0.734375 -3.302584171295166 1977
80130 10000 0.7646484375 -3.3026280403137207 4736
80140 10000 0.779296875 -3.302668333053589 2315
80150 10000 0.7431640625 -3.3026883602142334 7064
80160 10000 0.77734375 -3.3027358055114746 1783
80170 10000 0.759765625 -3.302762031555176 2405
80180 10000 0.7587890625 -3.302804470062256 5492
80190 10000 0.7548828125 -3.302825927734375 9207
80200 10000 0.759765625 -3.30289363861084 84
80210 10000 0.7578125 -3.3029708862304688 8082
80220 10000 0.7568359375 -3.3030524253845215 5178
80230 10000 0.7294921875 -3.303128242492676 9734
80240 10000 0.744140625 -3.3031749725341797 7229
80250 10000 0.744140625 -3.303217649459839 8640
80260 10000 0.7587890625 -3.303248405456543 6611
80270 10000 0.744140625 -3.303286075592041 633
80280 10000 0.755859375 -3.303353786468506 6332
80290 10000 0.7265625 -3.3034234046936035 1835
80300 10000 0.7421875 -3.3035097122192383 3956
80310 10000 0.74609375 -3.303560256958008 2804
80320 10000 0.736328125 -3.303603172302246 9824
80330 10000 0.748046875 -3.3036704063415527 8492
80340 10000 0.7568359375 -3.303701162338257 3605
80350 10000 0.755859375 -3.303755760192871 6146
80360 10000 0.74609375 -3.303847312927246 8991
80370 10000 0.7314453125 -3.3039188385009766 7860
80380 10000 0.7509765625 -3.3039655685424805 6058
80390 10000 0.732421875 -3.304008722305298 4605
80400 10000 0.7548828125 -3.304067373275757 9924
80410 10000 0.728515625 -3.304133176803589 9784
80420 10000 0.71875 -3.3041903972625732 5209
80430 10000 0.7666015625 -3.304255485534668 4394
80440 10000 0.7255859375 -3.3042919635772705 7292
80450 10000 0.767578125 -3.304347515106201 5478
80460 10000 0.7509765625 -3.3043692111968994 2984
80470 10000 0.7412109375 -3.3043875694274902 5109
80480 10000 0.75 -3.304450035095215 5327
80490 10000 0.7314453125 -3.3044991493225098 6152
80500 10000 0.759765625 -3.304543972015381 5353
80510 10000 0.744140625 -3.304579734802246 5388
80520 10000 0.7412109375 -3.3046183586120605 6519
80530 10000 0.755859375 -3.3046538829803467 1555
80540 10000 0.7373046875 -3.3047125339508057 8127
80550 10000 0.755859375 -3.3047568798065186 8201
80560 10000 0.7216796875 -3.30478572845459 4365
80570 10000 0.74609375 -3.304844379425049 3934
80580 10000 0.759765625 -3.3049020767211914 5922
80590 10000 0.7509765625 -3.3049745559692383 8742
80600 10000 0.7314453125 -3.305046558380127 3335
80610 10000 0.751953125 -3.305081367492676 7517
80620 10000 0.7548828125 -3.3051376342773438 4093
80630 10000 0.75390625 -3.305198907852173 161
80640 10000 0.763671875 -3.3052425384521484 1253
80650 10000 0.7412109375 -3.3053102493286133 3094
80660 10000 0.755859375 -3.3053879737854004 4019
80670 10000 0.73046875 -3.3054490089416504 4039
80680 10000 0.7548828125 -3.30549955368042 6094
80690 10000 0.71484375 -3.3055615425109863 17
80700 10000 0.73828125 -3.3056037425994873 2710
80710 10000 0.759765625 -3.305640935897827 5783
80720 10000 0.7412109375 -3.305691719055176 4400
80730 10000 0.751953125 -3.3057467937469482 7270
80740 10000 0.7275390625 -3.305795669555664 3300
80750 10000 0.7197265625 -3.3058571815490723 2938
80760 10000 0.7548828125 -3.3059029579162598 574
80770 10000 0.7353515625 -3.3059773445129395 1292
80780 10000 0.7265625 -3.3060085773468018 507
80790 10000 0.7470703125 -3.306046485900879 8834
80800 10000 0.7568359375 -3.306075096130371 8356
80810 10000 0.73828125 -3.3061370849609375 2456
80820 10000 0.75 -3.3062002658843994 7703
80830 10000 0.736328125 -3.3062667846679688 9561
80840 10000 0.7265625 -3.3062996864318848 3499
80850 10000 0.7314453125 -3.30633544921875 9777
80860 10000 0.75 -3.306368350982666 8097
80870 10000 0.7509765625 -3.306398868560791 5698
80880 10000 0.7548828125 -3.306483268737793 2480
80890 10000 0.724609375 -3.3065314292907715 8537
80900 10000 0.7412109375 -3.306581497192383 7490
80910 10000 0.7412109375 -3.3066282272338867 8010
80920 10000 0.748046875 -3.3066980838775635 2009
80930 10000 0.7353515625 -3.3067455291748047 4418
80940 10000 0.7412109375 -3.3067924976348877 6207
80950 10000 0.724609375 -3.3068482875823975 8886
80960 10000 0.73828125 -3.306881904602051 5588
80970 10000 0.7333984375 -3.306919813156128 1158
80980 10000 0.71484375 -3.3069777488708496 4260
80990 10000 0.7421875 -3.3070130348205566 6292
81000 10000 0.7333984375 -3.3070435523986816 2390
81010 10000 0.744140625 -3.307080030441284 9060
81020 10000 0.7578125 -3.3071470260620117 8077
81030 10000 0.7353515625 -3.30718994140625 2200
81040 10000 0.716796875 -3.307230234146118 2396
81050 10000 0.7431640625 -3.307286024093628 8079
81060 10000 0.72265625 -3.3073220252990723 95
81070 10000 0.734375 -3.307354688644409 1191
81080 10000 0.736328125 -3.3074305057525635 9529
81090 10000 0.7548828125 -3.307483196258545 7181
81100 10000 0.7763671875 -3.3075149059295654 8564
81110 10000 0.7431640625 -3.307567834854126 2707
81120 10000 0.7490234375 -3.307615041732788 8988
81130 10000 0.7578125 -3.307647705078125 3431
81140 10000 0.73828125 -3.3076937198638916 2064
81150 10000 0.7529296875 -3.3077468872070312 2854
81160 10000 0.7451171875 -3.3077995777130127 4512
81170 10000 0.744140625 -3.3078625202178955 8237
81180 10000 0.744140625 -3.3079097270965576 1749
81190 10000 0.7392578125 -3.307941436767578 1787
81200 10000 0.7216796875 -3.308009147644043 1546
81210 10000 0.73046875 -3.3080430030822754 5359
81220 10000 0.751953125 -3.3081135749816895 9041
81230 10000 0.7509765625 -3.3081536293029785 3814
81240 10000 0.7080078125 -3.308183193206787 911
81250 10000 0.7353515625 -3.3082265853881836 8510
81260 10000 0.736328125 -3.3082938194274902 2426
81270 10000 0.736328125 -3.308321952819824 9206
81280 10000 0.73046875 -3.3083696365356445 8617
81290 10000 0.7529296875 -3.308431625366211 2191
81300 10000 0.7421875 -3.308469772338867 4634
81310 10000 0.73828125 -3.308516263961792 6174
81320 10000 0.7373046875 -3.3085713386535645 8515
81330 10000 0.7255859375 -3.308624744415283 1154
81340 10000 0.728515625 -3.308666706085205 3662
81350 10000 0.7197265625 -3.3087339401245117 8355
81360 10000 0.7197265625 -3.308784008026123 1059
81370 10000 0.7275390625 -3.3088107109069824 6625
81380 10000 0.73046875 -3.308870315551758 793
81390 10000 0.7314453125 -3.308917999267578 2080
81400 10000 0.7109375 -3.308959722518921 8390
81410 10000 0.732421875 -3.309023857116699 85
81420 10000 0.7470703125 -3.3090569972991943 5526
81430 10000 0.74609375 -3.3091182708740234 1663
81440 10000 0.7021484375 -3.309161424636841 2763
81450 10000 0.744140625 -3.3091845512390137 6843
81460 10000 0.720703125 -3.3092072010040283 1775
81470 10000 0.7392578125 -3.3092541694641113 3729
81480 10000 0.7509765625 -3.3093090057373047 4078
81490 10000 0.748046875 -3.309378147125244 6225
81500 10000 0.71875 -3.30942964553833 4583
81510 10000 0.7470703125 -3.309464454650879 5096
81520 10000 0.7412109375 -3.30951189994812 8652
81530 10000 0.7529296875 -3.3095450401306152 5040
81540 10000 0.7314453125 -3.309596061706543 7208
81550 10000 0.7236328125 -3.3096351623535156 9475
81560 10000 0.728515625 -3.30971360206604 5552
81570 10000 0.7294921875 -3.309774875640869 6060
81580 10000 0.7080078125 -3.3098337650299072 9068
81590 10000 0.759765625 -3.309903144836426 9442
81600 10000 0.7509765625 -3.309955596923828 904
81610 10000 0.728515625 -3.310026168823242 1939
81620 10000 0.7373046875 -3.3100638389587402 8296
81630 10000 0.734375 -3.3100953102111816 6158
81640 10000 0.748046875 -3.310147762298584 7817
81650 10000 0.7177734375 -3.310187339782715 7514
81660 10000 0.7197265625 -3.3102385997772217 5735
81670 10000 0.728515625 -3.3102736473083496 7594
81680 10000 0.7119140625 -3.310292959213257 7218
81690 10000 0.7470703125 -3.3103227615356445 9486
81700 10000 0.744140625 -3.310368776321411 8682
81710 10000 0.734375 -3.310464382171631 9402
81720 10000 0.7431640625 -3.3105082511901855 1354
81730 10000 0.73046875 -3.3105483055114746 1832
81740 10000 0.7392578125 -3.3106064796447754 6237
81750 10000 0.73046875 -3.3106584548950195 2638
81760 10000 0.7275390625 -3.3106884956359863 5791
81770 10000 0.73828125 -3.310727596282959 6002
81780 10000 0.7314453125 -3.310790538787842 2754
81790 10000 0.7099609375 -3.3108224868774414 8696
81800 10000 0.75 -3.3108763694763184 1091
81810 10000 0.7255859375 -3.3109323978424072 5259
81820 10000 0.7177734375 -3.310992479324341 9755
81830 10000 0.7216796875 -3.3110671043395996 2091
81840 10000 0.7158203125 -3.311124086380005 6787
81850 10000 0.732421875 -3.311164379119873 4005
81860 10000 0.7578125 -3.311211347579956 174
81870 10000 0.7431640625 -3.3112640380859375 2597
81880 10000 0.728515625 -3.3113269805908203 1323
81890 10000 0.7607421875 -3.3113672733306885 1723
81900 10000 0.7216796875 -3.3114566802978516 5512
81910 10000 0.73046875 -3.3115110397338867 3045
81920 10000 0.7568359375 -3.31154727935791 2527
81930 10000 0.728515625 -3.311616897583008 818
81940 10000 0.7236328125 -3.311649799346924 3127
81950 10000 0.748046875 -3.311687469482422 2681
81960 10000 0.7294921875 -3.3117456436157227 5021
81970 10000 0.7255859375 -3.3117737770080566 4701
81980 10000 0.732421875 -3.3118321895599365 3889
81990 10000 0.734375 -3.311878204345703 6511
82000 10000 0.720703125 -3.311913013458252 2079
82010 10000 0.732421875 -3.311936855316162 7377
82020 10000 0.7138671875 -3.3119864463806152 5716
82030 10000 0.703125 -3.312004566192627 9833
82040 10000 0.7294921875 -3.312039852142334 2191
82050 10000 0.73046875 -3.3120853900909424 9777
82060 10000 0.732421875 -3.312129020690918 5625
82070 10000 0.73046875 -3.312174081802368 1211
82080 10000 0.728515625 -3.312215566635132 5923
82090 10000 0.7197265625 -3.312243938446045 6736
82100 10000 0.73046875 -3.3122920989990234 8814
82110 10000 0.7412109375 -3.312343120574951 9469
82120 10000 0.7392578125 -3.312394142150879 7110
82130 10000 0.7294921875 -3.312455177307129 9651
82140 10000 0.7119140625 -3.312488555908203 6226
82150 10000 0.724609375 -3.312544345855713 7915
82160 10000 0.7373046875 -3.312574625015259 1861
82170 10000 0.734375 -3.312619686126709 6518
82180 10000 0.728515625 -3.3126718997955322 6839
82190 10000 0.7216796875 -3.312720537185669 768
82200 10000 0.734375 -3.3127708435058594 5418
82210 10000 0.72265625 -3.3128106594085693 8591
82220 10000 0.7265625 -3.3128604888916016 4212
82230 10000 0.7275390625 -3.3128843307495117 6398
82240 10000 0.724609375 -3.3129208087921143 1232
82250 10000 0.7041015625 -3.3129537105560303 9077
82260 10000 0.7236328125 -3.312991142272949 3733
82270 10000 0.716796875 -3.3130264282226562 9596
82280 10000 0.740234375 -3.3130569458007812 643
82290 10000 0.740234375 -3.3131051063537598 978
82300 10000 0.7119140625 -3.313133955001831 7976
82310 10000 0.7109375 -3.3131868839263916 3301
82320 10000 0.7431640625 -3.3132925033569336 4136
82330 10000 0.7255859375 -3.313335418701172 1268
82340 10000 0.7197265625 -3.313385009765625 1372
82350 10000 0.7314453125 -3.313452959060669 608
82360 10000 0.7255859375 -3.3134899139404297 5596
82370 10000 0.7236328125 -3.3135414123535156 8226
82380 10000 0.744140625 -3.3135952949523926 1953
82390 10000 0.7216796875 -3.3136301040649414 2129
82400 10000 0.724609375 -3.3136610984802246 8746
82410 10000 0.7041015625 -3.3137054443359375 3143
82420 10000 0.7109375 -3.3137333393096924 1225
82430 10000 0.7060546875 -3.313793659210205 4980
82440 10000 0.701171875 -3.3138551712036133 9804
82450 10000 0.7265625 -3.313887119293213 7880
82460 10000 0.697265625 -3.31392502784729 385
82470 10000 0.744140625 -3.31398344039917 2349
82480 10000 0.6904296875 -3.31404447555542 4134
82490 10000 0.7373046875 -3.3140931129455566 7076
82500 10000 0.7255859375 -3.314146041870117 8499
82510 10000 0.7138671875 -3.314192295074463 3506
82520 10000 0.7197265625 -3.3142333030700684 8291
82530 10000 0.7138671875 -3.314269781112671 3199
82540 10000 0.71875 -3.3143205642700195 7483
82550 10000 0.7294921875 -3.314354419708252 5703
82560 10000 0.7265625 -3.3144240379333496 566
82570 10000 0.7177734375 -3.314483642578125 5929
82580 10000 0.7197265625 -3.3145158290863037 7903
82590 10000 0.712890625 -3.314549446105957 9094
82600 10000 0.712890625 -3.3145880699157715 6109
82610 10000 0.7294921875 -3.3146419525146484 9475
82620 10000 0.7099609375 -3.314676284790039 1516
82630 10000 0.724609375 -3.3147082328796387 6025
82640 10000 0.7197265625 -3.314736843109131 7035
82650 10000 0.7236328125 -3.314779281616211 4827
82660 10000 0.7314453125 -3.3148045539855957 9344
82670 10000 0.73046875 -3.3148419857025146 713
82680 10000 0.703125 -3.3148727416992188 2024
82690 10000 0.732421875 -3.314910411834717 5000
82700 10000 0.703125 -3.3149290084838867 7126
82710 10000 0.7099609375 -3.3149633407592773 7154
82720 10000 0.7216796875 -3.3149921894073486 2310
82730 10000 0.6943359375 -3.3150265216827393 3924
82740 10000 0.7138671875 -3.315068006515503 2600
82750 10000 0.73828125 -3.3151450157165527 4546
82760 10000 0.7294921875 -3.3152074813842773 1953
82770 10000 0.6953125 -3.3152525424957275 4450
82780 10000 0.7373046875 -3.315281391143799 1342
82790 10000 0.7294921875 -3.3153066635131836 1201
82800 10000 0.7353515625 -3.3153786659240723 4422
82810 10000 0.708984375 -3.3154120445251465 7654
82820 10000 0.6962890625 -3.3154420852661133 2555
82830 10000 0.70703125 -3.315471649169922 875
82840 10000 0.71875 -3.315516948699951 12
82850 10000 0.720703125 -3.315566062927246 7778
82860 10000 0.6904296875 -3.3156189918518066 5155
82870 10000 0.7294921875 -3.315657138824463 5436
82880 10000 0.73828125 -3.315706729888916 2359
82890 10000 0.7314453125 -3.3157289028167725 4333
82900 10000 0.7021484375 -3.315774440765381 765
82910 10000 0.7021484375 -3.3158035278320312 32
82920 10000 0.70703125 -3.3158483505249023 7861
82930 10000 0.7001953125 -3.315917491912842 9731
82940 10000 0.7060546875 -3.3159680366516113 2313
82950 10000 0.7109375 -3.3159964084625244 5596
82960 10000 0.7333984375 -3.3160457611083984 4585
82970 10000 0.7236328125 -3.316072940826416 8879
82980 10000 0.7236328125 -3.316141128540039 642
82990 10000 0.7060546875 -3.3161940574645996 5234
83000 10000 0.712890625 -3.3162388801574707 9511
83010 10000 0.6796875 -3.3162741661071777 8423
83020 10000 0.712890625 -3.316318988800049 9084
83030 10000 0.7099609375 -3.316335678100586 5624
83040 10000 0.7177734375 -3.316372871398926 6615
83050 10000 0.68359375 -3.3164143562316895 1097
83060 10000 0.71875 -3.3164591789245605 1577
83070 10000 0.708984375 -3.3164806365966797 8310
83080 10000 0.69921875 -3.3165249824523926 9294
83090 10000 0.71484375 -3.316592216491699 8866
83100 10000 0.7001953125 -3.3166255950927734 1359
83110 10000 0.6875 -3.316679000854492 9466
83120 10000 0.6923828125 -3.316734552383423 996
83130 10000 0.705078125 -3.3167805671691895 5118
83140 10000 0.701171875 -3.316814661026001 4647
83150 10000 0.7099609375 -3.3168458938598633 7673
83160 10000 0.6943359375 -3.3168935775756836 9101
83170 10000 0.66796875 -3.316929817199707 7062
83180 10000 0.7138671875 -3.3169822692871094 4806
83190 10000 0.7158203125 -3.317032814025879 1773
83200 10000 0.7177734375 -3.3170735836029053 5251
83210 10000 0.70703125 -3.3171136379241943 1048
83220 10000 0.7236328125 -3.317152500152588 1262
83230 10000 0.7021484375 -3.3171911239624023 1266
83240 10000 0.728515625 -3.317228317260742 8437
83250 10000 0.6923828125 -3.317260265350342 6497
83260 10000 0.7265625 -3.3172881603240967 963
83270 10000 0.7109375 -3.3173153400421143 9773
83280 10000 0.716796875 -3.317335605621338 8691
83290 10000 0.6962890625 -3.317380905151367 3488
83300 10000 0.716796875 -3.3174140453338623 4049
83310 10000 0.7041015625 -3.3174924850463867 6732
83320 10000 0.73046875 -3.317537784576416 6661
83330 10000 0.7119140625 -3.317579984664917 6829
83340 10000 0.6845703125 -3.3176422119140625 7428
83350 10000 0.7099609375 -3.317659854888916 3230
83360 10000 0.7158203125 -3.3176841735839844 1443
83370 10000 0.7021484375 -3.317727565765381 4844
83380 10000 0.70703125 -3.3177645206451416 3895
83390 10000 0.708984375 -3.317810535430908 7477
83400 10000 0.69921875 -3.3178603649139404 3049
83410 10000 0.7490234375 -3.317922592163086 9602
83420 10000 0.7158203125 -3.317953586578369 2916
83430 10000 0.69921875 -3.318005084991455 7668
83440 10000 0.7060546875 -3.318049192428589 7230
83450 10000 0.6796875 -3.31809139251709 9378
83460 10000 0.6904296875 -3.318147897720337 3634
83470 10000 0.7021484375 -3.31819486618042 2726
83480 10000 0.703125 -3.3182480335235596 2491
83490 10000 0.71875 -3.3182830810546875 7507
83500 10000 0.7197265625 -3.318309783935547 7158
83510 10000 0.701171875 -3.318337917327881 774
83520 10000 0.681640625 -3.318366050720215 4295
83530 10000 0.7001953125 -3.3184103965759277 1977
83540 10000 0.7138671875 -3.3184585571289062 2176
83550 10000 0.705078125 -3.3184900283813477 2493
83560 10000 0.693359375 -3.31853985786438 2847
83570 10000 0.724609375 -3.3185744285583496 4627
83580 10000 0.7265625 -3.3185930252075195 9238
83590 10000 0.689453125 -3.3186113834381104 8767
83600 10000 0.705078125 -3.3186399936676025 6960
83610 10000 0.7080078125 -3.318676471710205 1910
83620 10000 0.6943359375 -3.318695068359375 9239
83630 10000 0.701171875 -3.318730115890503 9656
83640 10000 0.7021484375 -3.3187615871429443 9984
83650 10000 0.72265625 -3.318800449371338 9864
83660 10000 0.703125 -3.3188319206237793 6507
83670 10000 0.6962890625 -3.318849563598633 2234
83680 10000 0.7041015625 -3.3188791275024414 5875
83690 10000 0.703125 -3.318941831588745 4735
83700 10000 0.7177734375 -3.318971872329712 943
83710 10000 0.7119140625 -3.3190011978149414 6917
83720 10000 0.6904296875 -3.3190760612487793 1726
83730 10000 0.7021484375 -3.319106340408325 6144
83740 10000 0.7216796875 -3.319143295288086 5721
83750 10000 0.673828125 -3.319181442260742 3066
83760 10000 0.7080078125 -3.3192152976989746 1499
83770 10000 0.712890625 -3.3192391395568848 8031
83780 10000 0.7060546875 -3.3192977905273438 4381
83790 10000 0.7060546875 -3.319356918334961 8575
83800 10000 0.69140625 -3.319406032562256 9531
83810 10000 0.70703125 -3.3194496631622314 1812
83820 10000 0.6826171875 -3.3194923400878906 1008
83830 10000 0.71484375 -3.3195152282714844 6448
83840 10000 0.6982421875 -3.3195462226867676 5328
83850 10000 0.7158203125 -3.3195815086364746 1012
83860 10000 0.6884765625 -3.31961727142334 1576
83870 10000 0.7099609375 -3.3196659088134766 2429
83880 10000 0.7197265625 -3.3196914196014404 6334
83890 10000 0.6884765625 -3.319722890853882 2193
83900 10000 0.703125 -3.319763660430908 9599
83910 10000 0.708984375 -3.319807291030884 1791
83920 10000 0.7080078125 -3.3198390007019043 4541
83930 10000 0.7080078125 -3.3198933601379395 9169
83940 10000 0.677734375 -3.3199288845062256 5321
83950 10000 0.7275390625 -3.319956064224243 774
83960 10000 0.7177734375 -3.319993257522583 6439
83970 10000 0.685546875 -3.3200268745422363 4345
83980 10000 0.69140625 -3.320051908493042 6287
83990 10000 0.69921875 -3.320089101791382 8180
84000 10000 0.6708984375 -3.3201327323913574 2323
84010 10000 0.6982421875 -3.3201541900634766 8724
84020 10000 0.7021484375 -3.3201920986175537 8922
84030 10000 0.7236328125 -3.3202149868011475 3328
84040 10000 0.6884765625 -3.3202664852142334 3221
84050 10000 0.720703125 -3.3202834129333496 7545
84060 10000 0.705078125 -3.320298671722412 765
84070 10000 0.693359375 -3.32033109664917 2205
84080 10000 0.7021484375 -3.320388078689575 2108
84090 10000 0.7001953125 -3.3204240798950195 5796
84100 10000 0.6875 -3.3204574584960938 1478
84110 10000 0.6689453125 -3.32049822807312 6326
84120 10000 0.689453125 -3.3205225467681885 4359
84130 10000 0.6982421875 -3.3205580711364746 5364
84140 10000 0.697265625 -3.3205838203430176 1585
84150 10000 0.7060546875 -3.320622444152832 1974
84160 10000 0.701171875 -3.32065486907959 1547
84170 10000 0.6962890625 -3.3206963539123535 8088
84180 10000 0.7001953125 -3.3207345008850098 5946
84190 10000 0.7060546875 -3.3207688331604004 3999
84200 10000 0.7255859375 -3.320802688598633 3862
84210 10000 0.7041015625 -3.320828914642334 8230
84220 10000 0.697265625 -3.3208723068237305 5032
84230 10000 0.6630859375 -3.320930242538452 225
84240 10000 0.6767578125 -3.3209645748138428 2479
84250 10000 0.685546875 -3.3209877014160156 8600
84260 10000 0.6943359375 -3.321037769317627 5391
84270 10000 0.6923828125 -3.321066379547119 610
84280 10000 0.70703125 -3.321132183074951 5917
84290 10000 0.7275390625 -3.321157932281494 8514
84300 10000 0.6806640625 -3.321181297302246 8007
84310 10000 0.6796875 -3.321216106414795 134
84320 10000 0.7099609375 -3.3212478160858154 2777
84330 10000 0.71875 -3.321291923522949 7296
84340 10000 0.7041015625 -3.3213248252868652 8232
84350 10000 0.7041015625 -3.3213651180267334 5894
84360 10000 0.69921875 -3.321390151977539 540
84370 10000 0.6748046875 -3.3214266300201416 2831
84380 10000 0.6923828125 -3.321465015411377 4783
84390 10000 0.671875 -3.3214921951293945 8315
84400 10000 0.71875 -3.3215208053588867 5439
84410 10000 0.68359375 -3.3215553760528564 9053
84420 10000 0.6865234375 -3.3215911388397217 2292
84430 10000 0.712890625 -3.321610450744629 2954
84440 10000 0.6982421875 -3.3216583728790283 116
84450 10000 0.6875 -3.3216984272003174 4605
84460 10000 0.69140625 -3.3217334747314453 7717
84470 10000 0.71484375 -3.3217828273773193 2004
84480 10000 0.677734375 -3.32181978225708 4559
84490 10000 0.6943359375 -3.3218369483947754 9437
84500 10000 0.7138671875 -3.3218765258789062 9611
84510 10000 0.68359375 -3.3219172954559326 6119
84520 10000 0.6787109375 -3.321949005126953 5288
84530 10000 0.7158203125 -3.321974515914917 6291
84540 10000 0.7001953125 -3.3220009803771973 8447
84550 10000 0.6982421875 -3.3220252990722656 4802
84560 10000 0.6884765625 -3.322054624557495 8938
84570 10000 0.689453125 -3.3220717906951904 1991
84580 10000 0.6611328125 -3.3220882415771484 3874
84590 10000 0.6728515625 -3.3221278190612793 1680
84600 10000 0.6943359375 -3.322152614593506 9299
84610 10000 0.697265625 -3.322176933288574 9641
84620 10000 0.6923828125 -3.3222105503082275 6317
84630 10000 0.72265625 -3.322251319885254 7425
84640 10000 0.66796875 -3.3222804069519043 4154
84650 10000 0.6953125 -3.322323799133301 5669
84660 10000 0.705078125 -3.322369337081909 6125
84670 10000 0.703125 -3.3224058151245117 8440
84680 10000 0.69921875 -3.3224451541900635 5824
84690 10000 0.6845703125 -3.3224968910217285 6697
84700 10000 0.6845703125 -3.3225252628326416 307
84710 10000 0.6953125 -3.3225595951080322 1228
84720 10000 0.6796875 -3.322589635848999 4944
84730 10000 0.6943359375 -3.322641134262085 3643
84740 10000 0.6943359375 -3.322678327560425 2037
84750 10000 0.701171875 -3.3227298259735107 5327
84760 10000 0.6904296875 -3.322747230529785 8836
84770 10000 0.681640625 -3.322780132293701 4078
84780 10000 0.6904296875 -3.322831392288208 208
84790 10000 0.6875 -3.3228559494018555 8621
84800 10000 0.6484375 -3.3228871822357178 2864
84810 10000 0.70703125 -3.322916030883789 8680
84820 10000 0.6806640625 -3.322943687438965 9447
84830 10000 0.671875 -3.322999954223633 8961
84840 10000 0.6904296875 -3.3230345249176025 2250
84850 10000 0.6728515625 -3.323073148727417 3027
84860 10000 0.6767578125 -3.3230974674224854 4462
84870 10000 0.6845703125 -3.3231210708618164 2408
84880 10000 0.70703125 -3.323153257369995 6340
84890 10000 0.6796875 -3.323186159133911 451
84900 10000 0.6708984375 -3.3232364654541016 2404
84910 10000 0.654296875 -3.3232691287994385 9563
84920 10000 0.697265625 -3.323333740234375 7972
84930 10000 0.67578125 -3.3233766555786133 2839
84940 10000 0.6875 -3.323401927947998 6899
84950 10000 0.6982421875 -3.3234505653381348 8907
84960 10000 0.69140625 -3.3235058784484863 707
84970 10000 0.6845703125 -3.3235244750976562 137
84980 10000 0.6806640625 -3.3235549926757812 3081
84990 10000 0.6796875 -3.3235745429992676 9335
85000 10000 0.6904296875 -3.323601245880127 8367
85010 10000 0.7060546875 -3.3236336708068848 4447
85020 10000 0.650390625 -3.3236608505249023 3686
85030 10000 0.6767578125 -3.323697090148926 7289
85040 10000 0.6806640625 -3.323726177215576 4463
85050 10000 0.6787109375 -3.323753833770752 1004
85060 10000 0.66015625 -3.323772668838501 2246
85070 10000 0.6875 -3.32379412651062 7112
85080 10000 0.6787109375 -3.3238282203674316 7427
85090 10000 0.68359375 -3.323873519897461 3546
85100 10000 0.6630859375 -3.3238956928253174 6550
85110 10000 0.6904296875 -3.3239150047302246 7152
85120 10000 0.673828125 -3.32393741607666 9924
85130 10000 0.6708984375 -3.323960781097412 2667
85140 10000 0.6640625 -3.323992967605591 236
85150 10000 0.66796875 -3.3240180015563965 9468
85160 10000 0.673828125 -3.324042320251465 634
85170 10000 0.6611328125 -3.324075698852539 5285
85180 10000 0.673828125 -3.324117422103882 6606
85190 10000 0.6787109375 -3.3241348266601562 3585
85200 10000 0.6767578125 -3.324164390563965 1903
85210 10000 0.701171875 -3.3241896629333496 6954
85220 10000 0.6845703125 -3.324235439300537 1285
85230 10000 0.67578125 -3.324265480041504 1153
85240 10000 0.6826171875 -3.324295997619629 2704
85250 10000 0.6953125 -3.3243119716644287 8933
85260 10000 0.671875 -3.324340343475342 8895
85270 10000 0.6630859375 -3.324374198913574 7316
85280 10000 0.65234375 -3.3244378566741943 3122
85290 10000 0.662109375 -3.324477195739746 6592
85300 10000 0.693359375 -3.324525833129883 3213
85310 10000 0.671875 -3.3245694637298584 2750
85320 10000 0.6875 -3.3245849609375 6207
85330 10000 0.693359375 -3.3246266841888428 4556
85340 10000 0.6943359375 -3.324650287628174 9409
85350 10000 0.6650390625 -3.3246665000915527 8150
85360 10000 0.6728515625 -3.3246960639953613 7918
85370 10000 0.6728515625 -3.3247175216674805 4547
85380 10000 0.6787109375 -3.3247368335723877 6166
85390 10000 0.66796875 -3.324770450592041 9765
85400 10000 0.6533203125 -3.3247971534729004 9836
85410 10000 0.673828125 -3.324841260910034 3718
85420 10000 0.646484375 -3.3248701095581055 481
85430 10000 0.681640625 -3.3249034881591797 6489
85440 10000 0.6591796875 -3.324937105178833 9660
85450 10000 0.671875 -3.324955940246582 1233
85460 10000 0.697265625 -3.324988603591919 6441
85470 10000 0.6923828125 -3.325005531311035 7591
85480 10000 0.669921875 -3.3250479698181152 151
85490 10000 0.6875 -3.32507586479187 1702
85500 10000 0.650390625 -3.325105667114258 180
85510 10000 0.6748046875 -3.325143337249756 8091
85520 10000 0.6787109375 -3.3251700401306152 9959
85530 10000 0.6826171875 -3.3252058029174805 9498
85540 10000 0.6591796875 -3.325228691101074 3
85550 10000 0.6650390625 -3.325249195098877 8609
85560 10000 0.681640625 -3.325286388397217 5668
85570 10000 0.666015625 -3.3253326416015625 9403
85580 10000 0.67578125 -3.3253626823425293 5861
85590 10000 0.673828125 -3.325406312942505 4178
85600 10000 0.65234375 -3.3254475593566895 9099
85610 10000 0.6640625 -3.325479030609131 36
85620 10000 0.6650390625 -3.3254942893981934 8284
85630 10000 0.671875 -3.325552463531494 3521
85640 10000 0.6611328125 -3.3255786895751953 1051
85650 10000 0.697265625 -3.3256359100341797 8211
85660 10000 0.6611328125 -3.3256494998931885 3474
85670 10000 0.67578125 -3.325690746307373 6861
85680 10000 0.6875 -3.3257367610931396 7433
85690 10000 0.6845703125 -3.325775623321533 394
85700 10000 0.65234375 -3.3257997035980225 7691
85710 10000 0.662109375 -3.325819492340088 8411
85720 10000 0.6826171875 -3.32584547996521 8525
85730 10000 0.6552734375 -3.3258912563323975 4701
85740 10000 0.6845703125 -3.3259057998657227 5666
85750 10000 0.6728515625 -3.3259434700012207 8407
85760 10000 0.673828125 -3.325984001159668 5080
85770 10000 0.6728515625 -3.3260300159454346 6949
85780 10000 0.6767578125 -3.326056957244873 7033
85790 10000 0.6787109375 -3.3260746002197266 5263
85800 10000 0.66796875 -3.3260908126831055 4754
85810 10000 0.6669921875 -3.3261208534240723 117
85820 10000 0.685546875 -3.326148509979248 104
85830 10000 0.65234375 -3.3261802196502686 9303
85840 10000 0.693359375 -3.326198101043701 3565
85850 10000 0.6640625 -3.3262252807617188 3040
85860 10000 0.6572265625 -3.3262531757354736 8989
85870 10000 0.6513671875 -3.3262903690338135 99
85880 10000 0.6572265625 -3.326321840286255 7982
85890 10000 0.6669921875 -3.3263447284698486 2449
85900 10000 0.650390625 -3.326376438140869 8463
85910 10000 0.6689453125 -3.326396942138672 9708
85920 10000 0.6630859375 -3.326418399810791 8370
85930 10000 0.681640625 -3.3264427185058594 839
85940 10000 0.6689453125 -3.3264732360839844 5980
85950 10000 0.677734375 -3.326498031616211 4499
85960 10000 0.6650390625 -3.3265221118927 9998
85970 10000 0.6484375 -3.3265557289123535 7928
85980 10000 0.6640625 -3.326573610305786 5033
85990 10000 0.6572265625 -3.326597213745117 9629
86000 10000 0.6787109375 -3.3266334533691406 9033
86010 10000 0.671875 -3.326669216156006 8924
86020 10000 0.66796875 -3.3266959190368652 2960
86030 10000 0.666015625 -3.3267195224761963 8219
86040 10000 0.685546875 -3.326749801635742 2380
86050 10000 0.6826171875 -3.3268210887908936 8144
86060 10000 0.6787109375 -3.3268513679504395 7272
86070 10000 0.6708984375 -3.3268704414367676 9873
86080 10000 0.6572265625 -3.3268961906433105 1703
86090 10000 0.6708984375 -3.3269097805023193 6964
86100 10000 0.6728515625 -3.3269400596618652 6666
86110 10000 0.6533203125 -3.3269784450531006 6287
86120 10000 0.6708984375 -3.3270092010498047 7251
86130 10000 0.6591796875 -3.3270277976989746 4138
86140 10000 0.671875 -3.327047348022461 9636
86150 10000 0.6748046875 -3.3270785808563232 5357
86160 10000 0.6494140625 -3.327099323272705 1478
86170 10000 0.69140625 -3.3271164894104004 1350
86180 10000 0.6318359375 -3.327143669128418 9192
86190 10000 0.666015625 -3.3271827697753906 6463
86200 10000 0.6396484375 -3.327208995819092 9964
86210 10000 0.6826171875 -3.327254295349121 5415
86220 10000 0.6845703125 -3.3272995948791504 4955
86230 10000 0.646484375 -3.327317714691162 9084
86240 10000 0.6484375 -3.3273510932922363 5106
86250 10000 0.6923828125 -3.3273890018463135 4720
86260 10000 0.658203125 -3.3274388313293457 5235
86270 10000 0.6630859375 -3.327472686767578 5167
86280 10000 0.681640625 -3.327504873275757 9433
86290 10000 0.6640625 -3.3275227546691895 162
86300 10000 0.6640625 -3.327547073364258 7334
86310 10000 0.6611328125 -3.3275821208953857 3919
86320 10000 0.6689453125 -3.327606201171875 2249
86330 10000 0.6728515625 -3.3276400566101074 8276
86340 10000 0.6689453125 -3.327664852142334 5635
86350 10000 0.6806640625 -3.3276925086975098 5859
86360 10000 0.6357421875 -3.3277316093444824 2637
86370 10000 0.6591796875 -3.3277716636657715 7547
86380 10000 0.6689453125 -3.327792167663574 4308
86390 10000 0.65625 -3.327836036682129 4009
86400 10000 0.6669921875 -3.3278698921203613 6026
86410 10000 0.6396484375 -3.3279151916503906 4896
86420 10000 0.669921875 -3.3279426097869873 7319
86430 10000 0.658203125 -3.327965497970581 8589
86440 10000 0.6669921875 -3.327986240386963 8193
86450 10000 0.64453125 -3.3280200958251953 3900
86460 10000 0.6640625 -3.3280398845672607 4748
86470 10000 0.6279296875 -3.3280673027038574 5274
86480 10000 0.6689453125 -3.328096389770508 1858
86490 10000 0.6708984375 -3.328120231628418 597
86500 10000 0.6689453125 -3.3281614780426025 9388
86510 10000 0.6376953125 -3.328181743621826 4060
86520 10000 0.658203125 -3.328211784362793 3610
86530 10000 0.66015625 -3.328242301940918 3646
86540 10000 0.640625 -3.328279495239258 9027
86550 10000 0.6611328125 -3.32830810546875 5950
86560 10000 0.6708984375 -3.3283402919769287 5741
86570 10000 0.634765625 -3.328364372253418 6588
86580 10000 0.658203125 -3.3283774852752686 5134
86590 10000 0.6376953125 -3.3284075260162354 5344
86600 10000 0.6494140625 -3.3284354209899902 1036
86610 10000 0.640625 -3.3284518718719482 6383
86620 10000 0.6796875 -3.328491687774658 7090
86630 10000 0.654296875 -3.3285231590270996 1595
86640 10000 0.6513671875 -3.3285484313964844 3401
86650 10000 0.66015625 -3.3285763263702393 6822
86660 10000 0.6494140625 -3.3286004066467285 3478
86670 10000 0.66796875 -3.328618049621582 7535
86680 10000 0.6591796875 -3.3286304473876953 8127
86690 10000 0.658203125 -3.3286619186401367 2242
86700 10000 0.654296875 -3.328695058822632 7312
86710 10000 0.65625 -3.3287265300750732 7491
86720 10000 0.6494140625 -3.3287453651428223 7438
86730 10000 0.6611328125 -3.3287830352783203 1734
86740 10000 0.6728515625 -3.3287978172302246 8140
86750 10000 0.673828125 -3.3288164138793945 9351
86760 10000 0.6767578125 -3.3288464546203613 1942
86770 10000 0.6435546875 -3.3288698196411133 3133
86780 10000 0.6376953125 -3.328895092010498 4636
86790 10000 0.646484375 -3.3289198875427246 1046
86800 10000 0.6728515625 -3.3289382457733154 9475
86810 10000 0.6328125 -3.3289613723754883 9605
86820 10000 0.650390625 -3.328979730606079 6885
86830 10000 0.6416015625 -3.329024076461792 3612
86840 10000 0.6376953125 -3.32905912399292 7640
86850 10000 0.65625 -3.3290791511535645 8168
86860 10000 0.6376953125 -3.3290998935699463 75
86870 10000 0.638671875 -3.329122543334961 4627
86880 10000 0.6298828125 -3.32914400100708 4164
86890 10000 0.650390625 -3.3291845321655273 3287
86900 10000 0.640625 -3.3292012214660645 7760
86910 10000 0.6611328125 -3.3292269706726074 7501
86920 10000 0.6484375 -3.3292813301086426 5078
86930 10000 0.6416015625 -3.3293113708496094 6477
86940 10000 0.6162109375 -3.3293380737304688 4522
86950 10000 0.6552734375 -3.329367160797119 2372
86960 10000 0.6513671875 -3.3293938636779785 5549
86970 10000 0.671875 -3.329418182373047 8723
86980 10000 0.626953125 -3.3294448852539062 4293
86990 10000 0.6513671875 -3.3294687271118164 9811
87000 10000 0.658203125 -3.329493284225464 8357
87010 10000 0.6513671875 -3.329524517059326 2914
87020 10000 0.6533203125 -3.329547643661499 1819
87030 10000 0.658203125 -3.329575538635254 838
87040 10000 0.650390625 -3.329602003097534 7373
87050 10000 0.642578125 -3.329617500305176 8685
87060 10000 0.65625 -3.329639434814453 9139
87070 10000 0.646484375 -3.3296635150909424 8053
87080 10000 0.6748046875 -3.3296849727630615 683
87090 10000 0.642578125 -3.3297157287597656 2781
87100 10000 0.6396484375 -3.3297338485717773 4267
87110 10000 0.6044921875 -3.3297667503356934 2830
87120 10000 0.630859375 -3.329789638519287 1779
87130 10000 0.66015625 -3.3298239707946777 7306
87140 10000 0.638671875 -3.329852342605591 3329
87150 10000 0.6337890625 -3.3298795223236084 4045
87160 10000 0.6591796875 -3.329914093017578 9578
87170 10000 0.630859375 -3.3299484252929688 33
87180 10000 0.666015625 -3.3299832344055176 5762
87190 10000 0.6533203125 -3.3300082683563232 7796
87200 10000 0.6484375 -3.3300528526306152 924
87210 10000 0.6552734375 -3.3300676345825195 6987
87220 10000 0.6162109375 -3.3300862312316895 9898
87230 10000 0.64453125 -3.330118417739868 1568
87240 10000 0.6279296875 -3.33013916015625 1729
87250 10000 0.6552734375 -3.330158233642578 1296
87260 10000 0.6552734375 -3.330209970474243 6241
87270 10000 0.6435546875 -3.330235004425049 341
87280 10000 0.6455078125 -3.3302536010742188 2313
87290 10000 0.6357421875 -3.3302814960479736 6106
87300 10000 0.634765625 -3.3302993774414062 6059
87310 10000 0.66796875 -3.330329418182373 9226
87320 10000 0.6298828125 -3.3303518295288086 4376
87330 10000 0.6435546875 -3.3303680419921875 7071
87340 10000 0.6611328125 -3.3303918838500977 5736
87350 10000 0.6650390625 -3.330437660217285 5668
87360 10000 0.6318359375 -3.330463171005249 4140
87370 10000 0.6357421875 -3.330477476119995 6077
87380 10000 0.634765625 -3.3305110931396484 8265
87390 10000 0.6591796875 -3.330533266067505 7342
87400 10000 0.6474609375 -3.33056902885437 980
87410 10000 0.654296875 -3.330589771270752 2550
87420 10000 0.6416015625 -3.3306148052215576 2939
87430 10000 0.6630859375 -3.330644130706787 143
87440 10000 0.6474609375 -3.330660343170166 7196
87450 10000 0.62890625 -3.330681324005127 8032
87460 10000 0.64453125 -3.3307037353515625 7470
87470 10000 0.6591796875 -3.33073353767395 199
87480 10000 0.6611328125 -3.3307437896728516 7681
87490 10000 0.642578125 -3.330772876739502 8671
87500 10000 0.6591796875 -3.3308029174804688 8813
87510 10000 0.6396484375 -3.3308265209198 6017
87520 10000 0.63671875 -3.330857753753662 1921
87530 10000 0.64453125 -3.3308815956115723 4981
87540 10000 0.6376953125 -3.3309011459350586 4174
87550 10000 0.6669921875 -3.3309295177459717 3492
87560 10000 0.6787109375 -3.3309545516967773 8328
87570 10000 0.6376953125 -3.330997943878174 6758
87580 10000 0.6396484375 -3.331033945083618 2446
87590 10000 0.6435546875 -3.331048011779785 9536
87600 10000 0.6806640625 -3.331070899963379 908
87610 10000 0.6201171875 -3.331099033355713 742
87620 10000 0.6015625 -3.331122875213623 2559
87630 10000 0.634765625 -3.331141471862793 488
87640 10000 0.6474609375 -3.3311591148376465 496
87650 10000 0.6171875 -3.331191301345825 3371
87660 10000 0.6435546875 -3.3312153816223145 3204
87670 10000 0.66015625 -3.3312342166900635 3746
87680 10000 0.6171875 -3.3312528133392334 8521
87690 10000 0.6396484375 -3.331271171569824 1365
87700 10000 0.6474609375 -3.331289768218994 4939
87710 10000 0.6142578125 -3.3313093185424805 7964
87720 10000 0.6328125 -3.331350088119507 5041
87730 10000 0.6416015625 -3.3313703536987305 9009
87740 10000 0.6533203125 -3.331399917602539 2689
87750 10000 0.6435546875 -3.331425905227661 4422
87760 10000 0.623046875 -3.3314473628997803 7835
87770 10000 0.6318359375 -3.3314738273620605 7200
87780 10000 0.62890625 -3.3315017223358154 5667
87790 10000 0.6552734375 -3.3315253257751465 8766
87800 10000 0.6123046875 -3.3315682411193848 5978
87810 10000 0.6376953125 -3.3316025733947754 5896
87820 10000 0.6162109375 -3.3316268920898438 2796
87830 10000 0.615234375 -3.331664800643921 7679
87840 10000 0.654296875 -3.3316855430603027 2052
87850 10000 0.6015625 -3.3317127227783203 7520
87860 10000 0.6533203125 -3.3317370414733887 4609
87870 10000 0.6162109375 -3.3317599296569824 2991
87880 10000 0.591796875 -3.331785202026367 9561
87890 10000 0.6396484375 -3.331801414489746 9091
87900 10000 0.6435546875 -3.331833600997925 9924
87910 10000 0.6171875 -3.331857204437256 5571
87920 10000 0.615234375 -3.3318796157836914 545
87930 10000 0.630859375 -3.3319008350372314 685
87940 10000 0.6416015625 -3.3319149017333984 6226
87950 10000 0.6435546875 -3.3319406509399414 3433
87960 10000 0.630859375 -3.33197021484375 8376
87970 10000 0.65234375 -3.3319854736328125 2354
87980 10000 0.6123046875 -3.3320095539093018 5532
87990 10000 0.630859375 -3.3320322036743164 5305
88000 10000 0.6201171875 -3.332054615020752 9849
88010 10000 0.634765625 -3.3320724964141846 7942
88020 10000 0.6044921875 -3.332092761993408 2861
88030 10000 0.6435546875 -3.3321146965026855 3109
88040 10000 0.6396484375 -3.3321290016174316 9663
88050 10000 0.6376953125 -3.332165479660034 5797
88060 10000 0.638671875 -3.3321900367736816 8142
88070 10000 0.6259765625 -3.332217216491699 6570
88080 10000 0.6376953125 -3.332239866256714 6772
88090 10000 0.61328125 -3.3322701454162598 4411
88100 10000 0.6396484375 -3.3322973251342773 723
88110 10000 0.626953125 -3.332324266433716 1209
88120 10000 0.6357421875 -3.332334280014038 4471
88130 10000 0.6181640625 -3.3323659896850586 1198
88140 10000 0.6474609375 -3.3323822021484375 4410
88150 10000 0.6181640625 -3.332415819168091 3665
88160 10000 0.6123046875 -3.3324286937713623 5767
88170 10000 0.615234375 -3.332451820373535 7713
88180 10000 0.6259765625 -3.33247709274292 2175
88190 10000 0.607421875 -3.332500457763672 5912
88200 10000 0.626953125 -3.332533359527588 5665
88210 10000 0.619140625 -3.3325605392456055 8124
88220 10000 0.65625 -3.332587480545044 616
88230 10000 0.6650390625 -3.332606077194214 3032
88240 10000 0.6259765625 -3.33261775970459 6433
88250 10000 0.6279296875 -3.3326377868652344 2504
88260 10000 0.6181640625 -3.332658290863037 5074
88270 10000 0.6064453125 -3.3326833248138428 4067
88280 10000 0.6181640625 -3.33270263671875 3475
88290 10000 0.59765625 -3.3327598571777344 1147
88300 10000 0.6337890625 -3.3327770233154297 479
88310 10000 0.6142578125 -3.3328065872192383 5396
88320 10000 0.6181640625 -3.332829475402832 1391
88330 10000 0.611328125 -3.3328492641448975 8589
88340 10000 0.650390625 -3.3328750133514404 827
88350 10000 0.6337890625 -3.3329062461853027 9469
88360 10000 0.6044921875 -3.3329243659973145 2058
88370 10000 0.6416015625 -3.3329434394836426 8377
88380 10000 0.6357421875 -3.3329615592956543 4829
88390 10000 0.6142578125 -3.332972526550293 389
88400 10000 0.626953125 -3.3329951763153076 6124
88410 10000 0.61328125 -3.333010196685791 2433
88420 10000 0.615234375 -3.3330330848693848 3448
88430 10000 0.6142578125 -3.3330652713775635 1168
88440 10000 0.63671875 -3.3330888748168945 1983
88450 10000 0.6318359375 -3.3331081867218018 6517
88460 10000 0.6416015625 -3.3331408500671387 4764
88470 10000 0.6240234375 -3.3331596851348877 3801
88480 10000 0.6357421875 -3.333198070526123 8
88490 10000 0.6572265625 -3.333225727081299 110
88500 10000 0.642578125 -3.3332440853118896 2184
88510 10000 0.640625 -3.333277702331543 8264
88520 10000 0.625 -3.3332982063293457 2747
88530 10000 0.6357421875 -3.333324909210205 131
88540 10000 0.65625 -3.3333492279052734 9763
88550 10000 0.6337890625 -3.333369731903076 7258
88560 10000 0.63671875 -3.3333942890167236 1840
88570 10000 0.626953125 -3.333418846130371 1835
88580 10000 0.6025390625 -3.333437204360962 7283
88590 10000 0.634765625 -3.3334600925445557 2536
88600 10000 0.6083984375 -3.3334884643554688 8640
88610 10000 0.6240234375 -3.3334975242614746 4267
88620 10000 0.6337890625 -3.3335230350494385 3075
88630 10000 0.6279296875 -3.3335518836975098 2863
88640 10000 0.62109375 -3.3335938453674316 4603
88650 10000 0.642578125 -3.333611488342285 5652
88660 10000 0.6123046875 -3.3336288928985596 2252
88670 10000 0.6123046875 -3.3336596488952637 2407
88680 10000 0.62890625 -3.33368182182312 666
88690 10000 0.619140625 -3.3337011337280273 2468
88700 10000 0.640625 -3.3337182998657227 5908
88710 10000 0.6201171875 -3.33373761177063 1414
88720 10000 0.6240234375 -3.333770275115967 4005
88730 10000 0.6611328125 -3.3337888717651367 6707
88740 10000 0.5966796875 -3.333813190460205 6535
88750 10000 0.625 -3.333845615386963 1294
88760 10000 0.6279296875 -3.333872079849243 4678
88770 10000 0.599609375 -3.3338892459869385 7611
88780 10000 0.6240234375 -3.3339035511016846 820
88790 10000 0.6064453125 -3.3339200019836426 2371
88800 10000 0.62890625 -3.3339476585388184 4553
88810 10000 0.625 -3.3339738845825195 175
88820 10000 0.623046875 -3.3339877128601074 3787
88830 10000 0.6171875 -3.3340020179748535 7403
88840 10000 0.5966796875 -3.334052085876465 2583
88850 10000 0.5849609375 -3.3340845108032227 4147
88860 10000 0.6357421875 -3.3341023921966553 5057
88870 10000 0.599609375 -3.334122657775879 9782
88880 10000 0.6240234375 -3.3341383934020996 6237
88890 10000 0.6064453125 -3.3341596126556396 9526
88900 10000 0.6357421875 -3.3341846466064453 6911
88910 10000 0.62890625 -3.33420991897583 3544
88920 10000 0.6357421875 -3.3342361450195312 8365
88930 10000 0.6142578125 -3.334251880645752 7799
88940 10000 0.5947265625 -3.334272623062134 4929
88950 10000 0.6123046875 -3.3342955112457275 3516
88960 10000 0.6298828125 -3.3343143463134766 8241
88970 10000 0.59765625 -3.3343276977539062 1791
88980 10000 0.62109375 -3.334355592727661 5347
88990 10000 0.6044921875 -3.3343935012817383 8870
89000 10000 0.609375 -3.334414005279541 5799
89010 10000 0.603515625 -3.33443546295166 6841
89020 10000 0.6357421875 -3.3344621658325195 2000
89030 10000 0.6142578125 -3.3344900608062744 1953
89040 10000 0.607421875 -3.3345158100128174 5318
89050 10000 0.6171875 -3.334536552429199 7460
89060 10000 0.6494140625 -3.334562301635742 8864
89070 10000 0.634765625 -3.3345816135406494 2152
89080 10000 0.62890625 -3.334604501724243 2207
89090 10000 0.5947265625 -3.3346290588378906 5417
89100 10000 0.595703125 -3.3346447944641113 5433
89110 10000 0.576171875 -3.334660053253174 5851
89120 10000 0.6220703125 -3.3346734046936035 6515
89130 10000 0.6015625 -3.334700107574463 8239
89140 10000 0.5986328125 -3.334718704223633 9928
89150 10000 0.5771484375 -3.3347368240356445 5078
89160 10000 0.59765625 -3.334775447845459 9646
89170 10000 0.6259765625 -3.334806203842163 4478
89180 10000 0.5869140625 -3.3348312377929688 2032
89190 10000 0.6181640625 -3.334853410720825 1333
89200 10000 0.615234375 -3.334872007369995 92
89210 10000 0.6416015625 -3.3348894119262695 494
89220 10000 0.591796875 -3.3349132537841797 7734
89230 10000 0.6201171875 -3.3349404335021973 597
89240 10000 0.5810546875 -3.3349766731262207 8964
89250 10000 0.623046875 -3.334989070892334 8378
89260 10000 0.6083984375 -3.3350064754486084 5408
89270 10000 0.619140625 -3.335024356842041 5421
89280 10000 0.611328125 -3.3350634574890137 9868
89290 10000 0.599609375 -3.335078716278076 9618
89300 10000 0.59375 -3.3350906372070312 5582
89310 10000 0.5869140625 -3.33510160446167 2120
89320 10000 0.6083984375 -3.3351194858551025 2036
89330 10000 0.62109375 -3.335132598876953 9146
89340 10000 0.61328125 -3.3351540565490723 4475
89350 10000 0.6103515625 -3.3351752758026123 5457
89360 10000 0.6240234375 -3.3351895809173584 962
89370 10000 0.619140625 -3.3352181911468506 7903
89380 10000 0.58984375 -3.335235357284546 3560
89390 10000 0.6064453125 -3.3352537155151367 3254
89400 10000 0.6201171875 -3.3352713584899902 5030
89410 10000 0.5869140625 -3.3352928161621094 8700
89420 10000 0.609375 -3.3353097438812256 1313
89430 10000 0.58984375 -3.3353381156921387 1760
89440 10000 0.6005859375 -3.3353543281555176 7568
89450 10000 0.5859375 -3.3353748321533203 4509
89460 10000 0.6220703125 -3.3353943824768066 4359
89470 10000 0.611328125 -3.335415840148926 6554
89480 10000 0.6181640625 -3.3354201316833496 5759
89490 10000 0.595703125 -3.3354430198669434 8706
89500 10000 0.5791015625 -3.3354713916778564 2767
89510 10000 0.6005859375 -3.335486888885498 4321
89520 10000 0.6171875 -3.3354945182800293 7359
89530 10000 0.580078125 -3.3355135917663574 278
89540 10000 0.607421875 -3.3355350494384766 3753
89550 10000 0.6083984375 -3.3355515003204346 1866
89560 10000 0.560546875 -3.335578680038452 3257
89570 10000 0.599609375 -3.335592746734619 383
89580 10000 0.5791015625 -3.335611343383789 6451
89590 10000 0.587890625 -3.3356432914733887 3599
89600 10000 0.6015625 -3.33567476272583 5940
89610 10000 0.607421875 -3.3356857299804688 359
89620 10000 0.5947265625 -3.335709571838379 2373
89630 10000 0.5947265625 -3.335732936859131 7573
89640 10000 0.599609375 -3.3357458114624023 3380
89650 10000 0.58203125 -3.3357646465301514 186
89660 10000 0.5927734375 -3.335780382156372 7501
89670 10000 0.5859375 -3.3358004093170166 6876
89680 10000 0.59375 -3.3358306884765625 2629
89690 10000 0.5888671875 -3.335847854614258 3277
89700 10000 0.599609375 -3.335876226425171 4431
89710 10000 0.58984375 -3.3358891010284424 1619
89720 10000 0.623046875 -3.3359084129333496 2193
89730 10000 0.6220703125 -3.3359456062316895 8949
89740 10000 0.5859375 -3.3359570503234863 1557
89750 10000 0.591796875 -3.3359720706939697 4020
89760 10000 0.61328125 -3.335984706878662 6462
89770 10000 0.5927734375 -3.3359994888305664 8607
89780 10000 0.6083984375 -3.3360164165496826 413
89790 10000 0.60546875 -3.3360323905944824 3495
89800 10000 0.5888671875 -3.3360466957092285 323
89810 10000 0.6103515625 -3.3360657691955566 273
89820 10000 0.6025390625 -3.3360776901245117 1485
89830 10000 0.59375 -3.336106777191162 6388
89840 10000 0.5986328125 -3.336113691329956 1731
89850 10000 0.609375 -3.3361291885375977 5199
89860 10000 0.578125 -3.3361563682556152 8097
89870 10000 0.591796875 -3.336184501647949 4931
89880 10000 0.599609375 -3.3361968994140625 5098
89890 10000 0.58984375 -3.3362131118774414 284
89900 10000 0.611328125 -3.3362340927124023 6104
89910 10000 0.6064453125 -3.336254596710205 3836
89920 10000 0.5810546875 -3.33628249168396 9614
89930 10000 0.57421875 -3.336294174194336 7023
89940 10000 0.5927734375 -3.3363196849823 6486
89950 10000 0.58984375 -3.3363382816314697 6452
89960 10000 0.61328125 -3.336357593536377 4704
89970 10000 0.58984375 -3.336374044418335 8208
89980 10000 0.59375 -3.336392641067505 2514
89990 10000 0.5986328125 -3.33640718460083 6863
90000 10000 0.5810546875 -3.336423397064209 9658
90010 10000 0.599609375 -3.3364486694335938 5066
90020 10000 0.5849609375 -3.3364644050598145 2650
90030 10000 0.591796875 -3.336486339569092 6558
90040 10000 0.59765625 -3.336512804031372 7306
90050 10000 0.5966796875 -3.3365285396575928 8421
90060 10000 0.6044921875 -3.336552858352661 8688
90070 10000 0.6328125 -3.3365797996520996 5852
90080 10000 0.58984375 -3.3365955352783203 4169
90090 10000 0.60546875 -3.3366146087646484 884
90100 10000 0.59375 -3.3366341590881348 6548
90110 10000 0.5927734375 -3.3366479873657227 6036
90120 10000 0.59375 -3.336672306060791 3300
90130 10000 0.5751953125 -3.3366870880126953 6347
90140 10000 0.5869140625 -3.336695671081543 476
90150 10000 0.5908203125 -3.3367180824279785 7551
90160 10000 0.5830078125 -3.336728811264038 9704
90170 10000 0.5859375 -3.3367416858673096 9515
90180 10000 0.580078125 -3.336751937866211 3400
90190 10000 0.59765625 -3.3367857933044434 3716
90200 10000 0.578125 -3.3368020057678223 4683
90210 10000 0.58984375 -3.3368232250213623 2966
90220 10000 0.6025390625 -3.3368372917175293 9331
90230 10000 0.5986328125 -3.336862564086914 5067
90240 10000 0.59375 -3.336878776550293 9940
90250 10000 0.5625 -3.336892604827881 5488
90260 10000 0.5654296875 -3.3369176387786865 5582
90270 10000 0.5947265625 -3.336926221847534 4269
90280 10000 0.595703125 -3.3369503021240234 5772
90290 10000 0.568359375 -3.336974859237671 563
90300 10000 0.59375 -3.3369970321655273 3369
90310 10000 0.580078125 -3.3370184898376465 9929
90320 10000 0.5576171875 -3.3370349407196045 2856
90330 10000 0.60546875 -3.3370537757873535 6211
90340 10000 0.583984375 -3.33707332611084 159
90350 10000 0.591796875 -3.3370847702026367 6127
90360 10000 0.5908203125 -3.3371036052703857 3863
90370 10000 0.58203125 -3.3371262550354004 5915
90380 10000 0.619140625 -3.3371410369873047 6451
90390 10000 0.5810546875 -3.337158679962158 1136
90400 10000 0.5751953125 -3.3371777534484863 3190
90410 10000 0.578125 -3.3371925354003906 6797
90420 10000 0.576171875 -3.3372151851654053 306
90430 10000 0.5947265625 -3.3372321128845215 4772
90440 10000 0.58984375 -3.3372464179992676 2119
90450 10000 0.5712890625 -3.3372738361358643 2436
90460 10000 0.5966796875 -3.3372960090637207 8027
90470 10000 0.5791015625 -3.337310314178467 4739
90480 10000 0.5869140625 -3.3373374938964844 6690
90490 10000 0.5625 -3.3373494148254395 7132
90500 10000 0.5927734375 -3.3373618125915527 4992
90510 10000 0.6044921875 -3.3373866081237793 2311
90520 10000 0.5732421875 -3.337406873703003 294
90530 10000 0.552734375 -3.3374271392822266 9749
90540 10000 0.556640625 -3.337451219558716 8260
90550 10000 0.587890625 -3.337472677230835 6819
90560 10000 0.5947265625 -3.3374969959259033 4442
90570 10000 0.625 -3.3375234603881836 3752
90580 10000 0.607421875 -3.3375349044799805 1689
90590 10000 0.5537109375 -3.337550640106201 3753
90600 10000 0.5947265625 -3.3375697135925293 4986
90610 10000 0.57421875 -3.3375978469848633 860
90620 10000 0.5908203125 -3.337620735168457 9624
90630 10000 0.58203125 -3.337635040283203 8656
90640 10000 0.53515625 -3.3376474380493164 9252
90650 10000 0.61328125 -3.3376572132110596 9883
90660 10000 0.5791015625 -3.3376712799072266 8266
90670 10000 0.595703125 -3.337692975997925 8952
90680 10000 0.5732421875 -3.33770751953125 7442
90690 10000 0.5810546875 -3.337725877761841 9230
90700 10000 0.556640625 -3.3377645015716553 1223
90710 10000 0.5546875 -3.3377885818481445 8470
90720 10000 0.5859375 -3.3378074169158936 9532
90730 10000 0.568359375 -3.337817668914795 1817
90740 10000 0.58984375 -3.337831735610962 5735
90750 10000 0.5947265625 -3.337851047515869 748
90760 10000 0.5810546875 -3.337871551513672 3314
90770 10000 0.5634765625 -3.3378853797912598 9467
90780 10000 0.5498046875 -3.3379132747650146 953
90790 10000 0.5927734375 -3.3379292488098145 527
90800 10000 0.595703125 -3.3379547595977783 3858
90810 10000 0.5634765625 -3.33797025680542 2881
90820 10000 0.595703125 -3.3379905223846436 588
90830 10000 0.59375 -3.3380048274993896 7620
90840 10000 0.607421875 -3.3380212783813477 2538
90850 10000 0.578125 -3.3380420207977295 2143
90860 10000 0.5517578125 -3.338054895401001 719
90870 10000 0.583984375 -3.3380703926086426 9204
90880 10000 0.5947265625 -3.3380813598632812 7058
90890 10000 0.5615234375 -3.338099241256714 356
90900 10000 0.5625 -3.3381271362304688 536
90910 10000 0.580078125 -3.338156223297119 5367
90920 10000 0.599609375 -3.3381764888763428 3925
90930 10000 0.5947265625 -3.3382010459899902 539
90940 10000 0.587890625 -3.3382186889648438 8798
90950 10000 0.5947265625 -3.3382351398468018 3587
90960 10000 0.595703125 -3.338256359100342 8322
90970 10000 0.572265625 -3.338268280029297 3891
90980 10000 0.6064453125 -3.3382866382598877 1772
90990 10000 0.6005859375 -3.338303565979004 8024
91000 10000 0.5908203125 -3.338320255279541 7102
91010 10000 0.59375 -3.3383352756500244 4102
91020 10000 0.6015625 -3.3383560180664062 3022
91030 10000 0.5546875 -3.338378429412842 6333
91040 10000 0.5830078125 -3.3383898735046387 7358
91050 10000 0.5556640625 -3.338408946990967 3716
91060 10000 0.5869140625 -3.3384251594543457 3784
91070 10000 0.5830078125 -3.338444232940674 3758
91080 10000 0.5927734375 -3.3384552001953125 2172
91090 10000 0.576171875 -3.3384718894958496 2846
91100 10000 0.5771484375 -3.3384854793548584 5683
91110 10000 0.5849609375 -3.3384971618652344 3109
91120 10000 0.59375 -3.3385112285614014 3048
91130 10000 0.583984375 -3.338522434234619 1516
91140 10000 0.5751953125 -3.3385462760925293 5091
91150 10000 0.5537109375 -3.3385767936706543 9311
91160 10000 0.5791015625 -3.3385887145996094 3524
91170 10000 0.5615234375 -3.3386049270629883 6755
91180 10000 0.5732421875 -3.338618516921997 3056
91190 10000 0.5830078125 -3.3386340141296387 460
91200 10000 0.5556640625 -3.338646411895752 9615
91210 10000 0.5771484375 -3.338653564453125 4070
91220 10000 0.5771484375 -3.3386807441711426 6915
91230 10000 0.57421875 -3.3386926651000977 8837
91240 10000 0.591796875 -3.338711738586426 2900
91250 10000 0.5419921875 -3.3387303352355957 9661
91260 10000 0.56640625 -3.338749408721924 9240
91270 10000 0.5654296875 -3.3387646675109863 7869
91280 10000 0.583984375 -3.33878755569458 4659
91290 10000 0.552734375 -3.3387985229492188 7132
91300 10000 0.5791015625 -3.338820219039917 8142
91310 10000 0.595703125 -3.3388400077819824 7227
91320 10000 0.578125 -3.3388543128967285 6852
91330 10000 0.57421875 -3.3388776779174805 7432
91340 10000 0.5703125 -3.338888645172119 7762
91350 10000 0.578125 -3.3389062881469727 8275
91360 10000 0.5458984375 -3.3389205932617188 316
91370 10000 0.58203125 -3.338934898376465 7711
91380 10000 0.578125 -3.3389546871185303 1499
91390 10000 0.5576171875 -3.338977813720703 923
91400 10000 0.5654296875 -3.338991165161133 3719
91410 10000 0.564453125 -3.3390119075775146 2995
91420 10000 0.564453125 -3.3390398025512695 2064
91430 10000 0.5654296875 -3.339061975479126 3679
91440 10000 0.58984375 -3.3390965461730957 6068
91450 10000 0.5634765625 -3.339109182357788 7415
91460 10000 0.568359375 -3.3391237258911133 9539
91470 10000 0.5556640625 -3.3391406536102295 2134
91480 10000 0.5625 -3.339158058166504 1103
91490 10000 0.6044921875 -3.339174747467041 4222
91500 10000 0.556640625 -3.339198112487793 6028
91510 10000 0.58203125 -3.33921480178833 8100
91520 10000 0.53515625 -3.3392348289489746 8249
91530 10000 0.5791015625 -3.339247703552246 5314
91540 10000 0.583984375 -3.3392701148986816 310
91550 10000 0.5830078125 -3.339289665222168 7192
91560 10000 0.5576171875 -3.3393044471740723 8380
91570 10000 0.572265625 -3.339318037033081 3967
91580 10000 0.5810546875 -3.3393325805664062 4009
91590 10000 0.5537109375 -3.3393473625183105 3022
91600 10000 0.5634765625 -3.339367389678955 4998
91610 10000 0.533203125 -3.3393826484680176 848
91620 10000 0.5830078125 -3.3393983840942383 38
91630 10000 0.5654296875 -3.3394250869750977 7562
91640 10000 0.5615234375 -3.339442253112793 660
91650 10000 0.5703125 -3.3394582271575928 9989
91660 10000 0.552734375 -3.339480400085449 8246
91670 10000 0.572265625 -3.339493989944458 4042
91680 10000 0.55078125 -3.3395094871520996 929
91690 10000 0.564453125 -3.3395297527313232 7537
91700 10000 0.6103515625 -3.3395512104034424 1561
91710 10000 0.580078125 -3.3395655155181885 6644
91720 10000 0.5751953125 -3.3395771980285645 2567
91730 10000 0.5546875 -3.339589834213257 1412
91740 10000 0.564453125 -3.339597225189209 961
91750 10000 0.55078125 -3.339611053466797 9359
91760 10000 0.546875 -3.33962345123291 5128
91770 10000 0.5126953125 -3.3396430015563965 5441
91780 10000 0.5693359375 -3.339658498764038 5536
91790 10000 0.578125 -3.3396778106689453 5904
91800 10000 0.55859375 -3.3396921157836914 4172
91810 10000 0.5625 -3.339710235595703 3289
91820 10000 0.552734375 -3.3397393226623535 1269
91830 10000 0.578125 -3.339761734008789 7335
91840 10000 0.576171875 -3.3397750854492188 1252
91850 10000 0.55859375 -3.3397903442382812 7392
91860 10000 0.552734375 -3.3398046493530273 1515
91870 10000 0.5546875 -3.339827537536621 1552
91880 10000 0.5546875 -3.339840888977051 7776
91890 10000 0.5537109375 -3.3398609161376953 7566
91900 10000 0.5673828125 -3.339874744415283 8397
91910 10000 0.546875 -3.339885711669922 5831
91920 10000 0.5498046875 -3.339911937713623 3199
91930 10000 0.552734375 -3.33992600440979 761
91940 10000 0.564453125 -3.339937210083008 4222
91950 10000 0.580078125 -3.339953899383545 7529
91960 10000 0.5498046875 -3.3399734497070312 4473
91970 10000 0.564453125 -3.3399910926818848 1782
91980 10000 0.576171875 -3.340001106262207 640
91990 10000 0.5361328125 -3.340013265609741 9365
92000 10000 0.5732421875 -3.3400397300720215 8366
92010 10000 0.5703125 -3.340050220489502 6049
92020 10000 0.564453125 -3.340064764022827 9294
92030 10000 0.5634765625 -3.340080499649048 7437
92040 10000 0.568359375 -3.340092182159424 1929
92050 10000 0.552734375 -3.3401107788085938 42
92060 10000 0.5791015625 -3.3401312828063965 4133
92070 10000 0.5498046875 -3.340148448944092 2517
92080 10000 0.5810546875 -3.3401718139648438 8586
92090 10000 0.5615234375 -3.3401880264282227 1158
92100 10000 0.5654296875 -3.340198516845703 5434
92110 10000 0.5478515625 -3.3402099609375 9695
92120 10000 0.5625 -3.3402209281921387 2519
92130 10000 0.5595703125 -3.340230703353882 8894
92140 10000 0.5576171875 -3.340250015258789 9133
92150 10000 0.537109375 -3.3402633666992188 2310
92160 10000 0.5810546875 -3.340275764465332 3047
92170 10000 0.5439453125 -3.3402910232543945 7189
92180 10000 0.5537109375 -3.340303659439087 6853
92190 10000 0.5380859375 -3.3403196334838867 5990
92200 10000 0.5732421875 -3.340339183807373 4274
92210 10000 0.552734375 -3.3403525352478027 3672
92220 10000 0.5625 -3.3403680324554443 878
92230 10000 0.5478515625 -3.340380907058716 2018
92240 10000 0.5791015625 -3.3403966426849365 3334
92250 10000 0.53125 -3.3404152393341064 1217
92260 10000 0.568359375 -3.3404245376586914 6620
92270 10000 0.5537109375 -3.3404436111450195 4278
92280 10000 0.5546875 -3.340467929840088 2173
92290 10000 0.5693359375 -3.340482234954834 7925
92300 10000 0.5576171875 -3.340501070022583 3851
92310 10000 0.5322265625 -3.340512752532959 1729
92320 10000 0.568359375 -3.3405299186706543 2722
92330 10000 0.5517578125 -3.3405468463897705 7302
92340 10000 0.5546875 -3.3405654430389404 3328
92350 10000 0.55078125 -3.3405795097351074 5312
92360 10000 0.5625 -3.340592384338379 7281
92370 10000 0.5634765625 -3.340606212615967 8231
92380 10000 0.5439453125 -3.3406338691711426 5470
92390 10000 0.5283203125 -3.3406553268432617 7318
92400 10000 0.5654296875 -3.3406643867492676 7090
92410 10000 0.556640625 -3.3406805992126465 6456
92420 10000 0.55859375 -3.340700149536133 9700
92430 10000 0.53515625 -3.3407156467437744 7875
92440 10000 0.5634765625 -3.340731143951416 758
92450 10000 0.548828125 -3.340744972229004 2140
92460 10000 0.5400390625 -3.340757369995117 4705
92470 10000 0.5654296875 -3.340773105621338 9982
92480 10000 0.5576171875 -3.3407835960388184 9012
92490 10000 0.5341796875 -3.340794563293457 7785
92500 10000 0.560546875 -3.3408100605010986 2088
92510 10000 0.5458984375 -3.340826988220215 7195
92520 10000 0.7626953125 -3.3408429622650146 913
92530 10000 0.767578125 -3.3408565521240234 5949
92540 10000 0.755859375 -3.340876579284668 4117
92550 10000 0.7470703125 -3.3408966064453125 2440
92560 10000 0.7734375 -3.340909957885742 1619
92570 10000 0.7724609375 -3.340921640396118 9339
92580 10000 0.76953125 -3.3409366607666016 2255
92590 10000 0.7412109375 -3.3409476280212402 887
92600 10000 0.736328125 -3.340963840484619 5579
92610 10000 0.7763671875 -3.3409814834594727 4286
92620 10000 0.7490234375 -3.3409924507141113 3180
92630 10000 0.751953125 -3.341008186340332 4718
92640 10000 0.763671875 -3.3410232067108154 8957
92650 10000 0.7724609375 -3.341041088104248 2695
92660 10000 0.7548828125 -3.341050386428833 3279
92670 10000 0.724609375 -3.341062068939209 3722
92680 10000 0.7734375 -3.3410725593566895 2609
92690 10000 0.7490234375 -3.3410825729370117 9061
92700 10000 0.7802734375 -3.3411006927490234 3254
92710 10000 0.7646484375 -3.341113328933716 1556
92720 10000 0.76953125 -3.3411219120025635 2047
92730 10000 0.740234375 -3.3411378860473633 6868
92740 10000 0.7861328125 -3.3411519527435303 4550
92750 10000 0.7451171875 -3.3411705493927 782
92760 10000 0.771484375 -3.3411784172058105 4759
92770 10000 0.7373046875 -3.3411905765533447 9776
92780 10000 0.779296875 -3.3412063121795654 8984
92790 10000 0.76953125 -3.341214179992676 8686
92800 10000 0.7578125 -3.3412280082702637 23
92810 10000 0.7529296875 -3.341247081756592 6084
92820 10000 0.7568359375 -3.3412704467773438 856
92830 10000 0.7626953125 -3.341291904449463 2337
92840 10000 0.767578125 -3.3413052558898926 8788
92850 10000 0.734375 -3.3413193225860596 2844
92860 10000 0.763671875 -3.3413307666778564 9297
92870 10000 0.7548828125 -3.3413476943969727 6134
92880 10000 0.73828125 -3.3413615226745605 8062
92890 10000 0.7548828125 -3.34137225151062 6127
92900 10000 0.74609375 -3.3413829803466797 4153
92910 10000 0.7529296875 -3.3413944244384766 8756
92920 10000 0.76953125 -3.341414451599121 5914
92930 10000 0.759765625 -3.3414266109466553 5281
92940 10000 0.75 -3.341433048248291 5857
92950 10000 0.7578125 -3.3414554595947266 593
92960 10000 0.751953125 -3.3414816856384277 3690
92970 10000 0.7587890625 -3.3414907455444336 2793
92980 10000 0.763671875 -3.3415110111236572 7581
92990 10000 0.7587890625 -3.341525077819824 9140
93000 10000 0.7578125 -3.3415417671203613 8383
93010 10000 0.7763671875 -3.341559648513794 4843
93020 10000 0.7578125 -3.341574192047119 1048
93030 10000 0.7685546875 -3.3415937423706055 9290
93040 10000 0.7314453125 -3.341609477996826 7651
93050 10000 0.7705078125 -3.341618061065674 279
93060 10000 0.759765625 -3.34162974357605 4302
93070 10000 0.7685546875 -3.3416428565979004 4540
93080 10000 0.7392578125 -3.3416528701782227 1794
93090 10000 0.7578125 -3.3416640758514404 4768
93100 10000 0.7744140625 -3.341677188873291 347
93110 10000 0.775390625 -3.3416967391967773 3303
93120 10000 0.7734375 -3.341712474822998 916
93130 10000 0.7529296875 -3.3417253494262695 3092
93140 10000 0.7373046875 -3.341742992401123 3367
93150 10000 0.7626953125 -3.3417530059814453 2920
93160 10000 0.75 -3.341763496398926 9084
93170 10000 0.783203125 -3.3417727947235107 2178
93180 10000 0.7705078125 -3.3417792320251465 7088
93190 10000 0.751953125 -3.341789960861206 5294
93200 10000 0.7607421875 -3.3418068885803223 5246
93210 10000 0.76171875 -3.3418221473693848 82
93220 10000 0.7529296875 -3.341836929321289 2245
93230 10000 0.7236328125 -3.341850757598877 8913
93240 10000 0.7568359375 -3.3418655395507812 6209
93250 10000 0.7578125 -3.3418869972229004 7379
93260 10000 0.775390625 -3.341897964477539 8465
93270 10000 0.740234375 -3.341916561126709 4259
93280 10000 0.7646484375 -3.341928005218506 4944
93290 10000 0.755859375 -3.3419432640075684 2941
93300 10000 0.7392578125 -3.3419559001922607 6923
93310 10000 0.75390625 -3.341968059539795 6680
93320 10000 0.755859375 -3.3419852256774902 6347
93330 10000 0.767578125 -3.34200382232666 4747
93340 10000 0.7451171875 -3.342012882232666 3536
93350 10000 0.77734375 -3.342033863067627 2175
93360 10000 0.7587890625 -3.3420488834381104 9261
93370 10000 0.7578125 -3.342064619064331 2831
93380 10000 0.7685546875 -3.342075824737549 910
93390 10000 0.7490234375 -3.342100143432617 5659
93400 10000 0.75 -3.3421101570129395 4144
93410 10000 0.7666015625 -3.3421216011047363 7466
93420 10000 0.75390625 -3.3421339988708496 4536
93430 10000 0.736328125 -3.3421473503112793 1167
93440 10000 0.7646484375 -3.3421578407287598 7729
93450 10000 0.765625 -3.3421754837036133 1514
93460 10000 0.765625 -3.342188835144043 6508
93470 10000 0.7529296875 -3.3421990871429443 768
93480 10000 0.7353515625 -3.342212677001953 1818
93490 10000 0.7265625 -3.3422255516052246 198
93500 10000 0.7705078125 -3.3422441482543945 9275
93510 10000 0.7626953125 -3.342254638671875 698
93520 10000 0.763671875 -3.3422691822052 5990
93530 10000 0.76953125 -3.342284679412842 2670
93540 10000 0.759765625 -3.3422961235046387 9
93550 10000 0.744140625 -3.342302083969116 3896
93560 10000 0.7529296875 -3.3423192501068115 4682
93570 10000 0.765625 -3.3423335552215576 9069
93580 10000 0.7353515625 -3.3423452377319336 7149
93590 10000 0.763671875 -3.3423709869384766 6013
93600 10000 0.7392578125 -3.3423871994018555 9825
93610 10000 0.751953125 -3.342402935028076 7722
93620 10000 0.75390625 -3.3424150943756104 3526
93630 10000 0.7548828125 -3.3424315452575684 116
93640 10000 0.7470703125 -3.3424549102783203 2788
93650 10000 0.759765625 -3.3424673080444336 9276
93660 10000 0.7607421875 -3.3424744606018066 9964
93670 10000 0.734375 -3.3424854278564453 4737
93680 10000 0.7333984375 -3.342494487762451 3092
93690 10000 0.744140625 -3.3425159454345703 7528
93700 10000 0.7470703125 -3.342528820037842 9880
93710 10000 0.736328125 -3.342550754547119 7459
93720 10000 0.755859375 -3.3425750732421875 2956
93730 10000 0.7626953125 -3.342594623565674 2990
93740 10000 0.7431640625 -3.342607021331787 7987
93750 10000 0.7607421875 -3.3426218032836914 8168
93760 10000 0.7509765625 -3.342635154724121 8259
93770 10000 0.7587890625 -3.3426475524902344 7966
93780 10000 0.74609375 -3.3426597118377686 5818
93790 10000 0.76953125 -3.3426740169525146 4682
93800 10000 0.7431640625 -3.3426854610443115 236
93810 10000 0.7421875 -3.3426976203918457 5371
93820 10000 0.7431640625 -3.3427133560180664 1255
93830 10000 0.751953125 -3.3427209854125977 4095
93840 10000 0.765625 -3.3427305221557617 8542
93850 10000 0.755859375 -3.342745542526245 8932
93860 10000 0.7607421875 -3.3427629470825195 5910
93870 10000 0.744140625 -3.3427724838256836 656
93880 10000 0.75390625 -3.342787027359009 1257
93890 10000 0.7255859375 -3.342801332473755 812
93900 10000 0.767578125 -3.342817783355713 2905
93910 10000 0.7412109375 -3.342834234237671 3028
93920 10000 0.751953125 -3.3428444862365723 906
93930 10000 0.7646484375 -3.342862606048584 4589
93940 10000 0.7421875 -3.3428714275360107 5117
93950 10000 0.7158203125 -3.342886447906494 8580
93960 10000 0.75390625 -3.3428964614868164 4136
93970 10000 0.7568359375 -3.3429036140441895 733
93980 10000 0.7353515625 -3.3429131507873535 215
93990 10000 0.751953125 -3.342926502227783 7667
94000 10000 0.7421875 -3.3429436683654785 1948
94010 10000 0.74609375 -3.3429529666900635 6452
94020 10000 0.748046875 -3.3429718017578125 6485
94030 10000 0.7529296875 -3.3429858684539795 1693
94040 10000 0.763671875 -3.3430016040802 7718
94050 10000 0.73046875 -3.3430113792419434 947
94060 10000 0.73828125 -3.343022346496582 8104
94070 10000 0.7421875 -3.343045949935913 601
94080 10000 0.7490234375 -3.3430709838867188 5982
94090 10000 0.7529296875 -3.3430776596069336 7790
94100 10000 0.7294921875 -3.343088150024414 1871
94110 10000 0.755859375 -3.3430962562561035 6867
94120 10000 0.751953125 -3.3431105613708496 4933
94130 10000 0.716796875 -3.34312105178833 9840
94140 10000 0.7529296875 -3.3431344032287598 588
94150 10000 0.755859375 -3.343146800994873 2917
94160 10000 0.7705078125 -3.343163013458252 4107
94170 10000 0.7509765625 -3.3431735038757324 2317
94180 10000 0.76171875 -3.3431878089904785 1835
94190 10000 0.7724609375 -3.343200445175171 5220
94200 10000 0.744140625 -3.3432159423828125 1138
94210 10000 0.7568359375 -3.343229055404663 7116
94220 10000 0.748046875 -3.3432462215423584 4634
94230 10000 0.7412109375 -3.343259334564209 3702
94240 10000 0.7470703125 -3.343270778656006 5686
94250 10000 0.7529296875 -3.3432888984680176 5907
94260 10000 0.7431640625 -3.3433008193969727 3991
94270 10000 0.7451171875 -3.3433163166046143 4426
94280 10000 0.7529296875 -3.3433291912078857 7060
94290 10000 0.75390625 -3.3433377742767334 7615
94300 10000 0.7646484375 -3.3433475494384766 8398
94310 10000 0.7578125 -3.3433680534362793 9481
94320 10000 0.7490234375 -3.3433778285980225 33
94330 10000 0.7587890625 -3.343390941619873 4752
94340 10000 0.7587890625 -3.343407154083252 2257
94350 10000 0.7568359375 -3.343417167663574 588
94360 10000 0.7421875 -3.3434267044067383 5779
94370 10000 0.74609375 -3.3434362411499023 9062
94380 10000 0.7431640625 -3.343447685241699 2781
94390 10000 0.72265625 -3.3434665203094482 9201
94400 10000 0.724609375 -3.343484401702881 2608
94410 10000 0.7529296875 -3.3434979915618896 2591
94420 10000 0.751953125 -3.343505859375 2221
94430 10000 0.7373046875 -3.343512535095215 2727
94440 10000 0.71875 -3.3435280323028564 738
94450 10000 0.755859375 -3.343535900115967 7926
94460 10000 0.70703125 -3.3435451984405518 4476
94470 10000 0.76953125 -3.3435540199279785 9474
94480 10000 0.755859375 -3.3435630798339844 3850
94490 10000 0.716796875 -3.3435873985290527 9630
94500 10000 0.740234375 -3.3435921669006348 8084
94510 10000 0.7265625 -3.3436009883880615 6038
94520 10000 0.724609375 -3.343614101409912 2517
94530 10000 0.7431640625 -3.343625068664551 7983
94540 10000 0.7529296875 -3.343632459640503 5544
94550 10000 0.7548828125 -3.3436484336853027 6990
94560 10000 0.712890625 -3.3436639308929443 4311
94570 10000 0.7236328125 -3.3436784744262695 225
94580 10000 0.736328125 -3.343690872192383 9150
94590 10000 0.7568359375 -3.343705415725708 3587
94600 10000 0.7421875 -3.3437142372131348 27
94610 10000 0.75 -3.343721866607666 8588
94620 10000 0.74609375 -3.3437376022338867 2591
94630 10000 0.76171875 -3.3437583446502686 2818
94640 10000 0.73046875 -3.3437700271606445 4294
94650 10000 0.7294921875 -3.343780040740967 9038
94660 10000 0.7421875 -3.3437938690185547 1882
94670 10000 0.751953125 -3.3438034057617188 5428
94680 10000 0.736328125 -3.3438191413879395 7842
94690 10000 0.7216796875 -3.34383487701416 2207
94700 10000 0.7587890625 -3.3438472747802734 1783
94710 10000 0.7451171875 -3.3438644409179688 47
94720 10000 0.736328125 -3.343878746032715 5612
94730 10000 0.755859375 -3.343885898590088 2872
94740 10000 0.751953125 -3.3438940048217773 3850
94750 10000 0.7314453125 -3.343914031982422 7973
94760 10000 0.736328125 -3.3439269065856934 7920
94770 10000 0.7314453125 -3.343935012817383 4589
94780 10000 0.7509765625 -3.343945026397705 4948
94790 10000 0.7294921875 -3.343954563140869 2435
94800 10000 0.7314453125 -3.343964099884033 8280
94810 10000 0.703125 -3.3439793586730957 9297
94820 10000 0.734375 -3.343998670578003 21
94830 10000 0.7255859375 -3.3440051078796387 2221
94840 10000 0.732421875 -3.3440194129943848 9032
94850 10000 0.73828125 -3.3440346717834473 3846
94860 10000 0.748046875 -3.344052314758301 4165
94870 10000 0.734375 -3.3440659046173096 2025
94880 10000 0.744140625 -3.344076156616211 3278
94890 10000 0.74609375 -3.344088077545166 8388
94900 10000 0.728515625 -3.3440980911254883 894
94910 10000 0.7216796875 -3.3441102504730225 8019
94920 10000 0.7197265625 -3.344120502471924 2165
94930 10000 0.7578125 -3.3441362380981445 5151
94940 10000 0.7080078125 -3.3441500663757324 8134
94950 10000 0.744140625 -3.344160556793213 4318
94960 10000 0.7421875 -3.3441686630249023 2282
94970 10000 0.7353515625 -3.3441810607910156 7558
94980 10000 0.7373046875 -3.344193458557129 9076
94990 10000 0.76953125 -3.3442020416259766 350
95000 10000 0.7294921875 -3.3442115783691406 5905
95010 10000 0.7529296875 -3.344223976135254 4311
95020 10000 0.7470703125 -3.344235420227051 9957
95030 10000 0.7421875 -3.3442468643188477 595
95040 10000 0.73828125 -3.3442533016204834 6033
95050 10000 0.724609375 -3.344269037246704 3816
95060 10000 0.7275390625 -3.34428334236145 1094
95070 10000 0.736328125 -3.344294786453247 8712
95080 10000 0.76171875 -3.3443069458007812 7137
95090 10000 0.72265625 -3.3443169593811035 4332
95100 10000 0.7421875 -3.3443264961242676 5579
95110 10000 0.7255859375 -3.34434175491333 3968
95120 10000 0.7490234375 -3.344350576400757 661
95130 10000 0.7236328125 -3.344359874725342 9679
95140 10000 0.7265625 -3.3443732261657715 4052
95150 10000 0.7392578125 -3.344386339187622 6085
95160 10000 0.7197265625 -3.3444020748138428 8307
95170 10000 0.74609375 -3.3444128036499023 4505
95180 10000 0.751953125 -3.3444252014160156 5585
95190 10000 0.7236328125 -3.3444314002990723 2016
95200 10000 0.736328125 -3.344440460205078 1974
95210 10000 0.7373046875 -3.344452142715454 1650
95220 10000 0.6962890625 -3.3444604873657227 901
95230 10000 0.73828125 -3.3444714546203613 9504
95240 10000 0.71484375 -3.344480514526367 8520
95250 10000 0.736328125 -3.344496250152588 9614
95260 10000 0.7353515625 -3.344501495361328 1575
95270 10000 0.7265625 -3.344513416290283 9414
95280 10000 0.72265625 -3.344520092010498 991
95290 10000 0.701171875 -3.344529151916504 7252
95300 10000 0.7236328125 -3.344542980194092 3510
95310 10000 0.748046875 -3.3445606231689453 457
95320 10000 0.73828125 -3.344569683074951 997
95330 10000 0.75 -3.3445792198181152 9732
95340 10000 0.740234375 -3.3445911407470703 1728
95350 10000 0.7314453125 -3.344602584838867 280
95360 10000 0.736328125 -3.344611644744873 2676
95370 10000 0.71875 -3.3446264266967773 3209
95380 10000 0.7783203125 -3.3446409702301025 2641
95390 10000 0.7314453125 -3.3446478843688965 4971
95400 10000 0.7255859375 -3.344667434692383 8377
95410 10000 0.7333984375 -3.3446803092956543 9677
95420 10000 0.73828125 -3.3446896076202393 7011
95430 10000 0.7265625 -3.3447024822235107 7543
95440 10000 0.7294921875 -3.3447113037109375 5003
95450 10000 0.7548828125 -3.3447227478027344 1462
95460 10000 0.7177734375 -3.344743251800537 1745
95470 10000 0.7177734375 -3.344756603240967 6570
95480 10000 0.7490234375 -3.344776153564453 2254
95490 10000 0.734375 -3.3447866439819336 5971
95500 10000 0.7353515625 -3.344799518585205 7258
95510 10000 0.708984375 -3.344809055328369 9917
95520 10000 0.7333984375 -3.344816207885742 136
95530 10000 0.7236328125 -3.3448243141174316 2948
95540 10000 0.728515625 -3.3448383808135986 9649
95550 10000 0.7099609375 -3.344855308532715 8966
95560 10000 0.73828125 -3.3448643684387207 6892
95570 10000 0.732421875 -3.344883918762207 8806
95580 10000 0.7197265625 -3.3448996543884277 4463
95590 10000 0.7255859375 -3.3449056148529053 8884
95600 10000 0.7109375 -3.344921588897705 742
95610 10000 0.71875 -3.344928503036499 1815
95620 10000 0.74609375 -3.344942092895508 4961
95630 10000 0.7294921875 -3.344954013824463 9290
95640 10000 0.736328125 -3.3449599742889404 7254
95650 10000 0.7392578125 -3.3449692726135254 7268
95660 10000 0.7216796875 -3.344992160797119 9682
95670 10000 0.7216796875 -3.345003604888916 4339
95680 10000 0.7314453125 -3.345020055770874 3446
95690 10000 0.736328125 -3.3450264930725098 98
95700 10000 0.7177734375 -3.345041513442993 6709
95710 10000 0.75 -3.345055103302002 4371
95720 10000 0.71875 -3.345067024230957 1210
95730 10000 0.724609375 -3.3450746536254883 2823
95740 10000 0.73828125 -3.345085859298706 4496
95750 10000 0.736328125 -3.3450965881347656 2185
95760 10000 0.732421875 -3.34511661529541 846
95770 10000 0.7109375 -3.345123291015625 1420
95780 10000 0.7109375 -3.345132827758789 134
95790 10000 0.732421875 -3.345137596130371 9020
95800 10000 0.7431640625 -3.3451480865478516 3050
95810 10000 0.7197265625 -3.345156192779541 2345
95820 10000 0.728515625 -3.3451647758483887 8152
95830 10000 0.7177734375 -3.345177173614502 6257
95840 10000 0.736328125 -3.3451905250549316 4098
95850 10000 0.7158203125 -3.3452017307281494 1060
95860 10000 0.7236328125 -3.345208168029785 9426
95870 10000 0.7216796875 -3.3452200889587402 8699
95880 10000 0.73046875 -3.345228910446167 2303
95890 10000 0.732421875 -3.3452389240264893 572
95900 10000 0.71484375 -3.345249652862549 2593
95910 10000 0.7470703125 -3.3452610969543457 9485
95920 10000 0.7119140625 -3.345271110534668 2062
95930 10000 0.720703125 -3.3452792167663574 2887
95940 10000 0.716796875 -3.345292568206787 4372
95950 10000 0.7294921875 -3.345304489135742 9569
95960 10000 0.7255859375 -3.3453147411346436 3004
95970 10000 0.73046875 -3.3453264236450195 3181
95980 10000 0.7216796875 -3.345332145690918 8957
95990 10000 0.7216796875 -3.3453474044799805 922
96000 10000 0.7138671875 -3.345358371734619 5505
96010 10000 0.70703125 -3.345369815826416 6763
96020 10000 0.72265625 -3.345381259918213 9945
96030 10000 0.720703125 -3.3453855514526367 5325
96040 10000 0.7421875 -3.345407485961914 2338
96050 10000 0.7197265625 -3.345417022705078 5336
96060 10000 0.7158203125 -3.345430374145508 3416
96070 10000 0.736328125 -3.345437526702881 6434
96080 10000 0.712890625 -3.3454432487487793 8115
96090 10000 0.7216796875 -3.3454549312591553 1335
96100 10000 0.7001953125 -3.3454670906066895 8689
96110 10000 0.724609375 -3.3454749584198 8908
96120 10000 0.71875 -3.3454835414886475 2998
96130 10000 0.6923828125 -3.345493793487549 5039
96140 10000 0.697265625 -3.3455066680908203 3011
96150 10000 0.71875 -3.3455135822296143 3630
96160 10000 0.716796875 -3.3455262184143066 124
96170 10000 0.7177734375 -3.34554386138916 2071
96180 10000 0.7216796875 -3.3455634117126465 807
96190 10000 0.6953125 -3.345578670501709 8677
96200 10000 0.7177734375 -3.345588207244873 593
96210 10000 0.7470703125 -3.3455967903137207 3472
96220 10000 0.7412109375 -3.3456063270568848 9847
96230 10000 0.7255859375 -3.345616579055786 4185
96240 10000 0.7353515625 -3.345628023147583 4596
96250 10000 0.71484375 -3.345644474029541 7884
96260 10000 0.693359375 -3.3456549644470215 6600
96270 10000 0.72265625 -3.345660924911499 3458
96280 10000 0.708984375 -3.3456687927246094 8892
96290 10000 0.7177734375 -3.345681667327881 2456
96300 10000 0.724609375 -3.345689535140991 2845
96310 10000 0.6943359375 -3.3456997871398926 8779
96320 10000 0.71875 -3.3457107543945312 124
96330 10000 0.712890625 -3.3457210063934326 1657
96340 10000 0.712890625 -3.345735549926758 5721
96350 10000 0.740234375 -3.345745086669922 1460
96360 10000 0.7236328125 -3.345762252807617 609
96370 10000 0.7294921875 -3.3457703590393066 8463
96380 10000 0.708984375 -3.3457798957824707 1564
96390 10000 0.7255859375 -3.3457889556884766 1356
96400 10000 0.7177734375 -3.345794200897217 3836
96410 10000 0.7451171875 -3.3458056449890137 7890
96420 10000 0.7099609375 -3.3458127975463867 926
96430 10000 0.7060546875 -3.345829486846924 5352
96440 10000 0.701171875 -3.3458452224731445 7308
96450 10000 0.7197265625 -3.3458595275878906 221
96460 10000 0.7490234375 -3.3458712100982666 699
96470 10000 0.728515625 -3.3458805084228516 4892
96480 10000 0.7451171875 -3.345889091491699 7504
96490 10000 0.70703125 -3.345895528793335 5755
96500 10000 0.740234375 -3.3459110260009766 600
96510 10000 0.728515625 -3.345919132232666 5807
96520 10000 0.7099609375 -3.345932960510254 1015
96530 10000 0.716796875 -3.345939874649048 1557
96540 10000 0.72265625 -3.3459506034851074 311
96550 10000 0.71875 -3.3459630012512207 7440
96560 10000 0.703125 -3.34596848487854 3211
96570 10000 0.712890625 -3.3459813594818115 6822
96580 10000 0.7314453125 -3.345994234085083 3548
96590 10000 0.72265625 -3.346001148223877 9056
96600 10000 0.7138671875 -3.346011161804199 4179
96610 10000 0.7236328125 -3.3460171222686768 9792
96620 10000 0.6982421875 -3.3460302352905273 972
96630 10000 0.7255859375 -3.3460400104522705 6024
96640 10000 0.69921875 -3.3460497856140137 8712
96650 10000 0.7451171875 -3.3460593223571777 4769
96660 10000 0.7255859375 -3.346067428588867 179
96670 10000 0.724609375 -3.346078872680664 3146
96680 10000 0.7255859375 -3.3460841178894043 4147
96690 10000 0.7138671875 -3.3460946083068848 5398
96700 10000 0.7314453125 -3.3461084365844727 6871
96710 10000 0.7001953125 -3.3461170196533203 5759
96720 10000 0.7099609375 -3.3461272716522217 109
96730 10000 0.703125 -3.346144437789917 6930
96740 10000 0.7294921875 -3.3461508750915527 7937
96750 10000 0.705078125 -3.3461618423461914 4877
96760 10000 0.708984375 -3.3461737632751465 4087
96770 10000 0.6884765625 -3.346184492111206 2631
96780 10000 0.7021484375 -3.3461945056915283 7899
96790 10000 0.7099609375 -3.3462018966674805 3031
96800 10000 0.6982421875 -3.346214532852173 2936
96810 10000 0.7177734375 -3.346224308013916 3924
96820 10000 0.6865234375 -3.3462328910827637 4742
96830 10000 0.7138671875 -3.346240520477295 2953
96840 10000 0.7119140625 -3.3462462425231934 2639
96850 10000 0.69921875 -3.3462624549865723 4335
96860 10000 0.697265625 -3.346271514892578 5074
96870 10000 0.7177734375 -3.3462815284729004 5395
96880 10000 0.7119140625 -3.346285820007324 4431
96890 10000 0.7099609375 -3.346298933029175 7635
96900 10000 0.703125 -3.3463082313537598 4216
96910 10000 0.716796875 -3.34631609916687 2153
96920 10000 0.7099609375 -3.346322536468506 8953
96930 10000 0.6943359375 -3.3463306427001953 8769
96940 10000 0.7001953125 -3.3463375568389893 9333
96950 10000 0.6923828125 -3.346351146697998 2250
96960 10000 0.6884765625 -3.346360206604004 2663
96970 10000 0.7001953125 -3.346369743347168 3853
96980 10000 0.70703125 -3.3463830947875977 5228
96990 10000 0.7060546875 -3.346395969390869 5715
97000 10000 0.6962890625 -3.3463997840881348 1532
97010 10000 0.7421875 -3.3464088439941406 6253
97020 10000 0.7080078125 -3.3464176654815674 1542
97030 10000 0.69921875 -3.3464279174804688 1425
97040 10000 0.6953125 -3.3464348316192627 2833
97050 10000 0.693359375 -3.346440553665161 5202
97060 10000 0.712890625 -3.3464536666870117 9681
97070 10000 0.7177734375 -3.3464677333831787 3088
97080 10000 0.7119140625 -3.346477746963501 4488
97090 10000 0.7080078125 -3.3464841842651367 8268
97100 10000 0.6884765625 -3.3464906215667725 8597
97110 10000 0.728515625 -3.3464975357055664 9631
97120 10000 0.6865234375 -3.346503496170044 9727
97130 10000 0.6904296875 -3.3465113639831543 3364
97140 10000 0.69140625 -3.3465163707733154 2173
97150 10000 0.6875 -3.3465261459350586 2233
97160 10000 0.720703125 -3.346536636352539 7165
97170 10000 0.7099609375 -3.3465464115142822 259
97180 10000 0.70703125 -3.3465592861175537 4819
97190 10000 0.70703125 -3.3465652465820312 8188
97200 10000 0.7265625 -3.3465709686279297 5008
97210 10000 0.69921875 -3.346578598022461 9100
97220 10000 0.6962890625 -3.3465895652770996 5893
97230 10000 0.6953125 -3.3465991020202637 2370
97240 10000 0.705078125 -3.3466079235076904 129
97250 10000 0.71875 -3.346615791320801 2919
97260 10000 0.6982421875 -3.3466265201568604 6626
97270 10000 0.720703125 -3.3466358184814453 7246
97280 10000 0.689453125 -3.3466429710388184 8922
97290 10000 0.7099609375 -3.3466544151306152 2287
97300 10000 0.7138671875 -3.346662998199463 8460
97310 10000 0.689453125 -3.346670150756836 5004
97320 10000 0.7109375 -3.346679449081421 57
97330 10000 0.69921875 -3.3466854095458984 9594
97340 10000 0.724609375 -3.346698760986328 999
97350 10000 0.701171875 -3.3467094898223877 4961
97360 10000 0.7060546875 -3.3467187881469727 366
97370 10000 0.7099609375 -3.346729278564453 5778
97380 10000 0.7255859375 -3.3467345237731934 832
97390 10000 0.697265625 -3.346743583679199 2755
97400 10000 0.7314453125 -3.3467495441436768 9258
97410 10000 0.6943359375 -3.3467588424682617 9651
97420 10000 0.6787109375 -3.346771717071533 2258
97430 10000 0.6845703125 -3.3467812538146973 1539
97440 10000 0.6923828125 -3.346795082092285 9927
97450 10000 0.68359375 -3.3468027114868164 6220
97460 10000 0.69140625 -3.3468096256256104 1371
97470 10000 0.705078125 -3.346818208694458 7320
97480 10000 0.7060546875 -3.3468260765075684 6510
97490 10000 0.7060546875 -3.346834659576416 5335
97500 10000 0.6884765625 -3.3468470573425293 2409
97510 10000 0.68359375 -3.3468575477600098 9380
97520 10000 0.7197265625 -3.346869468688965 2514
97530 10000 0.69140625 -3.346883773803711 2095
97540 10000 0.6923828125 -3.3468925952911377 2189
97550 10000 0.7109375 -3.3469011783599854 1270
97560 10000 0.6796875 -3.3469104766845703 4211
97570 10000 0.69140625 -3.346917152404785 4660
97580 10000 0.66796875 -3.346924066543579 8827
97590 10000 0.732421875 -3.346935749053955 7312
97600 10000 0.6748046875 -3.3469455242156982 2844
97610 10000 0.6923828125 -3.3469529151916504 9788
97620 10000 0.681640625 -3.346971273422241 3521
97630 10000 0.712890625 -3.346979856491089 1378
97640 10000 0.6845703125 -3.346989631652832 1518
97650 10000 0.7119140625 -3.346997022628784 9327
97660 10000 0.681640625 -3.3470115661621094 104
97670 10000 0.6669921875 -3.3470253944396973 4551
97680 10000 0.6796875 -3.347031354904175 9377
97690 10000 0.708984375 -3.3470370769500732 2704
97700 10000 0.7099609375 -3.3470449447631836 9604
97710 10000 0.6865234375 -3.347052574157715 8263
97720 10000 0.701171875 -3.3470587730407715 8417
97730 10000 0.7041015625 -3.3470687866210938 2986
97740 10000 0.7080078125 -3.3470816612243652 7837
97750 10000 0.689453125 -3.347085952758789 1706
97760 10000 0.68359375 -3.3470916748046875 7660
97770 10000 0.6923828125 -3.3471016883850098 4877
97780 10000 0.70703125 -3.3471150398254395 42
97790 10000 0.6923828125 -3.3471217155456543 5986
97800 10000 0.7216796875 -3.347130298614502 9399
97810 10000 0.716796875 -3.3471384048461914 2701
97820 10000 0.7119140625 -3.3471460342407227 1708
97830 10000 0.681640625 -3.347155809402466 3869
97840 10000 0.701171875 -3.347163677215576 5438
97850 10000 0.7138671875 -3.3471715450286865 7686
97860 10000 0.681640625 -3.347180128097534 6365
97870 10000 0.697265625 -3.3471932411193848 7763
97880 10000 0.6865234375 -3.347198963165283 5450
97890 10000 0.7021484375 -3.3472137451171875 4696
97900 10000 0.7021484375 -3.347219467163086 1622
97910 10000 0.7138671875 -3.3472323417663574 9443
97920 10000 0.671875 -3.3472437858581543 7152
97930 10000 0.6962890625 -3.3472542762756348 7320
97940 10000 0.6923828125 -3.34726881980896 6100
97950 10000 0.6982421875 -3.347276210784912 8903
97960 10000 0.6845703125 -3.3472845554351807 3925
97970 10000 0.6806640625 -3.347290277481079 6617
97980 10000 0.6943359375 -3.3472981452941895 414
97990 10000 0.705078125 -3.3473105430603027 6976
98000 10000 0.6982421875 -3.347315788269043 9583
98010 10000 0.6728515625 -3.3473217487335205 8899
98020 10000 0.7021484375 -3.3473291397094727 6547
98030 10000 0.6962890625 -3.347334384918213 6690
98040 10000 0.6904296875 -3.347343921661377 339
98050 10000 0.6962890625 -3.3473548889160156 930
98060 10000 0.712890625 -3.347360610961914 3321
98070 10000 0.6787109375 -3.347371816635132 6873
98080 10000 0.6796875 -3.3473801612854004 9408
98090 10000 0.6552734375 -3.3473896980285645 8894
98100 10000 0.701171875 -3.347400188446045 5726
98110 10000 0.6787109375 -3.3474087715148926 6052
98120 10000 0.71484375 -3.347414970397949 172
98130 10000 0.7099609375 -3.347421169281006 818
98140 10000 0.681640625 -3.3474297523498535 6928
98150 10000 0.6865234375 -3.3474347591400146 4863
98160 10000 0.6630859375 -3.347440481185913 4756
98170 10000 0.69140625 -3.347459077835083 991
98180 10000 0.6943359375 -3.3474676609039307 892
98190 10000 0.6845703125 -3.347477674484253 7071
98200 10000 0.6875 -3.3474879264831543 3582
98210 10000 0.69140625 -3.3475027084350586 8050
98220 10000 0.67578125 -3.3475098609924316 9453
98230 10000 0.69140625 -3.3475160598754883 2591
98240 10000 0.6943359375 -3.347520589828491 1729
98250 10000 0.7216796875 -3.3475289344787598 946
98260 10000 0.712890625 -3.347539186477661 9587
98270 10000 0.6806640625 -3.3475494384765625 1463
98280 10000 0.7119140625 -3.34755802154541 8225
98290 10000 0.67578125 -3.3475661277770996 3688
98300 10000 0.7060546875 -3.3475747108459473 2027
98310 10000 0.6923828125 -3.3475818634033203 8683
98320 10000 0.6875 -3.347590684890747 2897
98330 10000 0.697265625 -3.347599506378174 8142
98340 10000 0.68359375 -3.3476109504699707 1593
98350 10000 0.6748046875 -3.347621440887451 4238
98360 10000 0.658203125 -3.347635269165039 5977
98370 10000 0.6962890625 -3.3476428985595703 9178
98380 10000 0.6826171875 -3.3476479053497314 4116
98390 10000 0.6748046875 -3.3476550579071045 8126
98400 10000 0.6845703125 -3.347663640975952 1370
98410 10000 0.689453125 -3.3476691246032715 9901
98420 10000 0.6806640625 -3.3476805686950684 4993
98430 10000 0.689453125 -3.3476853370666504 3198
98440 10000 0.7021484375 -3.347691535949707 8484
98450 10000 0.7021484375 -3.3476972579956055 2548
98460 10000 0.6767578125 -3.3477048873901367 2897
98470 10000 0.6494140625 -3.3477182388305664 8832
98480 10000 0.6904296875 -3.347723960876465 5671
98490 10000 0.681640625 -3.3477351665496826 2341
98500 10000 0.6748046875 -3.3477444648742676 6693
98510 10000 0.7021484375 -3.347757339477539 5374
98520 10000 0.69140625 -3.3477659225463867 1424
98530 10000 0.6982421875 -3.347771167755127 3362
98540 10000 0.697265625 -3.3477795124053955 3717
98550 10000 0.693359375 -3.3477888107299805 3564
98560 10000 0.689453125 -3.3477935791015625 3928
98570 10000 0.662109375 -3.347797393798828 3046
98580 10000 0.671875 -3.347809314727783 4429
98590 10000 0.6884765625 -3.347815990447998 1546
98600 10000 0.7255859375 -3.3478245735168457 4573
98610 10000 0.6552734375 -3.3478336334228516 2767
98620 10000 0.6875 -3.3478474617004395 4646
98630 10000 0.703125 -3.3478541374206543 1332
98640 10000 0.6787109375 -3.347862482070923 2778
98650 10000 0.689453125 -3.3478684425354004 1977
98660 10000 0.6884765625 -3.3478753566741943 6485
98670 10000 0.677734375 -3.347881317138672 7130
98680 10000 0.662109375 -3.347888231277466 2336
98690 10000 0.6787109375 -3.3478968143463135 7700
98700 10000 0.69140625 -3.3479084968566895 5650
98710 10000 0.6689453125 -3.347912311553955 5519
98720 10000 0.68359375 -3.3479199409484863 7469
98730 10000 0.66796875 -3.3479347229003906 1478
98740 10000 0.701171875 -3.3479411602020264 6896
98750 10000 0.685546875 -3.3479526042938232 1249
98760 10000 0.6689453125 -3.3479580879211426 4672
98770 10000 0.6669921875 -3.3479669094085693 4460
98780 10000 0.6875 -3.3479747772216797 9704
98790 10000 0.666015625 -3.347982406616211 240
98800 10000 0.6826171875 -3.3479909896850586 4265
98810 10000 0.6904296875 -3.3479998111724854 755
98820 10000 0.6904296875 -3.3480067253112793 9512
98830 10000 0.6748046875 -3.348012924194336 7539
98840 10000 0.677734375 -3.348022937774658 3314
98850 10000 0.6826171875 -3.3480348587036133 8001
98860 10000 0.703125 -3.348041296005249 8365
98870 10000 0.6669921875 -3.3480513095855713 7354
98880 10000 0.666015625 -3.348062515258789 8315
98890 10000 0.646484375 -3.3480684757232666 9164
98900 10000 0.6904296875 -3.3480870723724365 3059
98910 10000 0.6845703125 -3.348095655441284 678
98920 10000 0.6806640625 -3.348104953765869 3138
98930 10000 0.6728515625 -3.3481125831604004 1726
98940 10000 0.673828125 -3.3481242656707764 3050
98950 10000 0.6806640625 -3.348130226135254 8398
98960 10000 0.6923828125 -3.3481345176696777 5060
98970 10000 0.71875 -3.348142623901367 6812
98980 10000 0.68359375 -3.3481526374816895 1152
98990 10000 0.69921875 -3.3481578826904297 3856
99000 10000 0.6708984375 -3.348170757293701 8130
99010 10000 0.66796875 -3.3481764793395996 2286
99020 10000 0.693359375 -3.3481807708740234 3211
99030 10000 0.66015625 -3.34818696975708 223
99040 10000 0.70703125 -3.348195791244507 7438
99050 10000 0.6689453125 -3.3482041358947754 897
99060 10000 0.6884765625 -3.348212957382202 3052
99070 10000 0.7060546875 -3.3482272624969482 7840
99080 10000 0.6708984375 -3.3482413291931152 478
99090 10000 0.669921875 -3.348252296447754 3761
99100 10000 0.6806640625 -3.3482556343078613 6863
99110 10000 0.6728515625 -3.348262310028076 8063
99120 10000 0.685546875 -3.348268985748291 6447
99130 10000 0.6806640625 -3.348275899887085 5458
99140 10000 0.6708984375 -3.348280429840088 3068
99150 10000 0.6962890625 -3.348288059234619 8762
99160 10000 0.6767578125 -3.348297595977783 860
99170 10000 0.6650390625 -3.3483123779296875 8132
99180 10000 0.705078125 -3.348320960998535 3172
99190 10000 0.703125 -3.3483266830444336 8854
99200 10000 0.67578125 -3.3483352661132812 3253
99210 10000 0.6708984375 -3.3483400344848633 7058
99220 10000 0.6494140625 -3.34834623336792 6548
99230 10000 0.6669921875 -3.3483524322509766 9307
99240 10000 0.6474609375 -3.3483572006225586 3671
99250 10000 0.6708984375 -3.348367691040039 43
99260 10000 0.6875 -3.3483803272247314 8520
99270 10000 0.669921875 -3.3483917713165283 6905
99280 10000 0.6787109375 -3.3484017848968506 1369
99290 10000 0.6591796875 -3.3484134674072266 5006
99300 10000 0.6767578125 -3.3484201431274414 847
99310 10000 0.6953125 -3.34842586517334 5326
99320 10000 0.6748046875 -3.348436117172241 2829
99330 10000 0.6591796875 -3.3484420776367188 8846
99340 10000 0.666015625 -3.348447799682617 9433
99350 10000 0.673828125 -3.3484573364257812 7753
99360 10000 0.6591796875 -3.3484601974487305 8233
99370 10000 0.65625 -3.348465919494629 374
99380 10000 0.6787109375 -3.348473310470581 5983
99390 10000 0.6767578125 -3.348478317260742 8852
99400 10000 0.67578125 -3.3484883308410645 249
99410 10000 0.673828125 -3.3485004901885986 1896
99420 10000 0.640625 -3.348506450653076 5370
99430 10000 0.6572265625 -3.348513603210449 1876
99440 10000 0.6728515625 -3.348522186279297 1808
99450 10000 0.671875 -3.348524808883667 6888
99460 10000 0.7001953125 -3.348532199859619 3887
99470 10000 0.6845703125 -3.348546266555786 3157
99480 10000 0.689453125 -3.348550319671631 4403
99490 10000 0.6845703125 -3.348557472229004 5831
99500 10000 0.6708984375 -3.3485641479492188 330
99510 10000 0.6806640625 -3.3485708236694336 8348
99520 10000 0.671875 -3.3485751152038574 225
99530 10000 0.669921875 -3.348578929901123 89
99540 10000 0.66796875 -3.348583221435547 8951
99550 10000 0.658203125 -3.3485965728759766 6906
99560 10000 0.66796875 -3.348604917526245 6740
99570 10000 0.6435546875 -3.34861421585083 6714
99580 10000 0.654296875 -3.348621368408203 334
99590 10000 0.6611328125 -3.3486289978027344 4112
99600 10000 0.6435546875 -3.348635673522949 3518
99610 10000 0.658203125 -3.3486435413360596 7385
99620 10000 0.6552734375 -3.3486576080322266 969
99630 10000 0.638671875 -3.3486664295196533 2689
99640 10000 0.666015625 -3.34867787361145 3215
99650 10000 0.6650390625 -3.3486881256103516 3296
99660 10000 0.6708984375 -3.348694324493408 2076
99670 10000 0.669921875 -3.3487024307250977 3689
99680 10000 0.67578125 -3.3487110137939453 9925
99690 10000 0.6728515625 -3.3487179279327393 7418
99700 10000 0.6591796875 -3.3487250804901123 6662
99710 10000 0.65625 -3.3487322330474854 2116
99720 10000 0.6611328125 -3.348741054534912 1352
99730 10000 0.66796875 -3.3487472534179688 4845
99740 10000 0.6767578125 -3.348759412765503 6478
99750 10000 0.65625 -3.348773717880249 6606
99760 10000 0.6611328125 -3.3487815856933594 9077
99770 10000 0.6533203125 -3.3487894535064697 8043
99780 10000 0.654296875 -3.3487987518310547 8788
99790 10000 0.6650390625 -3.3488051891326904 5163
99800 10000 0.671875 -3.348811626434326 7114
99810 10000 0.669921875 -3.3488197326660156 6548
99820 10000 0.6591796875 -3.3488340377807617 722
99830 10000 0.6689453125 -3.348839521408081 993
99840 10000 0.6708984375 -3.348844528198242 5623
99850 10000 0.66796875 -3.348850965499878 1624
99860 10000 0.6611328125 -3.34885835647583 6219
99870 10000 0.67578125 -3.3488636016845703 7154
99880 10000 0.6787109375 -3.348869562149048 6864
99890 10000 0.6552734375 -3.348876476287842 4605
99900 10000 0.6455078125 -3.348883628845215 407
99910 10000 0.6728515625 -3.3488893508911133 72
99920 10000 0.6591796875 -3.348896026611328 4985
99930 10000 0.65234375 -3.348909854888916 4764
99940 10000 0.66015625 -3.3489153385162354 3738
99950 10000 0.626953125 -3.3489198684692383 7152
99960 10000 0.6748046875 -3.348928451538086 3977
99970 10000 0.6650390625 -3.3489365577697754 8706
99980 10000 0.6806640625 -3.348945140838623 843
99990 10000 0.619140625 -3.348951816558838 5302
100000 10000 0.705078125 -3.3489627838134766 6104
#
# Run ended: 2025-07-08 14:06:06.277533
# Elapsed time: 1:10:50.134347
