0 1024 1.0 51.83441162109375 438
1 1024 0.7889899015426636 51.822166442871094 378
2 1024 0.7865200042724609 51.81549835205078 785
3 1024 0.7875002026557922 51.79066467285156 414
4 1024 0.786080002784729 51.6790771484375 443
5 1024 0.7859497666358948 51.66211700439453 325
6 1024 0.7837099432945251 51.5013313293457 399
7 1024 0.7844198942184448 51.33136749267578 525
8 1024 0.7839999198913574 51.223472595214844 250
9 1024 0.7861099243164062 51.181880950927734 984
10 1024 0.7793800830841064 51.03472137451172 542
11 1024 0.7864699363708496 51.006649017333984 374
12 1024 0.7875099182128906 50.93837356567383 576
13 1024 0.7848800420761108 50.826725006103516 499
14 1024 0.7833598256111145 50.81549835205078 37
15 1024 0.7848398685455322 50.80055236816406 836
16 1024 0.7872899174690247 50.69942092895508 18
17 1024 0.7827399373054504 50.69102096557617 460
18 1024 0.7819198369979858 50.63776397705078 525
19 1024 0.7793700098991394 50.533485412597656 1001
20 1024 0.7769800424575806 50.46543502807617 782
21 1024 0.7834698557853699 50.46192932128906 230
22 1024 0.7849399447441101 50.45529556274414 990
23 1024 0.7851099967956543 50.41857147216797 1002
24 1024 0.7834898829460144 50.40321350097656 330
25 1024 0.7846600413322449 50.397254943847656 193
26 1024 0.7871198654174805 50.390869140625 204
27 1024 0.7841300964355469 50.33601379394531 581
28 1024 0.7864299416542053 50.275848388671875 536
29 1024 0.7832699418067932 50.26696014404297 853
30 1024 0.7852700352668762 50.263694763183594 331
31 1024 0.7854200005531311 50.058231353759766 367
32 1024 0.7826701998710632 50.03822708129883 182
33 1024 0.782759964466095 49.90790557861328 557
34 1024 0.7821798324584961 49.65789031982422 427
35 1024 0.7835701704025269 49.58744812011719 864
36 1024 0.7821201086044312 49.560482025146484 1019
37 1024 0.781589925289154 49.422027587890625 670
38 1024 0.7808800339698792 49.3994140625 575
39 1024 0.7828300595283508 49.38410949707031 165
40 1024 0.7848899960517883 49.122108459472656 733
41 1024 0.7817201018333435 49.0070915222168 111
42 1024 0.780910074710846 48.96266555786133 23
43 1024 0.7834198474884033 48.774452209472656 576
44 1024 0.7825000882148743 48.68095779418945 730
45 1024 0.7819100618362427 48.58641815185547 1008
46 1024 0.7780500650405884 48.56132507324219 99
47 1024 0.7836201190948486 48.44810485839844 532
48 1024 0.7793200016021729 48.37001037597656 163
49 1024 0.7792298793792725 48.319732666015625 425
50 1024 0.7815499901771545 48.21561813354492 115
51 1024 0.7824698686599731 48.207733154296875 65
52 1024 0.7813900113105774 48.20709991455078 241
53 1024 0.7787701487541199 48.01746368408203 780
54 1024 0.7803898453712463 48.001888275146484 202
55 1024 0.7823701500892639 47.92308044433594 211
56 1024 0.7791798710823059 47.877803802490234 641
57 1024 0.7815500497817993 47.85004425048828 408
58 1024 0.7797901034355164 47.82939147949219 528
59 1024 0.784480094909668 47.81077194213867 375
60 1024 0.7780799865722656 47.7340087890625 679
61 1024 0.7826599478721619 47.6703987121582 435
62 1024 0.7777601480484009 47.656105041503906 263
63 1024 0.7751200199127197 47.58001708984375 799
64 1024 0.7765601873397827 47.57966995239258 239
65 1024 0.7822799682617188 47.46385192871094 539
66 1024 0.7832001447677612 47.390289306640625 93
67 1024 0.782500147819519 47.33428955078125 81
68 1024 0.7788800001144409 47.33030700683594 855
69 1024 0.7773798704147339 47.252708435058594 90
70 1024 0.7754600644111633 47.164588928222656 77
71 1024 0.7791299819946289 47.151214599609375 1017
72 1024 0.7770098447799683 47.12038803100586 6
73 1024 0.7854999899864197 46.985496520996094 114
74 1024 0.7807099223136902 46.73822021484375 665
75 1024 0.7753700017929077 46.64385986328125 194
76 1024 0.7788899540901184 46.58485794067383 828
77 1024 0.7793501019477844 46.55949020385742 616
78 1024 0.7763098478317261 46.36028289794922 982
79 1024 0.7780801057815552 46.29554748535156 769
80 1024 0.7797601222991943 46.26546096801758 795
81 1024 0.7789600491523743 46.243812561035156 650
82 1024 0.7800298929214478 46.228824615478516 25
83 1024 0.7774298787117004 46.120426177978516 427
84 1024 0.7782798409461975 46.04533004760742 922
85 1024 0.7771499752998352 45.91877746582031 672
86 1024 0.7780299186706543 45.89318084716797 417
87 1024 0.7787500619888306 45.83732986450195 177
88 1024 0.7739201188087463 45.81537628173828 853
89 1024 0.7766901254653931 45.745792388916016 719
90 1024 0.777690052986145 45.704280853271484 622
91 1024 0.7759199142456055 45.62084197998047 757
92 1024 0.7801600694656372 45.47480392456055 570
93 1024 0.7764099836349487 45.37623596191406 944
94 1024 0.7768201231956482 45.368263244628906 658
95 1024 0.774380087852478 45.33464050292969 415
96 1024 0.7777001261711121 45.23240661621094 669
97 1024 0.7778099775314331 45.228981018066406 36
98 1024 0.776699960231781 45.144371032714844 105
99 1024 0.7760899662971497 45.14155578613281 279
100 1024 0.7763802409172058 44.99463653564453 717
101 1024 0.7747299671173096 44.87807846069336 244
102 1024 0.7755899429321289 44.86740493774414 966
103 1024 0.7778598070144653 44.78741455078125 68
104 1024 0.7775998711585999 44.74526596069336 794
105 1024 0.7746598124504089 44.50063705444336 148
106 1024 0.7784099578857422 44.4621467590332 524
107 1024 0.7769302129745483 44.461700439453125 787
108 1024 0.7768200635910034 44.434913635253906 530
109 1024 0.7755200266838074 44.40388870239258 99
110 1024 0.7737101316452026 44.358219146728516 42
111 1024 0.7754299640655518 44.30224609375 384
112 1024 0.7753901481628418 44.204158782958984 317
113 1024 0.7736499905586243 44.18584442138672 363
114 1024 0.7720800042152405 44.16804504394531 908
115 1024 0.774669885635376 44.03937911987305 406
116 1024 0.7739201188087463 44.03029251098633 188
117 1024 0.7749599814414978 43.9599494934082 201
118 1024 0.77267986536026 43.93028259277344 278
119 1024 0.7758099436759949 43.8150749206543 611
120 1024 0.7737899422645569 43.768348693847656 387
121 1024 0.7733400464057922 43.763427734375 935
122 1024 0.7743301391601562 43.63576126098633 640
123 1024 0.773859977722168 43.605342864990234 482
124 1024 0.7701199054718018 43.599449157714844 183
125 1024 0.7750298976898193 43.57664489746094 627
126 1024 0.7724001407623291 43.57469940185547 561
127 1024 0.7774001359939575 43.55611801147461 635
128 1024 0.7742400765419006 43.50221252441406 772
129 1024 0.7740797400474548 43.49144744873047 543
130 1024 0.773930013179779 43.417205810546875 559
131 1024 0.7741599082946777 43.372947692871094 657
132 1024 0.7751199007034302 43.274169921875 576
133 1024 0.7756702899932861 43.25115203857422 736
134 1024 0.7777597904205322 43.14802932739258 464
135 1024 0.7698699235916138 43.08449935913086 977
136 1024 0.7713698148727417 43.07229232788086 746
137 1024 0.7724199295043945 43.06475830078125 77
138 1024 0.7722699046134949 42.98643112182617 451
139 1024 0.7746598720550537 42.92428970336914 468
140 1024 0.7718899250030518 42.833805084228516 201
141 1024 0.7714898586273193 42.81278610229492 436
142 1024 0.7710798978805542 42.700592041015625 108
143 1024 0.7718799710273743 42.42474365234375 410
144 1024 0.774150013923645 42.3915901184082 244
145 1024 0.7699702382087708 42.290531158447266 493
146 1024 0.7723402380943298 42.238407135009766 448
147 1024 0.7724499106407166 42.18191909790039 551
148 1024 0.7689297199249268 42.13373565673828 21
149 1024 0.7694201469421387 42.10123062133789 710
150 1024 0.7689001560211182 42.000370025634766 723
151 1024 0.7715198397636414 41.921348571777344 714
152 1024 0.7684698104858398 41.64501953125 733
153 1024 0.7681301832199097 41.63727951049805 655
154 1024 0.7700300216674805 41.625938415527344 698
155 1024 0.7694498300552368 41.45642852783203 954
156 1024 0.7708298563957214 41.45264434814453 623
157 1024 0.7723899483680725 41.44481658935547 476
158 1024 0.7750599980354309 41.4250602722168 511
159 1024 0.7713900804519653 41.39686965942383 946
160 1024 0.7685700058937073 41.38132095336914 1013
161 1024 0.7716400027275085 41.31829833984375 737
162 1024 0.7689299583435059 41.30523681640625 462
163 1024 0.7689499258995056 41.289710998535156 498
164 1024 0.7693901062011719 41.25239562988281 517
165 1024 0.7679699063301086 41.19770812988281 637
166 1024 0.7690101265907288 41.17931365966797 852
167 1024 0.769059956073761 41.150787353515625 933
168 1024 0.7725297212600708 41.11301040649414 749
169 1024 0.7675198912620544 41.059288024902344 373
170 1024 0.7699599862098694 40.987342834472656 149
171 1024 0.7706300020217896 40.868812561035156 738
172 1024 0.7689898610115051 40.76698303222656 518
173 1024 0.7679898738861084 40.763031005859375 850
174 1024 0.7706500291824341 40.75357437133789 588
175 1024 0.7685898542404175 40.691959381103516 945
176 1024 0.7680800557136536 40.645606994628906 370
177 1024 0.770520031452179 40.61653137207031 235
178 1024 0.7657499313354492 40.55393600463867 754
179 1024 0.7697299718856812 40.54974365234375 512
180 1024 0.771329939365387 40.406211853027344 670
181 1024 0.7670300006866455 40.31139373779297 86
182 1024 0.765450119972229 40.2598876953125 351
183 1024 0.7642198801040649 40.17280197143555 740
184 1024 0.7712300419807434 40.16688919067383 729
185 1024 0.767270028591156 40.137176513671875 539
186 1024 0.7703899145126343 40.11310577392578 199
187 1024 0.7692698240280151 40.041133880615234 764
188 1024 0.767970085144043 40.015377044677734 729
189 1024 0.7680901288986206 40.00402069091797 457
190 1024 0.769569993019104 39.98384094238281 88
191 1024 0.7694800496101379 39.92195129394531 906
192 1024 0.7651800513267517 39.87425231933594 467
193 1024 0.7683601379394531 39.82023620605469 394
194 1024 0.7643901109695435 39.79317855834961 890
195 1024 0.7618899345397949 39.69255828857422 196
196 1024 0.7683901786804199 39.598514556884766 198
197 1024 0.7674800157546997 39.561187744140625 880
198 1024 0.7694000601768494 39.52789306640625 924
199 1024 0.7699000239372253 39.48564529418945 805
200 1024 0.7669398188591003 39.42436218261719 374
201 1024 0.7668799161911011 39.41181182861328 483
202 1024 0.7674198746681213 39.357749938964844 960
203 1024 0.7658401131629944 39.30742263793945 136
204 1024 0.7658098936080933 39.21012878417969 748
205 1024 0.766730010509491 39.185916900634766 855
206 1024 0.764769971370697 39.1350212097168 132
207 1024 0.7675501108169556 39.121681213378906 516
208 1024 0.7671801447868347 39.056495666503906 624
209 1024 0.7676399350166321 38.98545455932617 313
210 1024 0.7631098031997681 38.91436004638672 705
211 1024 0.7614601254463196 38.87648391723633 710
212 1024 0.7662000060081482 38.746429443359375 782
213 1024 0.7666500210762024 38.71026611328125 249
214 1024 0.7660699486732483 38.70951843261719 388
215 1024 0.7661899924278259 38.66944122314453 181
216 1024 0.766800045967102 38.664154052734375 705
217 1024 0.7664598822593689 38.65091323852539 435
218 1024 0.7656500935554504 38.650123596191406 421
219 1024 0.7641400098800659 38.64771270751953 203
220 1024 0.76596999168396 38.601280212402344 286
221 1024 0.7664898633956909 38.58428955078125 799
222 1024 0.7625800371170044 38.438018798828125 1005
223 1024 0.7661399841308594 38.431556701660156 270
224 1024 0.7611299753189087 38.39912033081055 934
225 1024 0.7656999230384827 38.39080047607422 779
226 1024 0.7603899836540222 38.38545608520508 687
227 1024 0.7594103217124939 38.322265625 100
228 1024 0.7647801041603088 38.31888198852539 216
229 1024 0.7621198892593384 38.261417388916016 78
230 1024 0.7658999562263489 38.14402389526367 773
231 1024 0.7643499374389648 38.1421012878418 365
232 1024 0.7677400708198547 38.081878662109375 889
233 1024 0.7640300393104553 37.78720474243164 129
234 1024 0.7644700407981873 37.721473693847656 402
235 1024 0.7601199746131897 37.68174743652344 607
236 1024 0.7627400755882263 37.59934616088867 367
237 1024 0.7610599994659424 37.58548355102539 248
238 1024 0.7603899836540222 37.53643798828125 885
239 1024 0.7597300410270691 37.484867095947266 1015
240 1024 0.7584000825881958 37.454322814941406 5
241 1024 0.7608000636100769 37.33111572265625 443
242 1024 0.7619101405143738 37.32432556152344 706
243 1024 0.7613400816917419 37.15459060668945 3
244 1024 0.760540246963501 37.12947463989258 42
245 1024 0.7635397911071777 37.121097564697266 822
246 1024 0.7607400417327881 37.02998352050781 11
247 1024 0.7609301805496216 37.001953125 999
248 1024 0.7605900168418884 36.96221160888672 928
249 1024 0.7559800744056702 36.94239807128906 494
250 1024 0.7596598863601685 36.93470001220703 178
251 1024 0.7578197121620178 36.92462921142578 212
252 1024 0.7627999782562256 36.885398864746094 681
253 1024 0.7626599073410034 36.80181884765625 845
254 1024 0.7665298581123352 36.7893180847168 875
255 1024 0.7597100734710693 36.780845642089844 30
256 1024 0.7619300484657288 36.75635528564453 493
257 1024 0.762559711933136 36.71040344238281 455
258 1024 0.7573997974395752 36.66632080078125 1013
259 1024 0.7604700326919556 36.491905212402344 311
260 1024 0.761489987373352 36.46183395385742 173
261 1024 0.7578101754188538 36.41392517089844 466
262 1024 0.7587498426437378 36.310638427734375 489
263 1024 0.757379949092865 36.27273941040039 226
264 1024 0.7572400569915771 36.265445709228516 583
265 1024 0.7576199173927307 36.2535285949707 992
266 1024 0.7595698237419128 35.98419189453125 258
267 1024 0.7614601254463196 35.884700775146484 44
268 1024 0.7610599994659424 35.85105895996094 304
269 1024 0.7581999897956848 35.80778503417969 855
270 1024 0.7588299512863159 35.80773162841797 370
271 1024 0.761389970779419 35.784637451171875 675
272 1024 0.7593299150466919 35.73196792602539 431
273 1024 0.7608702182769775 35.619873046875 224
274 1024 0.7579001188278198 35.58213806152344 707
275 1024 0.7562599182128906 35.555885314941406 165
276 1024 0.7609499096870422 35.525047302246094 808
277 1024 0.7581798434257507 35.50584411621094 611
278 1024 0.7622201442718506 35.48681640625 666
279 1024 0.7592599391937256 35.461387634277344 282
280 1024 0.7584099173545837 35.46100997924805 757
281 1024 0.7557599544525146 35.3357048034668 101
282 1024 0.755060076713562 35.15800094604492 702
283 1024 0.7600700855255127 35.15495300292969 514
284 1024 0.7598902583122253 35.11750793457031 88
285 1024 0.7555999755859375 35.10000991821289 592
286 1024 0.7538299560546875 35.0411262512207 166
287 1024 0.7613398432731628 34.93006896972656 724
288 1024 0.7538597583770752 34.87287521362305 327
289 1024 0.7560501098632812 34.868064880371094 121
290 1024 0.7567800879478455 34.83250427246094 708
291 1024 0.7536499500274658 34.800880432128906 450
292 1024 0.7567600607872009 34.74959945678711 574
293 1024 0.7570599913597107 34.64842224121094 88
294 1024 0.7537699937820435 34.61846160888672 561
295 1024 0.7593798041343689 34.607276916503906 1009
296 1024 0.7546101808547974 34.59406280517578 548
297 1024 0.7530799508094788 34.540924072265625 482
298 1024 0.7554600238800049 34.48744583129883 946
299 1024 0.7563498616218567 34.48362731933594 157
300 1024 0.75767982006073 34.403377532958984 477
301 1024 0.7532299757003784 34.379371643066406 52
302 1024 0.7548500895500183 34.33826446533203 227
303 1024 0.7532698512077332 34.263275146484375 486
304 1024 0.7511201500892639 34.072296142578125 267
305 1024 0.7517098784446716 34.02490234375 188
306 1024 0.7563000917434692 33.97311782836914 181
307 1024 0.7544101476669312 33.93132019042969 166
308 1024 0.7528601884841919 33.91861343383789 732
309 1024 0.7547000646591187 33.89904022216797 91
310 1024 0.7535099387168884 33.86373519897461 566
311 1024 0.7578300833702087 33.761817932128906 631
312 1024 0.75409996509552 33.74226379394531 427
313 1024 0.7566701173782349 33.62337875366211 524
314 1024 0.755639910697937 33.619712829589844 677
315 1024 0.7561801075935364 33.494895935058594 541
316 1024 0.7534700036048889 33.47061538696289 341
317 1024 0.7510597705841064 33.35516357421875 619
318 1024 0.7533199191093445 33.31886672973633 415
319 1024 0.7515802383422852 33.31403732299805 888
320 1024 0.7515298128128052 33.296546936035156 283
321 1024 0.7515100836753845 33.27384948730469 522
322 1024 0.7587100863456726 33.18368148803711 697
323 1024 0.7498000264167786 33.18299102783203 927
324 1024 0.754040002822876 33.139015197753906 337
325 1024 0.753279983997345 33.13258361816406 725
326 1024 0.7520400285720825 32.99898910522461 917
327 1024 0.7540198564529419 32.984519958496094 204
328 1024 0.7488600611686707 32.952701568603516 298
329 1024 0.7489899396896362 32.91593551635742 175
330 1024 0.7494000196456909 32.91578674316406 951
331 1024 0.7480400204658508 32.90144348144531 88
332 1024 0.7526999711990356 32.86249542236328 498
333 1024 0.7528601884841919 32.824825286865234 703
334 1024 0.7517900466918945 32.815887451171875 539
335 1024 0.7527799010276794 32.77595520019531 802
336 1024 0.7506498694419861 32.723636627197266 735
337 1024 0.7508400082588196 32.69537353515625 234
338 1024 0.756179928779602 32.691654205322266 391
339 1024 0.7504200339317322 32.570655822753906 818
340 1024 0.7516301274299622 32.523128509521484 151
341 1024 0.749950110912323 32.52055740356445 253
342 1024 0.7540899515151978 32.505287170410156 513
343 1024 0.751250147819519 32.38980484008789 723
344 1024 0.7532201409339905 32.38839340209961 71
345 1024 0.7511200308799744 32.32268524169922 443
346 1024 0.7504799962043762 32.264503479003906 401
347 1024 0.7523401379585266 32.25682067871094 628
348 1024 0.7493500113487244 32.23442840576172 783
349 1024 0.753200113773346 32.13410186767578 350
350 1024 0.7479398846626282 32.106605529785156 712
351 1024 0.7486002445220947 32.02710723876953 690
352 1024 0.7489902377128601 32.01092529296875 640
353 1024 0.7548598051071167 31.962459564208984 572
354 1024 0.7466900944709778 31.762672424316406 299
355 1024 0.7460298538208008 31.70643424987793 66
356 1024 0.7465000152587891 31.68081283569336 940
357 1024 0.7531999945640564 31.62949562072754 959
358 1024 0.7480897903442383 31.573833465576172 717
359 1024 0.7492300868034363 31.55130958557129 66
360 1024 0.7477700114250183 31.495542526245117 233
361 1024 0.7498096823692322 31.481185913085938 1015
362 1024 0.7500101327896118 31.324810028076172 833
363 1024 0.7470499873161316 31.29218101501465 872
364 1024 0.745430052280426 31.252790451049805 884
365 1024 0.7524998188018799 31.18307113647461 13
366 1024 0.7492501139640808 31.085683822631836 1005
367 1024 0.7487499713897705 31.083030700683594 1002
368 1024 0.7485499382019043 31.00662612915039 712
369 1024 0.7494000792503357 30.908220291137695 79
370 1024 0.746800422668457 30.89594078063965 576
371 1024 0.7470300197601318 30.87688636779785 1020
372 1024 0.7480700612068176 30.825788497924805 49
373 1024 0.7445599436759949 30.811439514160156 1008
374 1024 0.7458800077438354 30.80526351928711 103
375 1024 0.7480998039245605 30.775798797607422 12
376 1024 0.7502101063728333 30.595373153686523 773
377 1024 0.7510300278663635 30.540424346923828 273
378 1024 0.7436501383781433 30.520496368408203 966
379 1024 0.7474800944328308 30.514263153076172 325
380 1024 0.7501200437545776 30.461814880371094 380
381 1024 0.7455000281333923 30.43707847595215 668
382 1024 0.7460998892784119 30.434337615966797 526
383 1024 0.7463899254798889 30.31354522705078 632
384 1024 0.7435098886489868 30.292585372924805 583
385 1024 0.7464199662208557 30.210018157958984 773
386 1024 0.7444998621940613 30.18684196472168 522
387 1024 0.7478799819946289 30.136241912841797 514
388 1024 0.7432500123977661 30.10924530029297 149
389 1024 0.7479898929595947 30.071861267089844 593
390 1024 0.7420403361320496 30.056324005126953 366
391 1024 0.7492298483848572 30.026142120361328 772
392 1024 0.7449501156806946 30.00153350830078 356
393 1024 0.7444298267364502 29.840269088745117 598
394 1024 0.741439938545227 29.783952713012695 455
395 1024 0.7471000552177429 29.77313232421875 429
396 1024 0.7490399479866028 29.753890991210938 380
397 1024 0.744769811630249 29.643768310546875 595
398 1024 0.7414900660514832 29.605716705322266 272
399 1024 0.7452101111412048 29.572036743164062 103
400 1024 0.7392700910568237 29.522930145263672 793
401 1024 0.7404597401618958 29.437894821166992 818
402 1024 0.7448399662971497 29.39531707763672 191
403 1024 0.744629979133606 29.380996704101562 141
404 1024 0.7437301278114319 29.327194213867188 358
405 1024 0.7399700284004211 29.2525577545166 286
406 1024 0.7434799671173096 29.247413635253906 840
407 1024 0.7424599528312683 29.147357940673828 943
408 1024 0.7445199489593506 29.12346839904785 544
409 1024 0.7401601076126099 29.08571434020996 741
410 1024 0.7406899929046631 29.045373916625977 231
411 1024 0.7433300614356995 29.04462432861328 879
412 1024 0.7433400750160217 28.982593536376953 757
413 1024 0.7470400929450989 28.95931625366211 465
414 1024 0.7419700622558594 28.958393096923828 99
415 1024 0.7400299906730652 28.673194885253906 682
416 1024 0.7437103390693665 28.606355667114258 754
417 1024 0.7439400553703308 28.492950439453125 156
418 1024 0.7417601346969604 28.463687896728516 910
419 1024 0.7404000759124756 28.415786743164062 59
420 1024 0.7391701340675354 28.411422729492188 468
421 1024 0.7390300035476685 28.303611755371094 929
422 1024 0.74288010597229 28.298046112060547 741
423 1024 0.738950252532959 28.279232025146484 944
424 1024 0.737910270690918 28.169981002807617 54
425 1024 0.7379897832870483 28.112743377685547 287
426 1024 0.7405000925064087 28.100902557373047 552
427 1024 0.7437199354171753 27.99610137939453 203
428 1024 0.7344600558280945 27.99099349975586 692
429 1024 0.74235999584198 27.990772247314453 560
430 1024 0.7389500737190247 27.96979522705078 876
431 1024 0.7395399212837219 27.943042755126953 638
432 1024 0.739500105381012 27.874208450317383 72
433 1024 0.7368699312210083 27.84500503540039 174
434 1024 0.739570140838623 27.753795623779297 602
435 1024 0.739549994468689 27.733840942382812 221
436 1024 0.7413399815559387 27.725189208984375 171
437 1024 0.7374100089073181 27.721092224121094 132
438 1024 0.7361900806427002 27.69989013671875 989
439 1024 0.7391701340675354 27.694602966308594 492
440 1024 0.7362498044967651 27.65789794921875 848
441 1024 0.7333698272705078 27.632863998413086 275
442 1024 0.7380599975585938 27.613536834716797 500
443 1024 0.7376700639724731 27.600723266601562 887
444 1024 0.7382401823997498 27.59052085876465 752
445 1024 0.731920063495636 27.542970657348633 603
446 1024 0.7357699275016785 27.533100128173828 109
447 1024 0.7349200248718262 27.480731964111328 180
448 1024 0.7340800166130066 27.46336555480957 343
449 1024 0.7374698519706726 27.43600082397461 161
450 1024 0.7398200035095215 27.43134307861328 348
451 1024 0.7362400889396667 27.422252655029297 752
452 1024 0.7369799613952637 27.392372131347656 461
453 1024 0.7354099750518799 27.354881286621094 678
454 1024 0.7381500601768494 27.30782699584961 653
455 1024 0.7367900609970093 27.303680419921875 720
456 1024 0.7396401166915894 27.28580093383789 906
457 1024 0.7378899455070496 27.27674102783203 999
458 1024 0.7332800030708313 27.27010726928711 416
459 1024 0.7379600405693054 27.26573944091797 911
460 1024 0.7380401492118835 27.240459442138672 144
461 1024 0.7337698340415955 27.21489715576172 751
462 1024 0.7379102110862732 27.200706481933594 319
463 1024 0.7375898361206055 27.18855857849121 1015
464 1024 0.7351199388504028 27.187265396118164 497
465 1024 0.733440101146698 27.186532974243164 545
466 1024 0.738740086555481 27.184520721435547 86
467 1024 0.7383600473403931 27.15993881225586 1004
468 1024 0.7360197901725769 27.101688385009766 209
469 1024 0.7326300740242004 26.926923751831055 513
470 1024 0.7365900874137878 26.87445831298828 369
471 1024 0.7341300249099731 26.852298736572266 639
472 1024 0.7320401072502136 26.815357208251953 994
473 1024 0.7354499697685242 26.798137664794922 184
474 1024 0.7329502701759338 26.761207580566406 845
475 1024 0.7362700700759888 26.753990173339844 305
476 1024 0.7364799976348877 26.549537658691406 765
477 1024 0.7360000610351562 26.48509979248047 95
478 1024 0.7351400852203369 26.483642578125 335
479 1024 0.735770046710968 26.46017837524414 324
480 1024 0.7361899614334106 26.457509994506836 895
481 1024 0.7335299253463745 26.452659606933594 403
482 1024 0.7394399046897888 26.35429573059082 700
483 1024 0.7363301515579224 26.340991973876953 372
484 1024 0.7326599955558777 26.328752517700195 310
485 1024 0.7346901297569275 26.322757720947266 883
486 1024 0.7323999404907227 26.288959503173828 320
487 1024 0.7351201176643372 26.275585174560547 33
488 1024 0.7338201999664307 26.2653751373291 316
489 1024 0.7344800233840942 26.25934410095215 149
490 1024 0.7306702733039856 26.240966796875 374
491 1024 0.7333099842071533 26.23980712890625 231
492 1024 0.7342602610588074 26.208602905273438 269
493 1024 0.731650173664093 26.167224884033203 520
494 1024 0.7294300198554993 26.131336212158203 36
495 1024 0.7316401600837708 26.120872497558594 620
496 1024 0.7321699857711792 26.112201690673828 701
497 1024 0.7335399985313416 26.062654495239258 551
498 1024 0.733780026435852 26.022268295288086 992
499 1024 0.7324799299240112 25.922161102294922 206
500 1024 0.7296701669692993 25.90229034423828 204
501 1024 0.7327601313591003 25.888126373291016 8
502 1024 0.7319600582122803 25.864957809448242 757
503 1024 0.7318798899650574 25.84804916381836 430
504 1024 0.7315798997879028 25.845352172851562 451
505 1024 0.7293000817298889 25.806856155395508 442
506 1024 0.7333600521087646 25.793764114379883 625
507 1024 0.7337200045585632 25.789215087890625 691
508 1024 0.7305000424385071 25.750343322753906 178
509 1024 0.7292001843452454 25.71731185913086 321
510 1024 0.7319899797439575 25.71133804321289 699
511 1024 0.7348900437355042 25.709850311279297 201
512 1024 0.7296300530433655 25.547927856445312 407
513 1024 0.7265802025794983 25.534664154052734 954
514 1024 0.7304399609565735 25.507164001464844 996
515 1024 0.7330499887466431 25.488819122314453 55
516 1024 0.7271199822425842 25.48072052001953 172
517 1024 0.7272400259971619 25.468978881835938 773
518 1024 0.7314200401306152 25.34722137451172 940
519 1024 0.7329301238059998 25.329853057861328 253
520 1024 0.7284999489784241 25.281984329223633 521
521 1024 0.7300699949264526 25.272830963134766 87
522 1024 0.7302701473236084 25.256349563598633 266
523 1024 0.7293702363967896 25.252761840820312 312
524 1024 0.7309799194335938 25.234149932861328 160
525 1024 0.7297199368476868 25.23027992248535 428
526 1024 0.7333898544311523 25.22779083251953 882
527 1024 0.7306797504425049 25.16232681274414 995
528 1024 0.7314302921295166 25.15081024169922 723
529 1024 0.7295499444007874 25.072246551513672 490
530 1024 0.725800096988678 25.047611236572266 226
531 1024 0.7292200326919556 24.997390747070312 385
532 1024 0.7315600514411926 24.979900360107422 387
533 1024 0.7249600291252136 24.943649291992188 326
534 1024 0.7279999852180481 24.862947463989258 960
535 1024 0.7285901308059692 24.860816955566406 106
536 1024 0.733059823513031 24.85028076171875 855
537 1024 0.7313900589942932 24.841461181640625 124
538 1024 0.7289703488349915 24.812973022460938 321
539 1024 0.7321901321411133 24.798625946044922 737
540 1024 0.7272700071334839 24.77266502380371 765
541 1024 0.7281501889228821 24.769563674926758 548
542 1024 0.7288001179695129 24.54582977294922 631
543 1024 0.7286400198936462 24.522502899169922 726
544 1024 0.7275100350379944 24.5046443939209 617
545 1024 0.7279398441314697 24.49394989013672 583
546 1024 0.7296099662780762 24.44223976135254 298
547 1024 0.7217298746109009 24.430452346801758 527
548 1024 0.7281900644302368 24.37436294555664 365
549 1024 0.7311801910400391 24.329011917114258 128
550 1024 0.7257299423217773 24.21686553955078 196
551 1024 0.7212100028991699 24.20484161376953 833
552 1024 0.7250900268554688 24.197233200073242 710
553 1024 0.7230901122093201 24.195663452148438 450
554 1024 0.7280099987983704 24.194263458251953 360
555 1024 0.7272500395774841 24.17372703552246 1018
556 1024 0.72614985704422 24.079086303710938 863
557 1024 0.724859893321991 24.078311920166016 680
558 1024 0.724600076675415 24.043529510498047 464
559 1024 0.7276600003242493 24.03925895690918 261
560 1024 0.7233699560165405 23.914836883544922 786
561 1024 0.7247500419616699 23.876331329345703 438
562 1024 0.7270800471305847 23.846006393432617 112
563 1024 0.7231701016426086 23.83460235595703 899
564 1024 0.7273600101470947 23.822710037231445 636
565 1024 0.7255401611328125 23.802608489990234 51
566 1024 0.7277600169181824 23.800016403198242 427
567 1024 0.7185499668121338 23.768447875976562 591
568 1024 0.7266799807548523 23.74073600769043 303
569 1024 0.7215598821640015 23.720252990722656 619
570 1024 0.7228600978851318 23.691177368164062 61
571 1024 0.7224199771881104 23.658466339111328 628
572 1024 0.7271903157234192 23.483291625976562 708
573 1024 0.7227200865745544 23.48151206970215 492
574 1024 0.7232201099395752 23.423555374145508 976
575 1024 0.7224000096321106 23.414546966552734 47
576 1024 0.7187597751617432 23.38766860961914 213
577 1024 0.723670244216919 23.34084701538086 832
578 1024 0.722270131111145 23.28488540649414 329
579 1024 0.7264701128005981 23.28122329711914 404
580 1024 0.7267000675201416 23.26519012451172 815
581 1024 0.7239900827407837 23.26401710510254 140
582 1024 0.722480058670044 23.260650634765625 904
583 1024 0.7246999144554138 23.18531036376953 148
584 1024 0.7228100299835205 23.154651641845703 316
585 1024 0.7225803136825562 23.141368865966797 776
586 1024 0.7212401628494263 23.12660026550293 557
587 1024 0.7215999960899353 23.103485107421875 153
588 1024 0.7217099070549011 23.0982608795166 740
589 1024 0.7208700180053711 23.020427703857422 258
590 1024 0.7235300540924072 22.99401092529297 35
591 1024 0.7251800894737244 22.97844696044922 932
592 1024 0.721950113773346 22.9736385345459 989
593 1024 0.7231500148773193 22.93088722229004 147
594 1024 0.7251200079917908 22.83897590637207 437
595 1024 0.719829797744751 22.8333740234375 793
596 1024 0.7224999666213989 22.816402435302734 552
597 1024 0.72284996509552 22.795679092407227 468
598 1024 0.7268099784851074 22.73186492919922 204
599 1024 0.7245401740074158 22.711214065551758 362
600 1024 0.7230100631713867 22.699947357177734 2
601 1024 0.723119854927063 22.67755126953125 371
602 1024 0.7160700559616089 22.65821647644043 861
603 1024 0.7185600399971008 22.65329933166504 145
604 1024 0.7190898656845093 22.634601593017578 693
605 1024 0.7200201153755188 22.546894073486328 823
606 1024 0.7214802503585815 22.53152084350586 90
607 1024 0.7215498685836792 22.515056610107422 299
608 1024 0.7174199223518372 22.456066131591797 746
609 1024 0.7196799516677856 22.382198333740234 768
610 1024 0.7196100950241089 22.32221221923828 162
611 1024 0.7190499901771545 22.253570556640625 703
612 1024 0.718230128288269 22.252696990966797 236
613 1024 0.7177400588989258 22.248863220214844 21
614 1024 0.7166399955749512 22.19556427001953 231
615 1024 0.7186400294303894 22.185741424560547 1020
616 1024 0.7200300693511963 22.17195701599121 482
617 1024 0.7170201539993286 22.157779693603516 420
618 1024 0.7171600461006165 22.141218185424805 931
619 1024 0.7180598378181458 22.079391479492188 77
620 1024 0.7197200655937195 22.058692932128906 414
621 1024 0.7211800813674927 22.049699783325195 777
622 1024 0.7217100262641907 22.02216148376465 642
623 1024 0.719990074634552 22.013484954833984 132
624 1024 0.7212198972702026 22.004562377929688 861
625 1024 0.717490017414093 21.862098693847656 417
626 1024 0.7179099321365356 21.841562271118164 256
627 1024 0.7203699946403503 21.820831298828125 81
628 1024 0.718450129032135 21.7545166015625 843
629 1024 0.7190999984741211 21.750606536865234 524
630 1024 0.7187999486923218 21.72098159790039 676
631 1024 0.7156999707221985 21.700899124145508 311
632 1024 0.7124701738357544 21.671096801757812 1003
633 1024 0.7178599238395691 21.64884376525879 153
634 1024 0.7214401960372925 21.636383056640625 604
635 1024 0.7169200778007507 21.60306167602539 559
636 1024 0.7195400595664978 21.588096618652344 427
637 1024 0.7167800068855286 21.56047821044922 568
638 1024 0.7095901966094971 21.49615478515625 424
639 1024 0.7147800326347351 21.488323211669922 489
640 1024 0.7146298885345459 21.478025436401367 886
641 1024 0.7188999056816101 21.468175888061523 543
642 1024 0.7139102220535278 21.423261642456055 654
643 1024 0.7164801359176636 21.41547393798828 244
644 1024 0.7108601331710815 21.40517234802246 771
645 1024 0.71548992395401 21.390094757080078 495
646 1024 0.7120999693870544 21.357078552246094 946
647 1024 0.7176198959350586 21.343172073364258 680
648 1024 0.7115801572799683 21.322486877441406 930
649 1024 0.7137400507926941 21.292621612548828 510
650 1024 0.71666020154953 21.29187774658203 835
651 1024 0.7162700295448303 21.270790100097656 939
652 1024 0.7118700742721558 21.231813430786133 75
653 1024 0.7138999700546265 21.214948654174805 44
654 1024 0.7108100056648254 21.197282791137695 138
655 1024 0.7144998908042908 21.128509521484375 317
656 1024 0.7111697793006897 21.092472076416016 494
657 1024 0.7154901027679443 21.07233428955078 857
658 1024 0.7123700380325317 21.02728843688965 54
659 1024 0.7135500907897949 21.007095336914062 1
660 1024 0.7120600938796997 20.975631713867188 537
661 1024 0.7106401920318604 20.97173500061035 357
662 1024 0.7135999798774719 20.965885162353516 434
663 1024 0.713679850101471 20.941835403442383 746
664 1024 0.7129999399185181 20.920944213867188 427
665 1024 0.7117599248886108 20.86109733581543 229
666 1024 0.7123401761054993 20.854652404785156 274
667 1024 0.7127100229263306 20.848560333251953 73
668 1024 0.7142001986503601 20.803550720214844 269
669 1024 0.7083901166915894 20.769176483154297 863
670 1024 0.7089402079582214 20.660839080810547 579
671 1024 0.7104100584983826 20.65410804748535 189
672 1024 0.7080798745155334 20.64795684814453 601
673 1024 0.7121199369430542 20.619638442993164 187
674 1024 0.7092399597167969 20.530460357666016 897
675 1024 0.7077400088310242 20.5257568359375 701
676 1024 0.7096102237701416 20.464080810546875 558
677 1024 0.7098099589347839 20.367366790771484 32
678 1024 0.7070101499557495 20.343013763427734 128
679 1024 0.7125300168991089 20.32494354248047 540
680 1024 0.7095499038696289 20.3012752532959 131
681 1024 0.7027899622917175 20.276931762695312 770
682 1024 0.7087099552154541 20.239627838134766 816
683 1024 0.7125400900840759 20.17618179321289 832
684 1024 0.7089899182319641 20.150136947631836 496
685 1024 0.7068002820014954 20.13922882080078 292
686 1024 0.7100300192832947 20.123241424560547 898
687 1024 0.7105400562286377 20.113849639892578 885
688 1024 0.707839846611023 20.10360336303711 1012
689 1024 0.7106299996376038 20.095561981201172 493
690 1024 0.7053502202033997 20.07261848449707 525
691 1024 0.7089300155639648 20.065176010131836 673
692 1024 0.7090699672698975 20.031587600708008 289
693 1024 0.7117200493812561 20.02773666381836 636
694 1024 0.7104901671409607 19.934284210205078 81
695 1024 0.7082902193069458 19.90814208984375 657
696 1024 0.705310046672821 19.892221450805664 478
697 1024 0.7091501355171204 19.88440704345703 677
698 1024 0.7070299983024597 19.88227653503418 227
699 1024 0.7099102139472961 19.81985855102539 565
700 1024 0.7051800489425659 19.775827407836914 840
701 1024 0.7041299939155579 19.752578735351562 192
702 1024 0.7041999697685242 19.74555015563965 887
703 1024 0.7043500542640686 19.716699600219727 422
704 1024 0.7078700065612793 19.700214385986328 401
705 1024 0.7055500745773315 19.689077377319336 317
706 1024 0.7116899490356445 19.659088134765625 991
707 1024 0.7067599296569824 19.652637481689453 366
708 1024 0.7089700698852539 19.651142120361328 291
709 1024 0.7054700255393982 19.631591796875 252
710 1024 0.7083600163459778 19.610231399536133 620
711 1024 0.7019400596618652 19.590606689453125 423
712 1024 0.7092301249504089 19.56456184387207 509
713 1024 0.7052600979804993 19.548906326293945 413
714 1024 0.7079699635505676 19.512908935546875 751
715 1024 0.7075101137161255 19.49787712097168 206
716 1024 0.7046699523925781 19.46309471130371 384
717 1024 0.7033899426460266 19.43961524963379 905
718 1024 0.7037299871444702 19.433948516845703 861
719 1024 0.7080200910568237 19.433074951171875 763
720 1024 0.7015201449394226 19.411705017089844 233
721 1024 0.7058498859405518 19.4044246673584 443
722 1024 0.7045098543167114 19.364946365356445 716
723 1024 0.701309859752655 19.35544204711914 1010
724 1024 0.7066700458526611 19.320331573486328 709
725 1024 0.7023501396179199 19.29411506652832 532
726 1024 0.7050999999046326 19.265560150146484 103
727 1024 0.7043400406837463 19.206924438476562 626
728 1024 0.7023401260375977 19.165494918823242 474
729 1024 0.7048702836036682 19.141000747680664 1006
730 1024 0.705319881439209 19.13907241821289 701
731 1024 0.7019000053405762 19.11964988708496 337
732 1024 0.7026001811027527 19.10456085205078 636
733 1024 0.7035801410675049 19.10112190246582 21
734 1024 0.7056801319122314 19.086997985839844 278
735 1024 0.7063801288604736 19.04153060913086 386
736 1024 0.7033300399780273 18.99362564086914 105
737 1024 0.7035900950431824 18.972780227661133 325
738 1024 0.701779842376709 18.967544555664062 818
739 1024 0.7032901644706726 18.958351135253906 134
740 1024 0.7000001072883606 18.91437530517578 841
741 1024 0.7031300067901611 18.90896987915039 459
742 1024 0.7004901170730591 18.907499313354492 840
743 1024 0.7042100429534912 18.860340118408203 142
744 1024 0.7050400972366333 18.856300354003906 447
745 1024 0.7044000625610352 18.85009765625 310
746 1024 0.7041199803352356 18.82352066040039 972
747 1024 0.701710045337677 18.729793548583984 680
748 1024 0.6992400884628296 18.72722625732422 415
749 1024 0.7023200988769531 18.707950592041016 120
750 1024 0.7007399797439575 18.70519256591797 323
751 1024 0.6994398832321167 18.594423294067383 782
752 1024 0.7014999985694885 18.588289260864258 170
753 1024 0.6996300220489502 18.566707611083984 540
754 1024 0.70166015625 18.555084228515625 461
755 1024 0.7020600438117981 18.429201126098633 276
756 1024 0.7026401162147522 18.40581512451172 786
757 1024 0.6980599761009216 18.29136085510254 477
758 1024 0.6955899596214294 18.281951904296875 314
759 1024 0.7032599449157715 18.281295776367188 214
760 1024 0.6983001828193665 18.223186492919922 294
761 1024 0.6975501179695129 18.17513084411621 747
762 1024 0.6989200711250305 18.166664123535156 725
763 1024 0.6956400275230408 18.093568801879883 586
764 1024 0.6986400485038757 18.041568756103516 188
765 1024 0.702180027961731 18.008686065673828 894
766 1024 0.6991201043128967 18.003705978393555 518
767 1024 0.6969299912452698 18.000581741333008 488
768 1024 0.6992000341415405 17.971519470214844 781
769 1024 0.6999800801277161 17.970895767211914 584
770 1024 0.7008700966835022 17.96856689453125 398
771 1024 0.7009400725364685 17.95693588256836 125
772 1024 0.692300021648407 17.876651763916016 159
773 1024 0.6939300894737244 17.853139877319336 1010
774 1024 0.6930199265480042 17.838939666748047 917
775 1024 0.6947199106216431 17.82748031616211 850
776 1024 0.6973499059677124 17.82245635986328 340
777 1024 0.69840008020401 17.811416625976562 731
778 1024 0.7008398175239563 17.807025909423828 59
779 1024 0.6951701045036316 17.800718307495117 429
780 1024 0.6966100931167603 17.786300659179688 332
781 1024 0.6945398449897766 17.75193977355957 989
782 1024 0.6966201663017273 17.7071533203125 903
783 1024 0.6995401382446289 17.706159591674805 806
784 1024 0.6968501806259155 17.656192779541016 114
785 1024 0.6926299929618835 17.645484924316406 31
786 1024 0.6996000409126282 17.64344024658203 9
787 1024 0.6955101490020752 17.640409469604492 830
788 1024 0.6952900290489197 17.618921279907227 786
789 1024 0.6947100758552551 17.5963134765625 996
790 1024 0.6968899369239807 17.592126846313477 229
791 1024 0.6929999589920044 17.591554641723633 692
792 1024 0.6935000419616699 17.58700180053711 92
793 1024 0.6960901618003845 17.53080940246582 690
794 1024 0.6959400177001953 17.49333381652832 733
795 1024 0.6966100335121155 17.474822998046875 9
796 1024 0.6939400434494019 17.419157028198242 1003
797 1024 0.6956998109817505 17.384300231933594 555
798 1024 0.6977800726890564 17.35231590270996 677
799 1024 0.6930902004241943 17.33428192138672 48
800 1024 0.6957001090049744 17.31586456298828 294
801 1024 0.6938199996948242 17.293161392211914 1000
802 1024 0.6951602101325989 17.266651153564453 683
803 1024 0.6939601898193359 17.237079620361328 906
804 1024 0.6922499537467957 17.215133666992188 885
805 1024 0.6929399967193604 17.097454071044922 91
806 1024 0.6920300722122192 17.089508056640625 1016
807 1024 0.6952199935913086 17.08573341369629 998
808 1024 0.6931899785995483 17.048669815063477 226
809 1024 0.6919500827789307 17.043659210205078 777
810 1024 0.6887100338935852 17.007705688476562 665
811 1024 0.6920000910758972 16.996999740600586 925
812 1024 0.6966500878334045 16.992107391357422 530
813 1024 0.6902098655700684 16.97583770751953 695
814 1024 0.6938800811767578 16.92979621887207 104
815 1024 0.6890599727630615 16.915067672729492 614
816 1024 0.6929601430892944 16.864717483520508 173
817 1024 0.6913799047470093 16.838041305541992 467
818 1024 0.6921501159667969 16.81801414489746 17
819 1024 0.6881501078605652 16.7738037109375 912
820 1024 0.6903901696205139 16.748313903808594 330
821 1024 0.6903002858161926 16.737117767333984 902
822 1024 0.6939000487327576 16.727397918701172 633
823 1024 0.6914600729942322 16.707191467285156 329
824 1024 0.6900802254676819 16.70543098449707 426
825 1024 0.6895300149917603 16.663143157958984 414
826 1024 0.6883301138877869 16.659740447998047 294
827 1024 0.6908901333808899 16.62244987487793 1003
828 1024 0.6875099539756775 16.621484756469727 216
829 1024 0.6915701031684875 16.602880477905273 151
830 1024 0.6897701025009155 16.55755615234375 751
831 1024 0.6913501024246216 16.522127151489258 953
832 1024 0.690990149974823 16.517383575439453 87
833 1024 0.688770055770874 16.50422477722168 361
834 1024 0.686319887638092 16.486709594726562 937
835 1024 0.6885899901390076 16.474136352539062 854
836 1024 0.6879501342773438 16.46072006225586 388
837 1024 0.6897200345993042 16.43987274169922 986
838 1024 0.6856400370597839 16.375507354736328 384
839 1024 0.6855102181434631 16.3233585357666 21
840 1024 0.6918901205062866 16.279178619384766 263
841 1024 0.6853700280189514 16.271780014038086 477
842 1024 0.6887800693511963 16.266124725341797 1
843 1024 0.6891101002693176 16.250638961791992 346
844 1024 0.6888100504875183 16.22702407836914 380
845 1024 0.6852999925613403 16.22566795349121 794
846 1024 0.6862600445747375 16.19623565673828 738
847 1024 0.6832897663116455 16.176467895507812 68
848 1024 0.6838499307632446 16.160173416137695 117
849 1024 0.6893699765205383 16.155088424682617 219
850 1024 0.6841700673103333 16.130725860595703 219
851 1024 0.6881300806999207 16.08590316772461 104
852 1024 0.6891902089118958 16.05670928955078 576
853 1024 0.6828801035881042 16.047719955444336 362
854 1024 0.6850401163101196 16.030902862548828 221
855 1024 0.6860300302505493 16.022552490234375 154
856 1024 0.6844199895858765 15.992525100708008 626
857 1024 0.6852400302886963 15.969682693481445 987
858 1024 0.6812399625778198 15.955997467041016 176
859 1024 0.6882001161575317 15.953570365905762 671
860 1024 0.6842101216316223 15.923612594604492 221
861 1024 0.6865799427032471 15.896038055419922 370
862 1024 0.6821901798248291 15.87517261505127 180
863 1024 0.6850099563598633 15.846443176269531 706
864 1024 0.6836400628089905 15.845029830932617 199
865 1024 0.6831799149513245 15.809560775756836 728
866 1024 0.6811100840568542 15.801103591918945 974
867 1024 0.6831199526786804 15.796754837036133 654
868 1024 0.6836298704147339 15.761201858520508 573
869 1024 0.6891201138496399 15.73826789855957 588
870 1024 0.6823000907897949 15.720216751098633 111
871 1024 0.680419921875 15.714286804199219 897
872 1024 0.6855899691581726 15.667957305908203 959
873 1024 0.6830799579620361 15.621219635009766 585
874 1024 0.6837500333786011 15.58710765838623 71
875 1024 0.6844300031661987 15.584962844848633 101
876 1024 0.6817001104354858 15.568132400512695 186
877 1024 0.6826800107955933 15.530839920043945 82
878 1024 0.6838300824165344 15.53034782409668 304
879 1024 0.682379961013794 15.495443344116211 538
880 1024 0.6792199015617371 15.49431037902832 469
881 1024 0.6815500259399414 15.48340129852295 145
882 1024 0.6824901700019836 15.455409049987793 718
883 1024 0.6822901964187622 15.37548828125 640
884 1024 0.6817201375961304 15.322148323059082 391
885 1024 0.67985999584198 15.297405242919922 998
886 1024 0.6832197904586792 15.288650512695312 208
887 1024 0.6813499927520752 15.284713745117188 809
888 1024 0.6831100583076477 15.275655746459961 761
889 1024 0.676539957523346 15.268671035766602 707
890 1024 0.6804298758506775 15.237518310546875 931
891 1024 0.678119957447052 15.225448608398438 220
892 1024 0.677609920501709 15.22096061706543 981
893 1024 0.6794499754905701 15.14253044128418 578
894 1024 0.6792400479316711 15.08386516571045 421
895 1024 0.6802700757980347 15.077347755432129 730
896 1024 0.6772400736808777 15.043754577636719 452
897 1024 0.675849974155426 15.02241325378418 760
898 1024 0.6814100742340088 14.987445831298828 253
899 1024 0.6756300926208496 14.975561141967773 8
900 1024 0.6774200797080994 14.952718734741211 190
901 1024 0.6776701211929321 14.89549446105957 973
902 1024 0.6800899505615234 14.882131576538086 950
903 1024 0.6744799613952637 14.852534294128418 237
904 1024 0.6781001091003418 14.838738441467285 112
905 1024 0.6797200441360474 14.83223819732666 734
906 1024 0.6768801212310791 14.827122688293457 399
907 1024 0.6751399040222168 14.8148193359375 84
908 1024 0.678810179233551 14.791671752929688 563
909 1024 0.6736199855804443 14.779230117797852 133
910 1024 0.6735299825668335 14.774685859680176 205
911 1024 0.6762099266052246 14.768277168273926 187
912 1024 0.6761900186538696 14.680452346801758 493
913 1024 0.6737601161003113 14.678787231445312 224
914 1024 0.6744300127029419 14.675517082214355 114
915 1024 0.6746300458908081 14.653858184814453 1001
916 1024 0.6746298670768738 14.6522798538208 846
917 1024 0.6783700585365295 14.633869171142578 800
918 1024 0.6770300269126892 14.632556915283203 705
919 1024 0.6725499033927917 14.624492645263672 563
920 1024 0.6740400791168213 14.61981201171875 987
921 1024 0.6741000413894653 14.60826587677002 989
922 1024 0.6766499876976013 14.58966064453125 1017
923 1024 0.6737000942230225 14.562003135681152 785
924 1024 0.6748999357223511 14.542024612426758 723
925 1024 0.6757000684738159 14.541704177856445 285
926 1024 0.6767200231552124 14.522123336791992 571
927 1024 0.6735698580741882 14.506304740905762 991
928 1024 0.6745200753211975 14.50514030456543 999
929 1024 0.6738499402999878 14.44057559967041 455
930 1024 0.6711100339889526 14.422362327575684 436
931 1024 0.6740500330924988 14.40493392944336 583
932 1024 0.6738300919532776 14.399725914001465 522
933 1024 0.6745898127555847 14.395727157592773 197
934 1024 0.6716300249099731 14.381936073303223 309
935 1024 0.673229992389679 14.36522102355957 988
936 1024 0.6703099012374878 14.357608795166016 758
937 1024 0.6712000370025635 14.340869903564453 97
938 1024 0.6738200187683105 14.319961547851562 435
939 1024 0.6723299026489258 14.306848526000977 965
940 1024 0.6698099374771118 14.277008056640625 671
941 1024 0.6718798875808716 14.275995254516602 292
942 1024 0.6763399243354797 14.263614654541016 296
943 1024 0.6726698875427246 14.245027542114258 167
944 1024 0.6698799729347229 14.225564956665039 623
945 1024 0.6683599948883057 14.199162483215332 348
946 1024 0.668969988822937 14.174972534179688 439
947 1024 0.6723799705505371 14.166370391845703 523
948 1024 0.6688600182533264 14.155197143554688 510
949 1024 0.6726499795913696 14.141332626342773 67
950 1024 0.6737799644470215 14.125022888183594 707
951 1024 0.6707899570465088 14.116607666015625 72
952 1024 0.6696498990058899 14.105269432067871 309
953 1024 0.6713297367095947 14.104897499084473 527
954 1024 0.6727999448776245 14.07901382446289 72
955 1024 0.6713998317718506 14.073025703430176 517
956 1024 0.6716399192810059 14.072270393371582 677
957 1024 0.6716699004173279 14.05591106414795 662
958 1024 0.6695101857185364 14.050525665283203 300
959 1024 0.6684200763702393 14.036988258361816 519
960 1024 0.6712101101875305 14.019842147827148 241
961 1024 0.673009991645813 13.985006332397461 359
962 1024 0.6660600900650024 13.980138778686523 111
963 1024 0.670009970664978 13.979904174804688 955
964 1024 0.6705499291419983 13.975298881530762 135
965 1024 0.6712900996208191 13.975021362304688 493
966 1024 0.6688399314880371 13.969748497009277 531
967 1024 0.671769917011261 13.958539009094238 678
968 1024 0.6706001162528992 13.957633972167969 113
969 1024 0.6675898432731628 13.951266288757324 910
970 1024 0.667449951171875 13.938506126403809 70
971 1024 0.6695000529289246 13.864182472229004 1014
972 1024 0.6691199541091919 13.852754592895508 413
973 1024 0.668799877166748 13.844284057617188 897
974 1024 0.6699999570846558 13.832752227783203 505
975 1024 0.6729701161384583 13.831148147583008 737
976 1024 0.6697600483894348 13.817302703857422 51
977 1024 0.6668000817298889 13.799755096435547 815
978 1024 0.671029806137085 13.752874374389648 29
979 1024 0.6640700101852417 13.742880821228027 259
980 1024 0.6672499775886536 13.71249008178711 376
981 1024 0.6645500063896179 13.67349624633789 233
982 1024 0.6679601073265076 13.666603088378906 392
983 1024 0.666390061378479 13.609140396118164 419
984 1024 0.664199948310852 13.55998706817627 676
985 1024 0.6651699542999268 13.543346405029297 281
986 1024 0.6653598546981812 13.538759231567383 303
987 1024 0.6643101572990417 13.533439636230469 857
988 1024 0.6636999249458313 13.519290924072266 886
989 1024 0.6642900109291077 13.492186546325684 356
990 1024 0.6653801798820496 13.458610534667969 267
991 1024 0.662839949131012 13.434162139892578 385
992 1024 0.6672897934913635 13.398296356201172 80
993 1024 0.6618399024009705 13.379850387573242 186
994 1024 0.6647299528121948 13.357126235961914 129
995 1024 0.6686298847198486 13.35566520690918 812
996 1024 0.6645099520683289 13.336660385131836 514
997 1024 0.6622298955917358 13.334762573242188 469
998 1024 0.6598399877548218 13.27943229675293 246
999 1024 0.6649098992347717 13.25672721862793 485
1000 1024 0.6622301340103149 13.20651912689209 130
1001 1024 0.6653198599815369 13.192048072814941 1010
1002 1024 0.6621399521827698 13.188289642333984 886
1003 1024 0.6637998819351196 13.186077117919922 589
1004 1024 0.6616600155830383 13.172318458557129 849
1005 1024 0.6602900624275208 13.142498016357422 398
1006 1024 0.6665499806404114 13.087457656860352 304
1007 1024 0.6619398593902588 13.072132110595703 44
1008 1024 0.6643499732017517 13.047709465026855 370
1009 1024 0.6651700735092163 13.04287338256836 71
1010 1024 0.661579966545105 13.023199081420898 303
1011 1024 0.6588598489761353 13.016098022460938 542
1012 1024 0.661129891872406 13.014732360839844 172
1013 1024 0.6576400399208069 13.000511169433594 795
1014 1024 0.6564299464225769 12.981471061706543 986
1015 1024 0.6609198451042175 12.971792221069336 223
1016 1024 0.6598799824714661 12.95892333984375 330
1017 1024 0.6596598029136658 12.947433471679688 631
1018 1024 0.6612199544906616 12.941194534301758 443
1019 1024 0.6557799577713013 12.940237045288086 737
1020 1024 0.6618099808692932 12.940116882324219 882
1021 1024 0.6624100208282471 12.920170783996582 440
1022 1024 0.6595399379730225 12.917440414428711 134
1023 1024 0.6579000949859619 12.897941589355469 773
1024 1024 0.6611600518226624 12.878877639770508 792
1025 1024 0.6604998707771301 12.877388000488281 703
1026 1024 0.6593899130821228 12.871292114257812 148
1027 1024 0.6603800058364868 12.836536407470703 643
1028 1024 0.6599898934364319 12.835155487060547 556
1029 1024 0.658840000629425 12.834214210510254 221
1030 1024 0.6608899831771851 12.830093383789062 556
1031 1024 0.6590900421142578 12.804590225219727 24
1032 1024 0.6634297966957092 12.802328109741211 753
1033 1024 0.663459837436676 12.792160034179688 46
1034 1024 0.6568400263786316 12.750190734863281 505
1035 1024 0.6578601002693176 12.743834495544434 526
1036 1024 0.6582399606704712 12.701462745666504 366
1037 1024 0.6593701243400574 12.7005615234375 506
1038 1024 0.6594799160957336 12.675393104553223 679
1039 1024 0.6580599546432495 12.654342651367188 487
1040 1024 0.6593001484870911 12.64793872833252 6
1041 1024 0.6579999923706055 12.647371292114258 680
1042 1024 0.6591500043869019 12.646476745605469 417
1043 1024 0.6603198051452637 12.646371841430664 931
1044 1024 0.6555498242378235 12.63076114654541 655
1045 1024 0.6530200242996216 12.607598304748535 806
1046 1024 0.6573201417922974 12.591876983642578 454
1047 1024 0.6554099321365356 12.591072082519531 340
1048 1024 0.6571301817893982 12.579131126403809 459
1049 1024 0.6588200330734253 12.565603256225586 644
1050 1024 0.657529890537262 12.534856796264648 707
1051 1024 0.6549299955368042 12.495349884033203 53
1052 1024 0.6563500165939331 12.495068550109863 977
1053 1024 0.6565098166465759 12.489906311035156 781
1054 1024 0.656239926815033 12.458959579467773 227
1055 1024 0.6592500805854797 12.457051277160645 517
1056 1024 0.6540798544883728 12.448623657226562 254
1057 1024 0.6596600413322449 12.4329833984375 391
1058 1024 0.652970016002655 12.423189163208008 294
1059 1024 0.6566999554634094 12.405969619750977 179
1060 1024 0.6602001190185547 12.404455184936523 261
1061 1024 0.6539598703384399 12.378252029418945 227
1062 1024 0.6571799516677856 12.353376388549805 391
1063 1024 0.6567599177360535 12.34756851196289 58
1064 1024 0.6588999032974243 12.346306800842285 452
1065 1024 0.6533100605010986 12.33907699584961 697
1066 1024 0.6530399322509766 12.32892894744873 374
1067 1024 0.6548097729682922 12.313150405883789 768
1068 1024 0.6574797034263611 12.277458190917969 693
1069 1024 0.6559200286865234 12.248945236206055 80
1070 1024 0.6531800031661987 12.248233795166016 421
1071 1024 0.6531800031661987 12.236076354980469 395
1072 1024 0.654170036315918 12.229021072387695 578
1073 1024 0.6536999344825745 12.215452194213867 58
1074 1024 0.6510300040245056 12.211466789245605 130
1075 1024 0.6550699472427368 12.206632614135742 579
1076 1024 0.6512399315834045 12.172574996948242 173
1077 1024 0.6535700559616089 12.158079147338867 581
1078 1024 0.6514901518821716 12.150286674499512 694
1079 1024 0.6527197360992432 12.149256706237793 786
1080 1024 0.6525900363922119 12.146249771118164 682
1081 1024 0.6549999117851257 12.131953239440918 978
1082 1024 0.6506198644638062 12.12949275970459 86
1083 1024 0.653439998626709 12.111810684204102 340
1084 1024 0.6505800485610962 12.060297012329102 337
1085 1024 0.6530798077583313 12.05372142791748 671
1086 1024 0.6543200016021729 12.032349586486816 593
1087 1024 0.6525900363922119 12.02929973602295 54
1088 1024 0.6526299118995667 12.025583267211914 722
1089 1024 0.6507999897003174 11.964459419250488 115
1090 1024 0.6501299738883972 11.953503608703613 220
1091 1024 0.6521099209785461 11.941789627075195 378
1092 1024 0.6492899656295776 11.93549919128418 249
1093 1024 0.6522301435470581 11.927681922912598 490
1094 1024 0.649399995803833 11.923040390014648 844
1095 1024 0.6561499834060669 11.884143829345703 851
1096 1024 0.6524301767349243 11.880705833435059 452
1097 1024 0.6467501521110535 11.85906982421875 88
1098 1024 0.6492998600006104 11.85389518737793 415
1099 1024 0.6501299142837524 11.852866172790527 220
1100 1024 0.6489800214767456 11.836221694946289 791
1101 1024 0.6492897868156433 11.825582504272461 149
1102 1024 0.6473798751831055 11.775857925415039 150
1103 1024 0.6504397988319397 11.757423400878906 903
1104 1024 0.6464599370956421 11.719154357910156 361
1105 1024 0.6497299671173096 11.711621284484863 635
1106 1024 0.6489599347114563 11.703207015991211 242
1107 1024 0.6519100069999695 11.685844421386719 251
1108 1024 0.6501399874687195 11.685365676879883 636
1109 1024 0.6498798727989197 11.65690803527832 458
1110 1024 0.6494399309158325 11.647933006286621 836
1111 1024 0.6510398983955383 11.646064758300781 984
1112 1024 0.6475600004196167 11.636550903320312 407
1113 1024 0.6482998728752136 11.582889556884766 530
1114 1024 0.6484899520874023 11.57036304473877 134
1115 1024 0.6425098776817322 11.568265914916992 954
1116 1024 0.6476797461509705 11.552873611450195 46
1117 1024 0.6433798670768738 11.548721313476562 454
1118 1024 0.6426599025726318 11.547308921813965 42
1119 1024 0.6450901627540588 11.494061470031738 106
1120 1024 0.645129919052124 11.482466697692871 746
1121 1024 0.6461200714111328 11.44525146484375 945
1122 1024 0.6446200609207153 11.444833755493164 837
1123 1024 0.6478300094604492 11.420381546020508 301
1124 1024 0.6446999311447144 11.400263786315918 724
1125 1024 0.6449399590492249 11.360114097595215 206
1126 1024 0.6469801664352417 11.342449188232422 566
1127 1024 0.6424199342727661 11.340713500976562 310
1128 1024 0.6455801129341125 11.330827713012695 501
1129 1024 0.6422799825668335 11.318416595458984 679
1130 1024 0.6420798897743225 11.317475318908691 265
1131 1024 0.6386799216270447 11.291423797607422 733
1132 1024 0.6413599848747253 11.289494514465332 529
1133 1024 0.6429100632667542 11.28611946105957 538
1134 1024 0.6439200639724731 11.255249977111816 376
1135 1024 0.6430600881576538 11.25196361541748 271
1136 1024 0.6423799991607666 11.233590126037598 104
1137 1024 0.6425299048423767 11.218356132507324 336
1138 1024 0.6457699537277222 11.21781063079834 909
1139 1024 0.6406100392341614 11.216031074523926 151
1140 1024 0.6428099870681763 11.197580337524414 287
1141 1024 0.6395599842071533 11.19124984741211 640
1142 1024 0.6424199342727661 11.175335884094238 160
1143 1024 0.6432099938392639 11.155223846435547 249
1144 1024 0.6413699984550476 11.138193130493164 543
1145 1024 0.6406999826431274 11.12015438079834 835
1146 1024 0.6416200995445251 11.092885971069336 480
1147 1024 0.6437200307846069 11.071365356445312 748
1148 1024 0.640980064868927 11.015913009643555 847
1149 1024 0.6407200694084167 11.01540756225586 364
1150 1024 0.6383700370788574 11.013433456420898 236
1151 1024 0.6410899758338928 11.005857467651367 889
1152 1024 0.64329993724823 10.996358871459961 88
1153 1024 0.6367599964141846 10.980142593383789 324
1154 1024 0.6372900009155273 10.95903205871582 312
1155 1024 0.6400699615478516 10.934834480285645 513
1156 1024 0.6369200348854065 10.913675308227539 535
1157 1024 0.637939989566803 10.906135559082031 903
1158 1024 0.6383000612258911 10.88525676727295 515
1159 1024 0.6430299878120422 10.878497123718262 976
1160 1024 0.6382500529289246 10.852533340454102 360
1161 1024 0.6404498815536499 10.849902153015137 807
1162 1024 0.6405399441719055 10.837968826293945 660
1163 1024 0.6388000249862671 10.815625190734863 199
1164 1024 0.6397799253463745 10.807472229003906 833
1165 1024 0.6414899826049805 10.788986206054688 23
1166 1024 0.6371199488639832 10.77389144897461 416
1167 1024 0.6387699842453003 10.740941047668457 494
1168 1024 0.6369100213050842 10.718420028686523 846
1169 1024 0.6323498487472534 10.709880828857422 113
1170 1024 0.6355500817298889 10.651899337768555 610
1171 1024 0.6362300515174866 10.650129318237305 405
1172 1024 0.6411399841308594 10.643742561340332 30
1173 1024 0.636169970035553 10.642221450805664 799
1174 1024 0.6368299722671509 10.612125396728516 1014
1175 1024 0.6347999572753906 10.598017692565918 729
1176 1024 0.6317300796508789 10.596488952636719 271
1177 1024 0.633650004863739 10.58224105834961 448
1178 1024 0.6321499347686768 10.52873420715332 800
1179 1024 0.6326000094413757 10.5203275680542 825
1180 1024 0.6317300200462341 10.509467124938965 65
1181 1024 0.6311900019645691 10.500808715820312 825
1182 1024 0.6328100562095642 10.497442245483398 539
1183 1024 0.6368199586868286 10.494868278503418 905
1184 1024 0.6327099800109863 10.487871170043945 468
1185 1024 0.6346499919891357 10.484432220458984 956
1186 1024 0.638799786567688 10.480958938598633 988
1187 1024 0.6343499422073364 10.477294921875 268
1188 1024 0.6349499225616455 10.465154647827148 494
1189 1024 0.6371598839759827 10.459415435791016 270
1190 1024 0.6340500712394714 10.457756996154785 39
1191 1024 0.6320799589157104 10.44521427154541 93
1192 1024 0.6342898607254028 10.444671630859375 827
1193 1024 0.634619951248169 10.439695358276367 205
1194 1024 0.6337300539016724 10.429969787597656 221
1195 1024 0.6303398609161377 10.4254732131958 644
1196 1024 0.6313599348068237 10.424040794372559 160
1197 1024 0.6301199793815613 10.419147491455078 523
1198 1024 0.6342198252677917 10.417357444763184 669
1199 1024 0.6318601369857788 10.416479110717773 339
1200 1024 0.6298599243164062 10.409575462341309 900
1201 1024 0.6312698125839233 10.394688606262207 476
1202 1024 0.6358399987220764 10.394294738769531 594
1203 1024 0.6334801316261292 10.384358406066895 466
1204 1024 0.6308300495147705 10.376077651977539 615
1205 1024 0.6320200562477112 10.373202323913574 882
1206 1024 0.635719895362854 10.340112686157227 198
1207 1024 0.6313400268554688 10.333250045776367 452
1208 1024 0.634850025177002 10.323175430297852 760
1209 1024 0.6314002275466919 10.30299186706543 964
1210 1024 0.6355499625205994 10.28771686553955 633
1211 1024 0.6300999522209167 10.26515007019043 964
1212 1024 0.6301798224449158 10.228164672851562 155
1213 1024 0.6307698488235474 10.222747802734375 251
1214 1024 0.6306999325752258 10.2139892578125 262
1215 1024 0.6338699460029602 10.206981658935547 936
1216 1024 0.6301401853561401 10.206743240356445 398
1217 1024 0.6279399991035461 10.197437286376953 184
1218 1024 0.6264399290084839 10.183086395263672 437
1219 1024 0.6325098872184753 10.16706657409668 432
1220 1024 0.6282599568367004 10.166054725646973 901
1221 1024 0.6276599764823914 10.146533966064453 330
1222 1024 0.6258100271224976 10.130974769592285 284
1223 1024 0.6294100284576416 10.128462791442871 537
1224 1024 0.6294001340866089 10.07740592956543 1003
1225 1024 0.6272999048233032 10.072124481201172 444
1226 1024 0.622739851474762 10.062140464782715 957
1227 1024 0.6279698610305786 10.058797836303711 229
1228 1024 0.6287400126457214 10.049722671508789 221
1229 1024 0.6276901364326477 10.044188499450684 753
1230 1024 0.6288999319076538 10.037649154663086 697
1231 1024 0.6302899122238159 10.017465591430664 469
1232 1024 0.6318300366401672 9.991337776184082 762
1233 1024 0.6248400211334229 9.962071418762207 745
1234 1024 0.6258700489997864 9.957348823547363 953
1235 1024 0.6248501539230347 9.95716667175293 340
1236 1024 0.6259000301361084 9.945993423461914 959
1237 1024 0.6264100670814514 9.937337875366211 985
1238 1024 0.6277899742126465 9.937105178833008 980
1239 1024 0.6262099146842957 9.93185043334961 773
1240 1024 0.6249800324440002 9.920448303222656 139
1241 1024 0.627109944820404 9.920113563537598 980
1242 1024 0.6248700618743896 9.906082153320312 747
1243 1024 0.6266199946403503 9.905357360839844 541
1244 1024 0.6223099231719971 9.900650978088379 360
1245 1024 0.625950038433075 9.885026931762695 352
1246 1024 0.62295001745224 9.865731239318848 186
1247 1024 0.6230701208114624 9.859716415405273 860
1248 1024 0.6290000081062317 9.852664947509766 785
1249 1024 0.6260698437690735 9.810072898864746 883
1250 1024 0.6250999569892883 9.805930137634277 594
1251 1024 0.6267901659011841 9.780648231506348 81
1252 1024 0.6230100393295288 9.77422046661377 261
1253 1024 0.6272199749946594 9.768121719360352 125
1254 1024 0.622640073299408 9.763415336608887 746
1255 1024 0.6235499978065491 9.761805534362793 871
1256 1024 0.6249099969863892 9.758590698242188 435
1257 1024 0.6234999299049377 9.757568359375 442
1258 1024 0.6251899003982544 9.748353958129883 257
1259 1024 0.6265999674797058 9.74771499633789 854
1260 1024 0.6239899396896362 9.746116638183594 473
1261 1024 0.6276299357414246 9.742873191833496 329
1262 1024 0.6225600242614746 9.730616569519043 469
1263 1024 0.6276999711990356 9.717256546020508 654
1264 1024 0.6271098852157593 9.70716667175293 768
1265 1024 0.6226499676704407 9.692497253417969 332
1266 1024 0.6192900538444519 9.692011833190918 626
1267 1024 0.6209400296211243 9.684846878051758 716
1268 1024 0.6247900724411011 9.682558059692383 919
1269 1024 0.6247700452804565 9.67263126373291 501
1270 1024 0.6226499676704407 9.672017097473145 919
1271 1024 0.6228299736976624 9.666021347045898 551
1272 1024 0.6199700236320496 9.664730072021484 266
1273 1024 0.6203900575637817 9.655454635620117 787
1274 1024 0.6204599738121033 9.641508102416992 695
1275 1024 0.6215599179267883 9.62398910522461 142
1276 1024 0.6228600144386292 9.607038497924805 243
1277 1024 0.6186099648475647 9.606246948242188 950
1278 1024 0.6193699240684509 9.605317115783691 985
1279 1024 0.6197299361228943 9.5899076461792 1016
1280 1024 0.6172800064086914 9.57775592803955 604
1281 1024 0.6264399886131287 9.574766159057617 287
1282 1024 0.6236500144004822 9.553873062133789 395
1283 1024 0.6203101873397827 9.53900146484375 875
1284 1024 0.6238998770713806 9.534954071044922 267
1285 1024 0.6207200288772583 9.521745681762695 150
1286 1024 0.6234201192855835 9.512590408325195 518
1287 1024 0.6200999617576599 9.497886657714844 17
1288 1024 0.6189000010490417 9.489782333374023 41
1289 1024 0.6166700720787048 9.470821380615234 876
1290 1024 0.6180400848388672 9.45875072479248 812
1291 1024 0.61913001537323 9.440366744995117 828
1292 1024 0.6174800992012024 9.411849975585938 837
1293 1024 0.6213600039482117 9.407381057739258 345
1294 1024 0.6203299760818481 9.38669204711914 385
1295 1024 0.6195501089096069 9.375295639038086 99
1296 1024 0.6162701845169067 9.343276977539062 912
1297 1024 0.6198199987411499 9.318916320800781 139
1298 1024 0.6208900809288025 9.315545082092285 231
1299 1024 0.6178999543190002 9.299717903137207 967
1300 1024 0.613580048084259 9.274197578430176 915
1301 1024 0.6152101159095764 9.270286560058594 348
1302 1024 0.6163601279258728 9.254417419433594 632
1303 1024 0.6146700382232666 9.246014595031738 809
1304 1024 0.616569995880127 9.238393783569336 177
1305 1024 0.6130001544952393 9.223053932189941 797
1306 1024 0.6169001460075378 9.210488319396973 351
1307 1024 0.61670982837677 9.207971572875977 250
1308 1024 0.6140701174736023 9.207955360412598 311
1309 1024 0.6160199046134949 9.173208236694336 335
1310 1024 0.615210235118866 9.118867874145508 482
1311 1024 0.6152099370956421 9.082313537597656 862
1312 1024 0.6107099652290344 9.07745361328125 791
1313 1024 0.6161400675773621 9.069347381591797 877
1314 1024 0.6110900044441223 9.061305046081543 295
1315 1024 0.61503005027771 9.047122955322266 611
1316 1024 0.6099700927734375 9.031593322753906 185
1317 1024 0.6120301485061646 9.02872085571289 430
1318 1024 0.6104502081871033 9.007383346557617 766
1319 1024 0.6117199659347534 8.968805313110352 81
1320 1024 0.6070200204849243 8.94653034210205 846
1321 1024 0.6093899607658386 8.935358047485352 5
1322 1024 0.6113098859786987 8.93478775024414 982
1323 1024 0.6131599545478821 8.924792289733887 274
1324 1024 0.6109501719474792 8.922371864318848 827
1325 1024 0.6104699969291687 8.917686462402344 708
1326 1024 0.6116800904273987 8.913177490234375 87
1327 1024 0.6112999320030212 8.895906448364258 15
1328 1024 0.6107000708580017 8.886545181274414 302
1329 1024 0.6105299592018127 8.878840446472168 250
1330 1024 0.6136099100112915 8.85352897644043 611
1331 1024 0.6083000898361206 8.832685470581055 868
1332 1024 0.6076499819755554 8.824298858642578 168
1333 1024 0.60999995470047 8.793930053710938 974
1334 1024 0.6067401170730591 8.770875930786133 613
1335 1024 0.6068300604820251 8.7701416015625 334
1336 1024 0.6096400022506714 8.76474380493164 560
1337 1024 0.6076200604438782 8.759093284606934 354
1338 1024 0.6082899570465088 8.68465805053711 775
1339 1024 0.6032801270484924 8.683534622192383 619
1340 1024 0.6053500771522522 8.677400588989258 947
1341 1024 0.6032899022102356 8.674785614013672 52
1342 1024 0.6110498905181885 8.653669357299805 861
1343 1024 0.6052799820899963 8.642437934875488 952
1344 1024 0.6057600378990173 8.633842468261719 603
1345 1024 0.6062800884246826 8.623836517333984 384
1346 1024 0.6059901714324951 8.607192993164062 757
1347 1024 0.6019901037216187 8.544340133666992 1004
1348 1024 0.6035600900650024 8.537727355957031 864
1349 1024 0.60493004322052 8.535012245178223 586
1350 1024 0.6004499793052673 8.52076244354248 81
1351 1024 0.603870153427124 8.508060455322266 388
1352 1024 0.604620099067688 8.507485389709473 571
1353 1024 0.6043100357055664 8.506023406982422 740
1354 1024 0.6053600907325745 8.502927780151367 156
1355 1024 0.6054901480674744 8.501825332641602 200
1356 1024 0.6056200861930847 8.49344253540039 413
1357 1024 0.6067700982093811 8.48607063293457 984
1358 1024 0.6017299890518188 8.47512149810791 510
1359 1024 0.6016701459884644 8.455341339111328 965
1360 1024 0.6016200184822083 8.439440727233887 868
1361 1024 0.6026400327682495 8.419857025146484 571
1362 1024 0.5995199680328369 8.415863037109375 819
1363 1024 0.6016000509262085 8.406970977783203 1002
1364 1024 0.6014499664306641 8.406408309936523 794
1365 1024 0.605370044708252 8.387772560119629 1011
1366 1024 0.5992000699043274 8.373724937438965 675
1367 1024 0.60493004322052 8.37258529663086 156
1368 1024 0.6016300916671753 8.358092308044434 10
1369 1024 0.598810076713562 8.351860046386719 213
1370 1024 0.600560188293457 8.351850509643555 388
1371 1024 0.5982001423835754 8.342652320861816 956
1372 1024 0.599530041217804 8.337029457092285 385
1373 1024 0.599760115146637 8.333073616027832 486
1374 1024 0.6035100817680359 8.332639694213867 287
1375 1024 0.5996901392936707 8.317231178283691 891
1376 1024 0.6037400960922241 8.28489875793457 295
1377 1024 0.5985401272773743 8.269606590270996 233
1378 1024 0.5985600352287292 8.265958786010742 983
1379 1024 0.601300060749054 8.264949798583984 244
1380 1024 0.5963699817657471 8.25727653503418 47
1381 1024 0.5983201265335083 8.212462425231934 306
1382 1024 0.6000301241874695 8.212240219116211 372
1383 1024 0.5993101000785828 8.19790267944336 50
1384 1024 0.6006200909614563 8.192181587219238 348
1385 1024 0.5982601046562195 8.177355766296387 256
1386 1024 0.5969801545143127 8.169527053833008 851
1387 1024 0.5935500264167786 8.164140701293945 812
1388 1024 0.5958900451660156 8.163955688476562 92
1389 1024 0.595740020275116 8.110647201538086 450
1390 1024 0.5969299674034119 8.106544494628906 870
1391 1024 0.5952898859977722 8.101653099060059 943
1392 1024 0.595750093460083 8.087759017944336 839
1393 1024 0.5990700721740723 8.071468353271484 330
1394 1024 0.5959900617599487 8.066329956054688 129
1395 1024 0.5949701070785522 8.062421798706055 967
1396 1024 0.596519947052002 8.052152633666992 244
1397 1024 0.5929601192474365 8.022232055664062 975
1398 1024 0.5942500829696655 8.016287803649902 130
1399 1024 0.5974100232124329 8.014225959777832 295
1400 1024 0.5909300446510315 7.9970011711120605 762
1401 1024 0.5920999646186829 7.995907783508301 624
1402 1024 0.5939900279045105 7.993713855743408 117
1403 1024 0.5928400158882141 7.975156784057617 701
1404 1024 0.5892401933670044 7.96417236328125 97
1405 1024 0.5954300761222839 7.94199275970459 331
1406 1024 0.5903301239013672 7.9351301193237305 16
1407 1024 0.5951800346374512 7.929325103759766 693
1408 1024 0.5928300619125366 7.928197860717773 115
1409 1024 0.5968900322914124 7.917959213256836 276
1410 1024 0.591680109500885 7.91793155670166 209
1411 1024 0.5927299857139587 7.910449504852295 20
1412 1024 0.5933599472045898 7.883087158203125 610
1413 1024 0.5894801020622253 7.86859130859375 766
1414 1024 0.5908100605010986 7.853146076202393 175
1415 1024 0.5902100205421448 7.8298258781433105 1015
1416 1024 0.5903199911117554 7.815579414367676 709
1417 1024 0.5894999504089355 7.813343048095703 580
1418 1024 0.5914101004600525 7.805699348449707 959
1419 1024 0.5884000658988953 7.7847161293029785 990
1420 1024 0.5875601172447205 7.770298004150391 971
1421 1024 0.5895100831985474 7.747660160064697 514
1422 1024 0.5906099677085876 7.738019943237305 778
1423 1024 0.5902101993560791 7.712709903717041 326
1424 1024 0.5892601013183594 7.69465970993042 642
1425 1024 0.5884799957275391 7.682094097137451 410
1426 1024 0.5854600667953491 7.678796768188477 166
1427 1024 0.5858200192451477 7.632312297821045 741
1428 1024 0.5859501957893372 7.613011837005615 1002
1429 1024 0.5869800448417664 7.59519624710083 269
1430 1024 0.5852801203727722 7.591800212860107 581
1431 1024 0.5820300579071045 7.565066337585449 857
1432 1024 0.5848398804664612 7.562180519104004 891
1433 1024 0.5857600569725037 7.562077045440674 479
1434 1024 0.5853700637817383 7.469038963317871 1004
1435 1024 0.5809299945831299 7.460546493530273 687
1436 1024 0.5781800746917725 7.431667327880859 778
1437 1024 0.5791500210762024 7.428929328918457 697
1438 1024 0.5786399841308594 7.427533149719238 89
1439 1024 0.5815401077270508 7.420533657073975 62
1440 1024 0.5825600624084473 7.408048152923584 809
1441 1024 0.5790301561355591 7.400741100311279 379
1442 1024 0.5800300240516663 7.392921447753906 561
1443 1024 0.5824999213218689 7.388555526733398 499
1444 1024 0.5814599990844727 7.385930061340332 439
1445 1024 0.5826100707054138 7.377935886383057 868
1446 1024 0.5801001191139221 7.361701965332031 715
1447 1024 0.5840301513671875 7.360198020935059 514
1448 1024 0.5792500972747803 7.353625774383545 907
1449 1024 0.5805200934410095 7.349335670471191 800
1450 1024 0.5779901146888733 7.334551811218262 852
1451 1024 0.5807399749755859 7.3225507736206055 133
1452 1024 0.5823900699615479 7.321796894073486 203
1453 1024 0.5817200541496277 7.320023059844971 553
1454 1024 0.575980007648468 7.307388782501221 601
1455 1024 0.5788099765777588 7.290806770324707 4
1456 1024 0.5809299945831299 7.277016639709473 230
1457 1024 0.5809301137924194 7.272933483123779 74
1458 1024 0.5796300172805786 7.249944686889648 234
1459 1024 0.5760402083396912 7.247038841247559 510
1460 1024 0.576249897480011 7.238003253936768 812
1461 1024 0.5772101879119873 7.22125244140625 762
1462 1024 0.574400007724762 7.213598728179932 509
1463 1024 0.577440083026886 7.207282066345215 374
1464 1024 0.5781602263450623 7.202872276306152 390
1465 1024 0.5758200287818909 7.196880340576172 185
1466 1024 0.5754899978637695 7.191744804382324 433
1467 1024 0.5759402513504028 7.170899391174316 219
1468 1024 0.5744199752807617 7.147104263305664 12
1469 1024 0.5786103010177612 7.143446445465088 559
1470 1024 0.5779500603675842 7.132889270782471 987
1471 1024 0.5722401142120361 7.132651329040527 634
1472 1024 0.5734700560569763 7.118784427642822 22
1473 1024 0.5755401253700256 7.103063106536865 741
1474 1024 0.5739299058914185 7.100162506103516 885
1475 1024 0.5746501684188843 7.089441776275635 1010
1476 1024 0.5736901164054871 7.076718807220459 205
1477 1024 0.5761200785636902 7.065944671630859 581
1478 1024 0.5705401301383972 7.064898490905762 938
1479 1024 0.5716699957847595 7.06309175491333 758
1480 1024 0.5742800235748291 7.046047210693359 229
1481 1024 0.5733899474143982 7.0385284423828125 541
1482 1024 0.5745300650596619 7.028293132781982 538
1483 1024 0.5702601075172424 7.0063581466674805 141
1484 1024 0.5727301239967346 7.005162239074707 614
1485 1024 0.5758000612258911 6.99486780166626 936
1486 1024 0.5727300047874451 6.980960369110107 707
1487 1024 0.5666801333427429 6.966865539550781 17
1488 1024 0.5691300630569458 6.966375350952148 328
1489 1024 0.570439875125885 6.959203720092773 437
1490 1024 0.5714999437332153 6.956169605255127 625
1491 1024 0.5705201625823975 6.943475723266602 960
1492 1024 0.5726702213287354 6.941964626312256 531
1493 1024 0.571940004825592 6.934187889099121 497
1494 1024 0.5706900954246521 6.930881023406982 436
1495 1024 0.5708602070808411 6.908095836639404 986
1496 1024 0.5695000886917114 6.902225494384766 749
1497 1024 0.5698699951171875 6.90057373046875 904
1498 1024 0.5708000659942627 6.893776893615723 820
1499 1024 0.5710403323173523 6.8872904777526855 403
1500 1024 0.5710300803184509 6.886729717254639 203
1501 1024 0.5650700926780701 6.874129772186279 45
1502 1024 0.5673401951789856 6.873523235321045 380
1503 1024 0.5678300261497498 6.870396137237549 564
1504 1024 0.5683701038360596 6.870295524597168 924
1505 1024 0.568839967250824 6.869383335113525 328
1506 1024 0.5675401091575623 6.8417768478393555 965
1507 1024 0.564440131187439 6.836193084716797 981
1508 1024 0.5655499696731567 6.821516036987305 500
1509 1024 0.5688000321388245 6.8134565353393555 982
1510 1024 0.566849946975708 6.804725646972656 758
1511 1024 0.5632600784301758 6.801662921905518 434
1512 1024 0.566990077495575 6.795826435089111 864
1513 1024 0.5706799626350403 6.792487144470215 912
1514 1024 0.5676801204681396 6.7911224365234375 320
1515 1024 0.5675002336502075 6.788758277893066 47
1516 1024 0.5669701099395752 6.783496856689453 44
1517 1024 0.5661200881004333 6.776350021362305 988
1518 1024 0.5634800791740417 6.774951934814453 816
1519 1024 0.5678000450134277 6.773420333862305 928
1520 1024 0.5685901045799255 6.765817642211914 1007
1521 1024 0.5665900707244873 6.764904022216797 945
1522 1024 0.5648500323295593 6.757254123687744 252
1523 1024 0.5659000873565674 6.754159927368164 838
1524 1024 0.5687401294708252 6.753301620483398 848
1525 1024 0.5626199245452881 6.735345840454102 693
1526 1024 0.5680500864982605 6.732911109924316 145
1527 1024 0.5659799575805664 6.728078842163086 419
1528 1024 0.5622600317001343 6.718354225158691 86
1529 1024 0.5628699660301208 6.710231781005859 21
1530 1024 0.5613399147987366 6.709975242614746 954
1531 1024 0.5599399209022522 6.6985344886779785 908
1532 1024 0.5633300542831421 6.691379070281982 188
1533 1024 0.5638298988342285 6.691187381744385 725
1534 1024 0.5645501613616943 6.684372901916504 434
1535 1024 0.5635600686073303 6.655698776245117 345
1536 1024 0.5651300549507141 6.651668548583984 16
1537 1024 0.5613600015640259 6.6272406578063965 181
1538 1024 0.5634500980377197 6.619406700134277 329
1539 1024 0.5604000091552734 6.606908798217773 12
1540 1024 0.5581399202346802 6.595920562744141 323
1541 1024 0.5584499835968018 6.590141296386719 705
1542 1024 0.565060019493103 6.586057662963867 42
1543 1024 0.5620800256729126 6.584826469421387 846
1544 1024 0.5615301728248596 6.571533203125 314
1545 1024 0.5609101057052612 6.570971488952637 46
1546 1024 0.5608001351356506 6.569318771362305 188
1547 1024 0.5614600777626038 6.564466953277588 542
1548 1024 0.5607900023460388 6.563362121582031 441
1549 1024 0.5593500137329102 6.5219316482543945 317
1550 1024 0.5579299926757812 6.518349647521973 408
1551 1024 0.558769941329956 6.4905290603637695 708
1552 1024 0.5569400191307068 6.4888014793396 147
1553 1024 0.5580300688743591 6.486283302307129 191
1554 1024 0.5614300966262817 6.4748053550720215 1019
1555 1024 0.5551897883415222 6.468191146850586 510
1556 1024 0.5568800568580627 6.462703227996826 456
1557 1024 0.5575700402259827 6.460114002227783 924
1558 1024 0.5551599860191345 6.439122676849365 607
1559 1024 0.5582899451255798 6.433879852294922 750
1560 1024 0.5584400296211243 6.425301551818848 766
1561 1024 0.5596299171447754 6.4164018630981445 629
1562 1024 0.5563399195671082 6.392072677612305 135
1563 1024 0.5565400123596191 6.380256652832031 919
1564 1024 0.5567899942398071 6.360333442687988 949
1565 1024 0.556119978427887 6.3554182052612305 303
1566 1024 0.5550000071525574 6.347240924835205 603
1567 1024 0.5528000593185425 6.346506118774414 286
1568 1024 0.553849995136261 6.322452545166016 821
1569 1024 0.5525500774383545 6.31416130065918 168
1570 1024 0.5555099844932556 6.309032440185547 289
1571 1024 0.5548999309539795 6.291614532470703 367
1572 1024 0.5513001084327698 6.277762413024902 199
1573 1024 0.5557498931884766 6.245976448059082 44
1574 1024 0.5480700731277466 6.2450737953186035 253
1575 1024 0.5508999228477478 6.243600368499756 249
1576 1024 0.5526399612426758 6.199986934661865 677
1577 1024 0.5494400262832642 6.18070650100708 147
1578 1024 0.5521700382232666 6.1786723136901855 270
1579 1024 0.5552200675010681 6.175364971160889 458
1580 1024 0.547469973564148 6.1478271484375 56
1581 1024 0.5482099652290344 6.143077850341797 795
1582 1024 0.5484699606895447 6.142062187194824 356
1583 1024 0.5511200428009033 6.132528305053711 374
1584 1024 0.5481199622154236 6.131496429443359 74
1585 1024 0.5476399064064026 6.124521255493164 173
1586 1024 0.5435699820518494 6.122178077697754 986
1587 1024 0.5439800024032593 6.118614196777344 517
1588 1024 0.5463500618934631 6.112863540649414 29
1589 1024 0.5472100973129272 6.110813140869141 607
1590 1024 0.5420399904251099 6.107237815856934 584
1591 1024 0.55007004737854 6.069311141967773 763
1592 1024 0.5458899736404419 6.063913822174072 811
1593 1024 0.5477799773216248 6.036792755126953 471
1594 1024 0.5415099859237671 6.036675453186035 506
1595 1024 0.5433000922203064 6.035854339599609 682
1596 1024 0.5446299910545349 6.027015686035156 138
1597 1024 0.544510006904602 6.026923179626465 614
1598 1024 0.5439200401306152 6.026641845703125 427
1599 1024 0.5409699082374573 6.025900840759277 721
1600 1024 0.5431999564170837 6.013708591461182 617
1601 1024 0.5434099435806274 6.004118919372559 447
1602 1024 0.5445401072502136 5.9987335205078125 585
1603 1024 0.544219970703125 5.992542743682861 857
1604 1024 0.5448600649833679 5.972638130187988 1010
1605 1024 0.5381600260734558 5.971489906311035 558
1606 1024 0.5388298630714417 5.962728500366211 191
1607 1024 0.5437899827957153 5.955832481384277 404
1608 1024 0.5430899858474731 5.955308437347412 46
1609 1024 0.5448300242424011 5.931262493133545 434
1610 1024 0.5414100289344788 5.930375099182129 960
1611 1024 0.5382299423217773 5.930116653442383 904
1612 1024 0.539639949798584 5.929296493530273 567
1613 1024 0.5395299196243286 5.923857688903809 59
1614 1024 0.5370699763298035 5.921868324279785 981
1615 1024 0.5416598320007324 5.91256046295166 831
1616 1024 0.5390399694442749 5.910200119018555 283
1617 1024 0.5447099208831787 5.904278755187988 360
1618 1024 0.5382999181747437 5.888810157775879 521
1619 1024 0.5420000553131104 5.884435653686523 1023
1620 1024 0.5415799617767334 5.866718292236328 210
1621 1024 0.5389400124549866 5.861198425292969 179
1622 1024 0.542340099811554 5.848858833312988 83
1623 1024 0.539409875869751 5.831317901611328 502
1624 1024 0.5382199883460999 5.828947067260742 268
1625 1024 0.5344499349594116 5.827312469482422 923
1626 1024 0.5375099182128906 5.827088356018066 577
1627 1024 0.5409599542617798 5.798325538635254 523
1628 1024 0.5381600260734558 5.795197486877441 967
1629 1024 0.537079930305481 5.77551794052124 455
1630 1024 0.5363600254058838 5.774478435516357 463
1631 1024 0.5366699695587158 5.754495620727539 612
1632 1024 0.5362098813056946 5.753832817077637 323
1633 1024 0.5367699861526489 5.734480857849121 335
1634 1024 0.5350900292396545 5.717094421386719 1002
1635 1024 0.534529983997345 5.714608669281006 875
1636 1024 0.5347800850868225 5.7117204666137695 108
1637 1024 0.5345999598503113 5.707342147827148 844
1638 1024 0.5312899351119995 5.699159622192383 944
1639 1024 0.5332299470901489 5.696605682373047 434
1640 1024 0.5347200036048889 5.689506530761719 538
1641 1024 0.5337099432945251 5.688342094421387 583
1642 1024 0.5316399931907654 5.673404216766357 574
1643 1024 0.5358901023864746 5.672587871551514 572
1644 1024 0.5340299010276794 5.667503833770752 549
1645 1024 0.5293199419975281 5.657772064208984 233
1646 1024 0.5333600640296936 5.656793594360352 59
1647 1024 0.5317099690437317 5.651615142822266 788
1648 1024 0.5306199193000793 5.651363372802734 62
1649 1024 0.5344799160957336 5.638265132904053 25
1650 1024 0.5320900678634644 5.635976791381836 452
1651 1024 0.5315999984741211 5.631204605102539 258
1652 1024 0.5288299322128296 5.628780364990234 754
1653 1024 0.5312900543212891 5.624212265014648 853
1654 1024 0.5355600118637085 5.620887756347656 232
1655 1024 0.5323099493980408 5.597931861877441 883
1656 1024 0.5275100469589233 5.5968499183654785 741
1657 1024 0.5243399739265442 5.591635704040527 304
1658 1024 0.5284900069236755 5.58418083190918 824
1659 1024 0.528410017490387 5.581312656402588 621
1660 1024 0.5297200083732605 5.574673652648926 430
1661 1024 0.5291299819946289 5.57285737991333 769
1662 1024 0.5287900567054749 5.562081813812256 569
1663 1024 0.5249099731445312 5.554313659667969 629
1664 1024 0.5304598212242126 5.548213958740234 727
1665 1024 0.5285399556159973 5.545224189758301 958
1666 1024 0.5250900387763977 5.545196056365967 333
1667 1024 0.5256799459457397 5.542585849761963 79
1668 1024 0.5280899405479431 5.539648532867432 903
1669 1024 0.5275700092315674 5.534360408782959 625
1670 1024 0.5264600515365601 5.527635097503662 27
1671 1024 0.525600016117096 5.511714935302734 736
1672 1024 0.5280900597572327 5.505395889282227 591
1673 1024 0.5256699919700623 5.504647731781006 556
1674 1024 0.5252999663352966 5.488011360168457 372
1675 1024 0.525179922580719 5.4879069328308105 802
1676 1024 0.5250499248504639 5.473639488220215 892
1677 1024 0.5183099508285522 5.465660095214844 822
1678 1024 0.5240798592567444 5.4602813720703125 596
1679 1024 0.5269299745559692 5.445148468017578 639
1680 1024 0.5226799249649048 5.44352912902832 78
1681 1024 0.5218998789787292 5.429680347442627 942
1682 1024 0.5214800238609314 5.424649715423584 389
1683 1024 0.5234099626541138 5.4237060546875 462
1684 1024 0.5222000479698181 5.422558307647705 400
1685 1024 0.5247998833656311 5.415459632873535 460
1686 1024 0.5223098397254944 5.403934478759766 781
1687 1024 0.5220798850059509 5.3993940353393555 47
1688 1024 0.5223298668861389 5.399306297302246 821
1689 1024 0.5206100940704346 5.397482872009277 69
1690 1024 0.5216200351715088 5.3963422775268555 199
1691 1024 0.5221200585365295 5.395513534545898 127
1692 1024 0.5218799710273743 5.380491256713867 358
1693 1024 0.5227198004722595 5.3768310546875 39
1694 1024 0.5188801288604736 5.365832805633545 1007
1695 1024 0.5206599235534668 5.3636474609375 190
1696 1024 0.5206601023674011 5.3634161949157715 583
1697 1024 0.5188698768615723 5.354477882385254 890
1698 1024 0.5186898708343506 5.354176044464111 15
1699 1024 0.5207499861717224 5.353778839111328 655
1700 1024 0.5216098427772522 5.325242519378662 98
1701 1024 0.5235397815704346 5.323561191558838 194
1702 1024 0.5189800262451172 5.316375732421875 323
1703 1024 0.516990065574646 5.309150695800781 703
1704 1024 0.5195200443267822 5.306053161621094 416
1705 1024 0.5186000466346741 5.305452823638916 735
1706 1024 0.5187000036239624 5.288746356964111 296
1707 1024 0.517029881477356 5.286407470703125 411
1708 1024 0.5166400074958801 5.285930633544922 278
1709 1024 0.5193599462509155 5.259975433349609 1013
1710 1024 0.5175399780273438 5.238894462585449 467
1711 1024 0.5163299441337585 5.238837718963623 590
1712 1024 0.5117200613021851 5.21834659576416 732
1713 1024 0.5138100981712341 5.216244697570801 53
1714 1024 0.513279914855957 5.21299934387207 171
1715 1024 0.5135200619697571 5.21263313293457 911
1716 1024 0.513200044631958 5.211120128631592 936
1717 1024 0.514750063419342 5.208125114440918 833
1718 1024 0.5160399675369263 5.201760292053223 505
1719 1024 0.5111100673675537 5.2007293701171875 608
1720 1024 0.5156600475311279 5.191699504852295 888
1721 1024 0.5111300349235535 5.184262752532959 515
1722 1024 0.515720009803772 5.17577600479126 955
1723 1024 0.5160101652145386 5.164058685302734 519
1724 1024 0.5104299187660217 5.123041152954102 439
1725 1024 0.5104900598526001 5.12061882019043 662
1726 1024 0.5072300434112549 5.110621452331543 884
1727 1024 0.5143099427223206 5.096348285675049 785
1728 1024 0.509100079536438 5.0950188636779785 239
1729 1024 0.5113200545310974 5.091601371765137 713
1730 1024 0.5122500658035278 5.091432571411133 330
1731 1024 0.5109099745750427 5.084475517272949 555
1732 1024 0.5087999701499939 5.084105014801025 965
1733 1024 0.5121501684188843 5.077057838439941 391
1734 1024 0.5090699195861816 5.072963714599609 514
1735 1024 0.5109301805496216 5.068626403808594 4
1736 1024 0.5042800307273865 5.059290409088135 605
1737 1024 0.5107799172401428 5.054551124572754 233
1738 1024 0.5088599920272827 5.0535993576049805 471
1739 1024 0.5095899701118469 5.051597595214844 381
1740 1024 0.5075000524520874 5.040595054626465 447
1741 1024 0.5069700479507446 5.039310455322266 184
1742 1024 0.5074500441551208 5.038782596588135 357
1743 1024 0.5059702396392822 5.037057399749756 811
1744 1024 0.5056399703025818 5.028294563293457 1000
1745 1024 0.5074399709701538 5.024149417877197 265
1746 1024 0.5056700706481934 5.022212028503418 638
1747 1024 0.5067601203918457 5.018582820892334 28
1748 1024 0.5037699937820435 5.012062072753906 695
1749 1024 0.5084900259971619 5.010968208312988 516
1750 1024 0.5049399733543396 4.993695259094238 756
1751 1024 0.5019398927688599 4.9934515953063965 350
1752 1024 0.5047599077224731 4.991826057434082 533
1753 1024 0.5041000247001648 4.9896345138549805 349
1754 1024 0.5072199702262878 4.988961219787598 722
1755 1024 0.5074300169944763 4.966999053955078 472
1756 1024 0.5033699870109558 4.9646453857421875 62
1757 1024 0.5003499984741211 4.964032173156738 364
1758 1024 0.5085699558258057 4.963207721710205 36
1759 1024 0.5050500631332397 4.955437660217285 734
1760 1024 0.5054898858070374 4.952701568603516 480
1761 1024 0.5047899484634399 4.945535182952881 771
1762 1024 0.5060199499130249 4.944666862487793 456
1763 1024 0.5030699372291565 4.938470363616943 86
1764 1024 0.5019699931144714 4.930642127990723 141
1765 1024 0.5015699863433838 4.9278411865234375 691
1766 1024 0.5014000535011292 4.9175920486450195 319
1767 1024 0.5048799514770508 4.913050651550293 112
1768 1024 0.503849983215332 4.912380218505859 756
1769 1024 0.5019101500511169 4.903512001037598 92
1770 1024 0.5021299719810486 4.886931419372559 815
1771 1024 0.503559947013855 4.853546142578125 899
1772 1024 0.4985800087451935 4.85026216506958 16
1773 1024 0.7263802289962769 4.849015235900879 222
1774 1024 0.7321999073028564 4.847675323486328 663
1775 1024 0.730630099773407 4.846858024597168 950
1776 1024 0.7295999526977539 4.832160949707031 386
1777 1024 0.7280699610710144 4.8304443359375 390
1778 1024 0.7269399166107178 4.827715873718262 1012
1779 1024 0.7305501103401184 4.822413921356201 989
1780 1024 0.7263602018356323 4.818354606628418 806
1781 1024 0.7255999445915222 4.816356658935547 834
1782 1024 0.7260301113128662 4.814406394958496 100
1783 1024 0.729340136051178 4.811197757720947 330
1784 1024 0.7278301119804382 4.8086771965026855 699
1785 1024 0.7301799654960632 4.790775299072266 32
1786 1024 0.7264602780342102 4.785980224609375 740
1787 1024 0.7268698811531067 4.784258842468262 328
1788 1024 0.7291499972343445 4.774165630340576 15
1789 1024 0.724030077457428 4.765872955322266 708
1790 1024 0.726330041885376 4.759554862976074 89
1791 1024 0.7251400351524353 4.756498336791992 267
1792 1024 0.7266100645065308 4.747982978820801 314
1793 1024 0.7261499762535095 4.741924285888672 301
1794 1024 0.7271100282669067 4.73857307434082 516
1795 1024 0.7292500138282776 4.73614501953125 212
1796 1024 0.7249701023101807 4.734785079956055 177
1797 1024 0.7232600450515747 4.73170804977417 525
1798 1024 0.725860059261322 4.720611572265625 954
1799 1024 0.7219899296760559 4.716302871704102 665
1800 1024 0.7255100011825562 4.706120491027832 521
1801 1024 0.7245900630950928 4.704285621643066 62
1802 1024 0.7284998893737793 4.691736221313477 35
1803 1024 0.7243000864982605 4.690220355987549 85
1804 1024 0.7250600457191467 4.687254905700684 723
1805 1024 0.725879967212677 4.687183380126953 90
1806 1024 0.721230149269104 4.681554794311523 727
1807 1024 0.721809983253479 4.67561149597168 249
1808 1024 0.7247399687767029 4.6694512367248535 826
1809 1024 0.7257699966430664 4.662816524505615 523
1810 1024 0.7187599539756775 4.64789342880249 867
1811 1024 0.723459780216217 4.626893043518066 625
1812 1024 0.7230600714683533 4.621473789215088 848
1813 1024 0.7210701107978821 4.619406223297119 163
1814 1024 0.7202999591827393 4.615993022918701 529
1815 1024 0.7241500616073608 4.5911431312561035 426
1816 1024 0.7215399146080017 4.5616302490234375 602
1817 1024 0.7209900617599487 4.558617115020752 278
1818 1024 0.7215099930763245 4.553596496582031 946
1819 1024 0.7179800868034363 4.550332546234131 74
1820 1024 0.717580258846283 4.54265832901001 752
1821 1024 0.7210900783538818 4.535289287567139 641
1822 1024 0.7191901803016663 4.53520393371582 787
1823 1024 0.7178301215171814 4.53453254699707 911
1824 1024 0.7137598991394043 4.533932685852051 92
1825 1024 0.7218400239944458 4.527982234954834 904
1826 1024 0.7162801027297974 4.51751184463501 18
1827 1024 0.7176399827003479 4.510094165802002 99
1828 1024 0.7248401641845703 4.507216930389404 385
1829 1024 0.717519998550415 4.502188682556152 963
1830 1024 0.7192898988723755 4.493764400482178 244
1831 1024 0.717490017414093 4.493556976318359 629
1832 1024 0.7184301018714905 4.489095687866211 562
1833 1024 0.7144300937652588 4.485138416290283 746
1834 1024 0.7211601734161377 4.48126745223999 216
1835 1024 0.7121001482009888 4.481112003326416 585
1836 1024 0.7174000144004822 4.480815887451172 651
1837 1024 0.7176600694656372 4.478607654571533 283
1838 1024 0.7202100157737732 4.475893020629883 3
1839 1024 0.7156100273132324 4.466015815734863 682
1840 1024 0.7206999063491821 4.457913398742676 550
1841 1024 0.716949999332428 4.457637786865234 669
1842 1024 0.7172900438308716 4.452959060668945 455
1843 1024 0.7156899571418762 4.45234489440918 564
1844 1024 0.7167900204658508 4.4503679275512695 912
1845 1024 0.7130699753761292 4.446094036102295 958
1846 1024 0.7153501510620117 4.444241523742676 5
1847 1024 0.7193699479103088 4.443395614624023 475
1848 1024 0.718989908695221 4.442746639251709 586
1849 1024 0.7138601541519165 4.441915512084961 808
1850 1024 0.7153001427650452 4.436311721801758 819
1851 1024 0.7167699933052063 4.4351277351379395 457
1852 1024 0.7143099904060364 4.432853698730469 517
1853 1024 0.714709997177124 4.429742813110352 692
1854 1024 0.7141602039337158 4.41818904876709 726
1855 1024 0.7167901396751404 4.404858112335205 310
1856 1024 0.7141301035881042 4.400252342224121 487
1857 1024 0.7147200107574463 4.3977155685424805 387
1858 1024 0.7133801579475403 4.395810604095459 662
1859 1024 0.7121699452400208 4.394636154174805 807
1860 1024 0.7108402252197266 4.3876423835754395 946
1861 1024 0.7140799760818481 4.376967906951904 76
1862 1024 0.7147899270057678 4.376021385192871 203
1863 1024 0.7154598832130432 4.366760730743408 0
1864 1024 0.7153603434562683 4.355279445648193 96
1865 1024 0.7088399529457092 4.355090141296387 694
1866 1024 0.7133500576019287 4.343824863433838 500
1867 1024 0.7102500200271606 4.339363098144531 48
1868 1024 0.7152100205421448 4.337723731994629 527
1869 1024 0.7094200849533081 4.336620807647705 564
1870 1024 0.7143498659133911 4.334839820861816 414
1871 1024 0.7118800282478333 4.322612762451172 281
1872 1024 0.7102900743484497 4.314241409301758 664
1873 1024 0.7042301893234253 4.312005043029785 649
1874 1024 0.7106199264526367 4.307265281677246 406
1875 1024 0.7094501256942749 4.30640172958374 526
1876 1024 0.7090302109718323 4.305764675140381 595
1877 1024 0.7109702229499817 4.301891326904297 647
1878 1024 0.7102700471878052 4.299947261810303 424
1879 1024 0.7107799649238586 4.298373222351074 645
1880 1024 0.7121001482009888 4.288843154907227 292
1881 1024 0.7086400985717773 4.279786109924316 983
1882 1024 0.7046700716018677 4.275463104248047 96
1883 1024 0.7086700797080994 4.274693489074707 776
1884 1024 0.7073498964309692 4.268040657043457 632
1885 1024 0.7069500684738159 4.2654290199279785 4
1886 1024 0.7115299701690674 4.258713245391846 945
1887 1024 0.7061302661895752 4.2516045570373535 762
1888 1024 0.7097401022911072 4.251181125640869 589
1889 1024 0.7076300382614136 4.248871803283691 743
1890 1024 0.7057700157165527 4.237980842590332 722
1891 1024 0.7056201100349426 4.223505973815918 180
1892 1024 0.7058400511741638 4.222773551940918 487
1893 1024 0.7072800397872925 4.213461875915527 635
1894 1024 0.7095699906349182 4.199615478515625 900
1895 1024 0.7079601287841797 4.195155620574951 637
1896 1024 0.7031000852584839 4.191025257110596 430
1897 1024 0.7029402852058411 4.168309688568115 102
1898 1024 0.7047200798988342 4.165863037109375 554
1899 1024 0.7039499282836914 4.161483287811279 679
1900 1024 0.7076200842857361 4.156753063201904 636
1901 1024 0.7073399424552917 4.154698371887207 464
1902 1024 0.708329975605011 4.138044834136963 184
1903 1024 0.7016000151634216 4.137128829956055 845
1904 1024 0.7037500739097595 4.122130393981934 298
1905 1024 0.7059100270271301 4.119124412536621 753
1906 1024 0.7021501064300537 4.103549480438232 549
1907 1024 0.7023702263832092 4.096230506896973 767
1908 1024 0.7074301242828369 4.093363285064697 725
1909 1024 0.6976199150085449 4.091662406921387 899
1910 1024 0.70278000831604 4.085913181304932 99
1911 1024 0.6978500485420227 4.080144882202148 472
1912 1024 0.7009100317955017 4.067620277404785 676
1913 1024 0.7008202075958252 4.0673604011535645 614
1914 1024 0.6994401216506958 4.063539028167725 84
1915 1024 0.6996400952339172 4.062239646911621 541
1916 1024 0.6971800923347473 4.059929847717285 951
1917 1024 0.7004400491714478 4.059900283813477 67
1918 1024 0.7017899751663208 4.058348655700684 851
1919 1024 0.7041599154472351 4.0496416091918945 826
1920 1024 0.6975601315498352 4.039516925811768 964
1921 1024 0.6986299753189087 4.036149024963379 861
1922 1024 0.7015202045440674 4.028020858764648 531
1923 1024 0.6998199820518494 4.0137128829956055 688
1924 1024 0.6965601444244385 4.013051509857178 495
1925 1024 0.692799985408783 4.008522987365723 55
1926 1024 0.6951000690460205 4.002142906188965 538
1927 1024 0.6971100568771362 3.9982948303222656 128
1928 1024 0.7000200748443604 3.9932003021240234 669
1929 1024 0.6995700597763062 3.990898847579956 971
1930 1024 0.6966602206230164 3.9906210899353027 590
1931 1024 0.6967201828956604 3.9886474609375 972
1932 1024 0.699410080909729 3.983273983001709 598
1933 1024 0.6935600638389587 3.9750301837921143 300
1934 1024 0.6962300539016724 3.972262382507324 800
1935 1024 0.6960201263427734 3.9569454193115234 169
1936 1024 0.6927700638771057 3.953615427017212 638
1937 1024 0.6929701566696167 3.9532735347747803 745
1938 1024 0.6932200193405151 3.9518144130706787 329
1939 1024 0.6921599507331848 3.9487500190734863 375
1940 1024 0.6963400840759277 3.9464592933654785 554
1941 1024 0.693010151386261 3.935892105102539 576
1942 1024 0.6950098872184753 3.935204029083252 270
1943 1024 0.6967400908470154 3.9343292713165283 447
1944 1024 0.6913800835609436 3.928938865661621 1008
1945 1024 0.694599986076355 3.9281673431396484 819
1946 1024 0.6891600489616394 3.9183692932128906 720
1947 1024 0.6865800619125366 3.912764072418213 484
1948 1024 0.6927698850631714 3.910571336746216 303
1949 1024 0.6956201791763306 3.9090394973754883 233
1950 1024 0.6942801475524902 3.904757022857666 706
1951 1024 0.697650134563446 3.902066230773926 482
1952 1024 0.690530002117157 3.9005379676818848 913
1953 1024 0.6852801442146301 3.900449752807617 648
1954 1024 0.6922299861907959 3.895397901535034 45
1955 1024 0.6885000467300415 3.887181043624878 604
1956 1024 0.6881400346755981 3.887019157409668 231
1957 1024 0.6897401809692383 3.88350248336792 921
1958 1024 0.6920000314712524 3.880277633666992 539
1959 1024 0.6894499659538269 3.8769571781158447 890
1960 1024 0.6885899901390076 3.8748443126678467 141
1961 1024 0.6916199922561646 3.8732635974884033 222
1962 1024 0.6880801320075989 3.8696961402893066 587
1963 1024 0.689460039138794 3.8694629669189453 124
1964 1024 0.6903399229049683 3.853658437728882 683
1965 1024 0.6908898949623108 3.840752363204956 245
1966 1024 0.6910600066184998 3.837398052215576 717
1967 1024 0.6831602454185486 3.8336801528930664 663
1968 1024 0.683650016784668 3.8314929008483887 827
1969 1024 0.6847101449966431 3.826301336288452 639
1970 1024 0.6860398650169373 3.8230154514312744 857
1971 1024 0.6828798651695251 3.8211607933044434 517
1972 1024 0.6897600293159485 3.8102922439575195 434
1973 1024 0.6831599473953247 3.7986879348754883 547
1974 1024 0.6848301291465759 3.7938358783721924 964
1975 1024 0.6834798455238342 3.784802198410034 819
1976 1024 0.6853700876235962 3.7841649055480957 309
1977 1024 0.6871901750564575 3.7800841331481934 974
1978 1024 0.6867799162864685 3.7792277336120605 689
1979 1024 0.68597012758255 3.776548385620117 704
1980 1024 0.68243008852005 3.7754251956939697 808
1981 1024 0.681179940700531 3.771772861480713 746
1982 1024 0.6829199194908142 3.771015167236328 401
1983 1024 0.6825901865959167 3.763472080230713 620
1984 1024 0.6831699013710022 3.76328444480896 51
1985 1024 0.6813302636146545 3.7626793384552 659
1986 1024 0.6880101561546326 3.756106376647949 417
1987 1024 0.6840899586677551 3.7534890174865723 9
1988 1024 0.6791999936103821 3.7533066272735596 298
1989 1024 0.6827998757362366 3.750286102294922 639
1990 1024 0.6805000305175781 3.7293083667755127 1001
1991 1024 0.679900050163269 3.725780725479126 600
1992 1024 0.6786900162696838 3.7193756103515625 804
1993 1024 0.6761899590492249 3.7183406352996826 771
1994 1024 0.6777799129486084 3.7161290645599365 392
1995 1024 0.6790399551391602 3.716020345687866 959
1996 1024 0.6768298745155334 3.7144575119018555 376
1997 1024 0.6750499606132507 3.7135469913482666 629
1998 1024 0.6761501431465149 3.7123913764953613 533
1999 1024 0.6778600811958313 3.7070460319519043 583
2000 1024 0.6805698871612549 3.704594135284424 490
2001 1024 0.6785399317741394 3.7015042304992676 852
2002 1024 0.6815102100372314 3.7011165618896484 492
2003 1024 0.6790301203727722 3.68784236907959 185
2004 1024 0.6786800026893616 3.687110424041748 185
2005 1024 0.6778599619865417 3.6813478469848633 678
2006 1024 0.6775200366973877 3.679476737976074 228
2007 1024 0.6796398758888245 3.675215721130371 300
2008 1024 0.6823001503944397 3.6740033626556396 56
2009 1024 0.6774002909660339 3.6710457801818848 400
2010 1024 0.6762599945068359 3.6701598167419434 819
2011 1024 0.6761998534202576 3.6680545806884766 939
2012 1024 0.6788800954818726 3.6661252975463867 250
2013 1024 0.6802101135253906 3.660677433013916 252
2014 1024 0.676050066947937 3.6593434810638428 237
2015 1024 0.6769599914550781 3.659043073654175 625
2016 1024 0.6765499711036682 3.6570229530334473 1000
2017 1024 0.6812701225280762 3.6566970348358154 728
2018 1024 0.6773899793624878 3.652080535888672 418
2019 1024 0.6803099513053894 3.6520729064941406 120
2020 1024 0.6748201847076416 3.6519927978515625 789
2021 1024 0.676609992980957 3.648491382598877 357
2022 1024 0.6778099536895752 3.644063949584961 768
2023 1024 0.6728100180625916 3.6415464878082275 862
2024 1024 0.677590012550354 3.6399872303009033 899
2025 1024 0.6802101731300354 3.6392111778259277 961
2026 1024 0.6772898435592651 3.6389286518096924 211
2027 1024 0.6740898489952087 3.637514114379883 555
2028 1024 0.6742099523544312 3.6323180198669434 287
2029 1024 0.674450159072876 3.6302847862243652 351
2030 1024 0.6783701181411743 3.6279869079589844 804
2031 1024 0.674250066280365 3.620771884918213 213
2032 1024 0.6746799945831299 3.6174254417419434 551
2033 1024 0.6744698882102966 3.614572048187256 419
2034 1024 0.6761499643325806 3.606417417526245 437
2035 1024 0.6734299063682556 3.6057662963867188 633
2036 1024 0.6713899374008179 3.6029725074768066 720
2037 1024 0.6723600625991821 3.5913984775543213 357
2038 1024 0.67479008436203 3.5899205207824707 370
2039 1024 0.670710027217865 3.5856571197509766 995
2040 1024 0.668220043182373 3.581981658935547 252
2041 1024 0.6747398972511292 3.577597141265869 672
2042 1024 0.6706300973892212 3.577460765838623 809
2043 1024 0.6715101003646851 3.5755562782287598 341
2044 1024 0.671280026435852 3.575303554534912 107
2045 1024 0.6715800166130066 3.5731568336486816 549
2046 1024 0.6700401306152344 3.5723495483398438 812
2047 1024 0.6755800247192383 3.5665812492370605 188
2048 1024 0.665850043296814 3.5647966861724854 792
2049 1024 0.6726800203323364 3.5628767013549805 293
2050 1024 0.6715598702430725 3.5613555908203125 25
2051 1024 0.6720198392868042 3.5605130195617676 167
2052 1024 0.6699498891830444 3.557626962661743 943
2053 1024 0.6724500060081482 3.5569331645965576 716
2054 1024 0.6726699471473694 3.554100751876831 601
2055 1024 0.6693398952484131 3.5453875064849854 344
2056 1024 0.6701101660728455 3.5426523685455322 532
2057 1024 0.6687101721763611 3.5360748767852783 715
2058 1024 0.6686300039291382 3.535595655441284 597
2059 1024 0.6703300476074219 3.5350160598754883 172
2060 1024 0.6709499955177307 3.5347719192504883 690
2061 1024 0.6652000546455383 3.531869411468506 774
2062 1024 0.6647698283195496 3.5310637950897217 191
2063 1024 0.6680300235748291 3.523967742919922 655
2064 1024 0.6652500629425049 3.5187182426452637 333
2065 1024 0.67097008228302 3.5005853176116943 565
2066 1024 0.6663098931312561 3.495562791824341 370
2067 1024 0.6624600887298584 3.494260311126709 120
2068 1024 0.6672600507736206 3.4922826290130615 661
2069 1024 0.6607099175453186 3.4881482124328613 521
2070 1024 0.6668300628662109 3.4869182109832764 180
2071 1024 0.669150173664093 3.48490571975708 39
2072 1024 0.6603100299835205 3.4838085174560547 752
2073 1024 0.6656898260116577 3.4731953144073486 689
2074 1024 0.6652200222015381 3.4606125354766846 636
2075 1024 0.6619299650192261 3.446524143218994 936
2076 1024 0.6649500131607056 3.445267677307129 792
2077 1024 0.6617099642753601 3.4449706077575684 542
2078 1024 0.6567500233650208 3.4422762393951416 882
2079 1024 0.6590900421142578 3.4417777061462402 855
2080 1024 0.6593000888824463 3.439774990081787 106
2081 1024 0.6570701599121094 3.4396398067474365 979
2082 1024 0.66389000415802 3.4364140033721924 30
2083 1024 0.6637899875640869 3.436307430267334 360
2084 1024 0.6608300805091858 3.436208724975586 801
2085 1024 0.6584599018096924 3.4358973503112793 307
2086 1024 0.6596699953079224 3.433363437652588 716
2087 1024 0.656329870223999 3.427858829498291 456
2088 1024 0.6585299372673035 3.424053192138672 120
2089 1024 0.6571301221847534 3.4231176376342773 421
2090 1024 0.6593600511550903 3.422149658203125 538
2091 1024 0.6608099937438965 3.4217376708984375 86
2092 1024 0.6610199809074402 3.421719551086426 760
2093 1024 0.6622298359870911 3.421595335006714 404
2094 1024 0.6595497727394104 3.4207892417907715 938
2095 1024 0.6638298630714417 3.4175729751586914 959
2096 1024 0.6600998640060425 3.411311388015747 843
2097 1024 0.6569297909736633 3.4092931747436523 627
2098 1024 0.6601099371910095 3.3996033668518066 898
2099 1024 0.6595998406410217 3.39424467086792 174
2100 1024 0.6590399742126465 3.3933191299438477 248
2101 1024 0.6588799953460693 3.3877480030059814 704
2102 1024 0.6520700454711914 3.377561092376709 596
2103 1024 0.656540036201477 3.3717050552368164 997
2104 1024 0.6491898894309998 3.3707828521728516 886
2105 1024 0.656359851360321 3.3707785606384277 121
2106 1024 0.655239999294281 3.370248556137085 404
2107 1024 0.656760036945343 3.367490768432617 403
2108 1024 0.6535400748252869 3.3659656047821045 133
2109 1024 0.6559599041938782 3.36458158493042 409
2110 1024 0.6540700197219849 3.360377311706543 809
2111 1024 0.6566299796104431 3.360363006591797 959
2112 1024 0.6588799357414246 3.355947971343994 74
2113 1024 0.6527398824691772 3.350100517272949 767
2114 1024 0.6512399315834045 3.3426597118377686 431
2115 1024 0.6523000001907349 3.340770721435547 985
2116 1024 0.650360107421875 3.3348593711853027 72
2117 1024 0.6528698801994324 3.334329605102539 266
2118 1024 0.6592801809310913 3.332597494125366 914
2119 1024 0.6517201066017151 3.3278250694274902 857
2120 1024 0.6478798389434814 3.3257288932800293 873
2121 1024 0.6541398763656616 3.323237657546997 69
2122 1024 0.6521599292755127 3.322092056274414 456
2123 1024 0.6515399217605591 3.317617893218994 180
2124 1024 0.6501998901367188 3.3163933753967285 654
2125 1024 0.6510100364685059 3.3162624835968018 350
2126 1024 0.6515598893165588 3.315253734588623 973
2127 1024 0.6454398036003113 3.3149728775024414 711
2128 1024 0.6506900787353516 3.3123371601104736 961
2129 1024 0.6509199142456055 3.3099260330200195 158
2130 1024 0.6467000246047974 3.3093066215515137 727
2131 1024 0.6473701596260071 3.3081960678100586 635
2132 1024 0.6503200531005859 3.307313919067383 455
2133 1024 0.6535899043083191 3.303744316101074 997
2134 1024 0.6513500809669495 3.300671339035034 382
2135 1024 0.653239905834198 3.300137996673584 217
2136 1024 0.6540100574493408 3.298715114593506 224
2137 1024 0.6511498093605042 3.2932491302490234 481
2138 1024 0.6490198969841003 3.2921056747436523 1017
2139 1024 0.6511499881744385 3.2908151149749756 214
2140 1024 0.6503999829292297 3.2906060218811035 242
2141 1024 0.6478098034858704 3.2901744842529297 432
2142 1024 0.6489100456237793 3.287041425704956 661
2143 1024 0.6525797843933105 3.285585880279541 893
2144 1024 0.6475797891616821 3.2811498641967773 248
2145 1024 0.646790087223053 3.280409574508667 656
2146 1024 0.648099958896637 3.279486894607544 895
2147 1024 0.6525700092315674 3.26834774017334 184
2148 1024 0.6499400734901428 3.2650504112243652 440
2149 1024 0.6467800140380859 3.253196954727173 456
2150 1024 0.6445199251174927 3.2514076232910156 642
2151 1024 0.6486700177192688 3.249882698059082 1023
2152 1024 0.6490400433540344 3.247671604156494 372
2153 1024 0.6435899138450623 3.2467966079711914 364
2154 1024 0.6465898752212524 3.2395520210266113 773
2155 1024 0.6442499160766602 3.238542079925537 925
2156 1024 0.6451999545097351 3.2362794876098633 897
2157 1024 0.6470199227333069 3.235065221786499 151
2158 1024 0.6521899104118347 3.23287296295166 308
2159 1024 0.6466901302337646 3.23093318939209 787
2160 1024 0.6469699740409851 3.2283854484558105 614
2161 1024 0.6403599381446838 3.2262589931488037 474
2162 1024 0.6429898738861084 3.2261760234832764 488
2163 1024 0.6484100222587585 3.226167678833008 653
2164 1024 0.6480400562286377 3.2249765396118164 994
2165 1024 0.646129846572876 3.224350690841675 540
2166 1024 0.6498700380325317 3.2236905097961426 736
2167 1024 0.6476299166679382 3.2212507724761963 528
2168 1024 0.6418501138687134 3.2210276126861572 765
2169 1024 0.6388000249862671 3.219355344772339 36
2170 1024 0.6403500437736511 3.2188568115234375 812
2171 1024 0.6465697884559631 3.215658664703369 670
2172 1024 0.6433199048042297 3.214505195617676 121
2173 1024 0.6443200707435608 3.21191668510437 393
2174 1024 0.6424299478530884 3.211200714111328 829
2175 1024 0.6465400457382202 3.2109053134918213 341
2176 1024 0.6485099792480469 3.2099239826202393 742
2177 1024 0.6417098045349121 3.2098612785339355 809
2178 1024 0.6424098610877991 3.2081775665283203 160
2179 1024 0.6391999125480652 3.2071802616119385 38
2180 1024 0.6437599062919617 3.205742597579956 840
2181 1024 0.6423999667167664 3.2017428874969482 559
2182 1024 0.6421200633049011 3.1995742321014404 92
2183 1024 0.6394098997116089 3.197396993637085 420
2184 1024 0.6424301266670227 3.195984363555908 785
2185 1024 0.6434699892997742 3.194014549255371 606
2186 1024 0.6382397413253784 3.192382335662842 473
2187 1024 0.6385700106620789 3.192159652709961 819
2188 1024 0.6357498168945312 3.1907668113708496 599
2189 1024 0.6371999382972717 3.1905126571655273 830
2190 1024 0.6353099942207336 3.190490245819092 43
2191 1024 0.6380400061607361 3.189335823059082 18
2192 1024 0.6374200582504272 3.187469244003296 543
2193 1024 0.6385500431060791 3.186889886856079 10
2194 1024 0.6380099654197693 3.1845407485961914 918
2195 1024 0.6424798965454102 3.1800479888916016 394
2196 1024 0.6410701870918274 3.1800475120544434 606
2197 1024 0.6353700757026672 3.1794705390930176 384
2198 1024 0.6350800395011902 3.1768646240234375 682
2199 1024 0.6425198316574097 3.175960063934326 245
2200 1024 0.6433099508285522 3.175555944442749 966
2201 1024 0.6425399780273438 3.1728878021240234 122
2202 1024 0.6462000012397766 3.1715407371520996 833
2203 1024 0.6498898863792419 3.170958995819092 398
2204 1024 0.6388601064682007 3.16957426071167 987
2205 1024 0.6445499062538147 3.1695141792297363 953
2206 1024 0.6389199495315552 3.1682260036468506 577
2207 1024 0.6398698687553406 3.168158769607544 553
2208 1024 0.6447399854660034 3.1656031608581543 912
2209 1024 0.6436399817466736 3.1621198654174805 513
2210 1024 0.6473898887634277 3.1586341857910156 337
2211 1024 0.641260027885437 3.1542727947235107 331
2212 1024 0.637499988079071 3.1533522605895996 625
2213 1024 0.6403398513793945 3.151761531829834 855
2214 1024 0.6377800703048706 3.1467254161834717 453
2215 1024 0.6422098875045776 3.145972967147827 390
2216 1024 0.6461300253868103 3.144111156463623 294
2217 1024 0.6432098746299744 3.143272876739502 10
2218 1024 0.6387300491333008 3.141026020050049 423
2219 1024 0.6378498077392578 3.135207176208496 574
2220 1024 0.6371800899505615 3.1343908309936523 381
2221 1024 0.6355300545692444 3.133216381072998 880
2222 1024 0.639710009098053 3.1314921379089355 191
2223 1024 0.634709894657135 3.1293258666992188 119
2224 1024 0.6344200372695923 3.129237413406372 795
2225 1024 0.6403899788856506 3.128838539123535 511
2226 1024 0.6392698287963867 3.1284279823303223 735
2227 1024 0.6408900022506714 3.126706838607788 661
2228 1024 0.6413800120353699 3.1260719299316406 224
2229 1024 0.6372900605201721 3.124922275543213 409
2230 1024 0.642819881439209 3.1230626106262207 756
2231 1024 0.6346500515937805 3.1215052604675293 265
2232 1024 0.6338199377059937 3.1204090118408203 210
2233 1024 0.6313300728797913 3.1199474334716797 126
2234 1024 0.6345599889755249 3.1194114685058594 847
2235 1024 0.6329900026321411 3.117191791534424 309
2236 1024 0.6274398565292358 3.1152429580688477 961
2237 1024 0.6313399076461792 3.1144814491271973 26
2238 1024 0.635330080986023 3.104971408843994 405
2239 1024 0.6323199272155762 3.104782819747925 881
2240 1024 0.635439932346344 3.1027746200561523 35
2241 1024 0.6361101269721985 3.0987110137939453 584
2242 1024 0.635469913482666 3.0921471118927 707
2243 1024 0.64028000831604 3.089857578277588 16
2244 1024 0.6328400373458862 3.087218761444092 498
2245 1024 0.6269599199295044 3.0864336490631104 1009
2246 1024 0.634719967842102 3.084610939025879 181
2247 1024 0.6391200423240662 3.0843422412872314 192
2248 1024 0.6415098905563354 3.0822651386260986 586
2249 1024 0.6368799805641174 3.081047773361206 945
2250 1024 0.6363800168037415 3.0771267414093018 368
2251 1024 0.6408999562263489 3.0726943016052246 831
2252 1024 0.6340300440788269 3.0693519115448 383
2253 1024 0.6298299431800842 3.0690059661865234 774
2254 1024 0.6254000067710876 3.0686287879943848 793
2255 1024 0.6341601610183716 3.068540096282959 469
2256 1024 0.6407198905944824 3.0680737495422363 583
2257 1024 0.6380200386047363 3.067704677581787 739
2258 1024 0.6376399993896484 3.060903549194336 612
2259 1024 0.6413199305534363 3.059108257293701 703
2260 1024 0.6464201211929321 3.0585644245147705 674
2261 1024 0.6402199268341064 3.0585227012634277 166
2262 1024 0.640220046043396 3.057882070541382 434
2263 1024 0.6385999917984009 3.0578393936157227 601
2264 1024 0.6446201205253601 3.0541887283325195 945
2265 1024 0.6394699811935425 3.045894145965576 447
2266 1024 0.6370099782943726 3.045727014541626 791
2267 1024 0.6375699639320374 3.0444955825805664 72
2268 1024 0.6381298899650574 3.042942523956299 733
2269 1024 0.6426299214363098 3.042726516723633 605
2270 1024 0.6409699320793152 3.039945125579834 932
2271 1024 0.644029974937439 3.0350654125213623 667
2272 1024 0.6408699750900269 3.0348823070526123 199
2273 1024 0.6357100009918213 3.0345726013183594 822
2274 1024 0.6390800476074219 3.0288584232330322 527
2275 1024 0.6340399384498596 3.0238022804260254 628
2276 1024 0.6317999958992004 3.0225577354431152 718
2277 1024 0.6337598562240601 3.020449638366699 350
2278 1024 0.6360301375389099 3.019120693206787 187
2279 1024 0.6353099346160889 3.016064167022705 799
2280 1024 0.6327400803565979 3.0108683109283447 245
2281 1024 0.6395699977874756 3.0040602684020996 186
2282 1024 0.6377500295639038 3.00197172164917 251
2283 1024 0.6412599682807922 2.9999747276306152 247
2284 1024 0.635429859161377 2.999380111694336 336
2285 1024 0.6441700458526611 2.9991018772125244 750
2286 1024 0.6394199728965759 2.9983582496643066 570
2287 1024 0.6413298845291138 2.997195243835449 640
2288 1024 0.6380699872970581 2.994365930557251 321
2289 1024 0.6443099975585938 2.9919240474700928 746
2290 1024 0.6366499662399292 2.9900336265563965 835
2291 1024 0.6408000588417053 2.9859766960144043 166
2292 1024 0.6369298696517944 2.9854347705841064 760
2293 1024 0.6316198706626892 2.9848527908325195 745
2294 1024 0.6294399499893188 2.9846272468566895 12
2295 1024 0.6291100382804871 2.983184814453125 890
2296 1024 0.6301099061965942 2.9827425479888916 194
2297 1024 0.6334500908851624 2.9825639724731445 956
2298 1024 0.6329601407051086 2.981330394744873 731
2299 1024 0.6375998854637146 2.9770843982696533 1012
2300 1024 0.6384900808334351 2.9757823944091797 457
2301 1024 0.6446700096130371 2.970810651779175 518
2302 1024 0.6371899843215942 2.9707424640655518 590
2303 1024 0.6356300711631775 2.9702816009521484 519
2304 1024 0.637470006942749 2.9693806171417236 807
2305 1024 0.6347599625587463 2.968745470046997 437
2306 1024 0.632610023021698 2.9662277698516846 266
2307 1024 0.6336998343467712 2.964900255203247 745
2308 1024 0.6342298984527588 2.9646506309509277 476
2309 1024 0.6308499574661255 2.9643046855926514 545
2310 1024 0.6310699582099915 2.963686227798462 43
2311 1024 0.6325100064277649 2.9631810188293457 688
2312 1024 0.6324700713157654 2.9605355262756348 147
2313 1024 0.63646000623703 2.9576072692871094 333
2314 1024 0.6349800229072571 2.9575371742248535 338
2315 1024 0.6325701475143433 2.9562129974365234 226
2316 1024 0.6337398886680603 2.9558584690093994 609
2317 1024 0.6342298984527588 2.955359697341919 125
2318 1024 0.638480007648468 2.9483790397644043 669
2319 1024 0.6369600892066956 2.946272850036621 107
2320 1024 0.6362600326538086 2.9454092979431152 788
2321 1024 0.6306299567222595 2.9437694549560547 699
2322 1024 0.6328598260879517 2.943542718887329 302
2323 1024 0.6365399360656738 2.9427695274353027 414
2324 1024 0.6332198977470398 2.9368579387664795 936
2325 1024 0.6328601837158203 2.9353013038635254 657
2326 1024 0.6319799423217773 2.9338860511779785 340
2327 1024 0.6288599371910095 2.9322609901428223 186
2328 1024 0.6293501257896423 2.9319839477539062 781
2329 1024 0.6255698800086975 2.9308061599731445 987
2330 1024 0.6300299167633057 2.930732011795044 703
2331 1024 0.6346799731254578 2.927459478378296 1020
2332 1024 0.631010115146637 2.9272422790527344 734
2333 1024 0.6335099339485168 2.9261765480041504 486
2334 1024 0.6338601112365723 2.925766944885254 173
2335 1024 0.635749876499176 2.9238078594207764 315
2336 1024 0.6350299119949341 2.9238038063049316 747
2337 1024 0.6392300724983215 2.9121642112731934 603
2338 1024 0.6379900574684143 2.9108872413635254 275
2339 1024 0.6352601647377014 2.906895399093628 13
2340 1024 0.6330999732017517 2.9066505432128906 369
2341 1024 0.6376200914382935 2.906447172164917 501
2342 1024 0.6385399103164673 2.901550054550171 946
2343 1024 0.6377999782562256 2.900770425796509 238
2344 1024 0.6347100138664246 2.897514820098877 193
2345 1024 0.6325901746749878 2.8959765434265137 730
2346 1024 0.6392199397087097 2.893986463546753 182
2347 1024 0.6362200379371643 2.8939239978790283 381
2348 1024 0.637440025806427 2.8932688236236572 834
2349 1024 0.6395999789237976 2.8885042667388916 130
2350 1024 0.6340600848197937 2.885350465774536 399
2351 1024 0.6389800310134888 2.877249240875244 679
2352 1024 0.6357901096343994 2.876105546951294 552
2353 1024 0.6349199414253235 2.8761043548583984 163
2354 1024 0.635949969291687 2.8753528594970703 407
2355 1024 0.6354101300239563 2.8730170726776123 754
2356 1024 0.6360700726509094 2.872276782989502 490
2357 1024 0.636479914188385 2.8717896938323975 627
2358 1024 0.6327799558639526 2.8701016902923584 340
2359 1024 0.6353499293327332 2.868779182434082 510
2360 1024 0.6379001140594482 2.866694927215576 944
2361 1024 0.6366798877716064 2.8653132915496826 209
2362 1024 0.6388499140739441 2.8649895191192627 660
2363 1024 0.6379200220108032 2.857841730117798 290
2364 1024 0.6402699947357178 2.8574013710021973 405
2365 1024 0.6372000575065613 2.8534648418426514 839
2366 1024 0.6381999254226685 2.8534018993377686 130
2367 1024 0.6390199661254883 2.852849006652832 256
2368 1024 0.6339000463485718 2.8503570556640625 525
2369 1024 0.6379098892211914 2.8425779342651367 474
2370 1024 0.6380999684333801 2.8417928218841553 375
2371 1024 0.6348800659179688 2.841334342956543 725
2372 1024 0.6387299299240112 2.840747356414795 186
2373 1024 0.6402400732040405 2.837005615234375 535
2374 1024 0.6383198499679565 2.8351898193359375 905
2375 1024 0.6380100250244141 2.835188865661621 15
2376 1024 0.6396100521087646 2.8330535888671875 534
2377 1024 0.6367098093032837 2.822728157043457 194
2378 1024 0.6401700377464294 2.8196017742156982 108
2379 1024 0.6388500332832336 2.8184218406677246 1021
2380 1024 0.639490008354187 2.817699909210205 878
2381 1024 0.6396899819374084 2.8151605129241943 362
2382 1024 0.6352799534797668 2.8138327598571777 651
2383 1024 0.6400299072265625 2.8066654205322266 323
2384 1024 0.6408599615097046 2.8031423091888428 1002
2385 1024 0.639499843120575 2.802619695663452 854
2386 1024 0.638949990272522 2.8016843795776367 609
2387 1024 0.6435099840164185 2.800401449203491 565
2388 1024 0.6402601003646851 2.800117254257202 59
2389 1024 0.638900101184845 2.797450304031372 113
2390 1024 0.6428499221801758 2.794654369354248 552
2391 1024 0.6393698453903198 2.793301582336426 969
2392 1024 0.6446999311447144 2.7887110710144043 83
2393 1024 0.63795006275177 2.7839293479919434 1022
2394 1024 0.6411499381065369 2.7821755409240723 544
2395 1024 0.641499936580658 2.7802019119262695 364
2396 1024 0.6410099864006042 2.777083396911621 855
2397 1024 0.63947993516922 2.7764079570770264 143
2398 1024 0.6413500905036926 2.774702548980713 103
2399 1024 0.6416699886322021 2.771721124649048 348
2400 1024 0.6396799087524414 2.769498109817505 647
2401 1024 0.6387699842453003 2.769118309020996 1019
2402 1024 0.6389400362968445 2.7656071186065674 167
2403 1024 0.6438299417495728 2.762777328491211 313
2404 1024 0.6432697772979736 2.7623839378356934 689
2405 1024 0.6411499381065369 2.757575273513794 182
2406 1024 0.6391900181770325 2.755204677581787 171
2407 1024 0.6456699967384338 2.754586696624756 171
2408 1024 0.6424699425697327 2.7543723583221436 484
2409 1024 0.642029881477356 2.7509021759033203 180
2410 1024 0.6479200124740601 2.749396324157715 704
2411 1024 0.6446699500083923 2.747699737548828 583
2412 1024 0.646310031414032 2.7475943565368652 520
2413 1024 0.6429898738861084 2.738834857940674 179
2414 1024 0.6440199613571167 2.7381319999694824 570
2415 1024 0.6424500346183777 2.737712860107422 910
2416 1024 0.641539990901947 2.732985496520996 986
2417 1024 0.6458598971366882 2.730837821960449 478
2418 1024 0.6450499296188354 2.730680465698242 817
2419 1024 0.6462699174880981 2.729567527770996 396
2420 1024 0.6486099362373352 2.728811740875244 488
2421 1024 0.6428799033164978 2.7242212295532227 907
2422 1024 0.6475100517272949 2.7231740951538086 451
2423 1024 0.6456397771835327 2.723172903060913 991
2424 1024 0.6474798917770386 2.7189764976501465 58
2425 1024 0.6437500715255737 2.7173173427581787 56
2426 1024 0.6500898599624634 2.716909885406494 611
2427 1024 0.6486798524856567 2.716717481613159 625
2428 1024 0.6461500525474548 2.716482400894165 420
2429 1024 0.6474098563194275 2.7142910957336426 779
2430 1024 0.6453999280929565 2.7133023738861084 641
2431 1024 0.6469798684120178 2.7122793197631836 451
2432 1024 0.6453899145126343 2.710711717605591 893
2433 1024 0.644679844379425 2.7086732387542725 492
2434 1024 0.6460498571395874 2.7077012062072754 893
2435 1024 0.6463301181793213 2.706278085708618 447
2436 1024 0.6483999490737915 2.7058918476104736 730
2437 1024 0.6522499918937683 2.7056565284729004 855
2438 1024 0.6499999165534973 2.703606605529785 745
2439 1024 0.6526399254798889 2.7021079063415527 953
2440 1024 0.6542400121688843 2.700866937637329 976
2441 1024 0.6535897850990295 2.6990737915039062 475
2442 1024 0.652289867401123 2.69488525390625 160
2443 1024 0.653529942035675 2.68979549407959 157
2444 1024 0.6535298228263855 2.688730239868164 549
2445 1024 0.652419924736023 2.6852405071258545 149
2446 1024 0.652660071849823 2.6828553676605225 334
2447 1024 0.6527299284934998 2.6820197105407715 234
2448 1024 0.6516298651695251 2.6786136627197266 799
2449 1024 0.6535998582839966 2.6785032749176025 38
2450 1024 0.6528599262237549 2.6771328449249268 509
2451 1024 0.6558299660682678 2.6741013526916504 248
2452 1024 0.65177983045578 2.672332286834717 26
2453 1024 0.6542600989341736 2.6692352294921875 986
2454 1024 0.6558499932289124 2.668414354324341 849
2455 1024 0.655299961566925 2.6618151664733887 219
2456 1024 0.6541599035263062 2.6605162620544434 1006
2457 1024 0.6543600559234619 2.6605119705200195 391
2458 1024 0.6544598340988159 2.6602964401245117 43
2459 1024 0.6587497591972351 2.6598682403564453 727
2460 1024 0.6548900604248047 2.6587796211242676 252
2461 1024 0.6558599472045898 2.641852378845215 913
2462 1024 0.6557797193527222 2.640063762664795 13
2463 1024 0.6586899161338806 2.6398239135742188 155
2464 1024 0.6532601714134216 2.6385111808776855 41
2465 1024 0.6539497971534729 2.638446092605591 611
2466 1024 0.6562298536300659 2.6378185749053955 230
2467 1024 0.6567100286483765 2.637564182281494 650
2468 1024 0.6577500104904175 2.637284755706787 835
2469 1024 0.6550600528717041 2.6357920169830322 2
2470 1024 0.6583999395370483 2.6324121952056885 621
2471 1024 0.6570299863815308 2.631870746612549 914
2472 1024 0.6606400012969971 2.6261510848999023 484
2473 1024 0.6580599546432495 2.6241886615753174 298
2474 1024 0.6583500504493713 2.6240665912628174 463
2475 1024 0.6571400165557861 2.621110200881958 971
2476 1024 0.6550197601318359 2.6203856468200684 286
2477 1024 0.6583699584007263 2.6116225719451904 990
2478 1024 0.6569498777389526 2.6107664108276367 456
2479 1024 0.6600499749183655 2.6097805500030518 795
2480 1024 0.6605399250984192 2.6063942909240723 643
2481 1024 0.6583998799324036 2.604309320449829 359
2482 1024 0.6619099378585815 2.6016862392425537 601
2483 1024 0.6623901724815369 2.593592405319214 748
2484 1024 0.6640598177909851 2.593080997467041 62
2485 1024 0.6615800261497498 2.590855598449707 954
2486 1024 0.6586598753929138 2.5776867866516113 770
2487 1024 0.6640998721122742 2.5737996101379395 442
2488 1024 0.6628401279449463 2.5728042125701904 208
2489 1024 0.6613000631332397 2.5661401748657227 309
2490 1024 0.6615400314331055 2.53597354888916 381
2491 1024 0.6589601039886475 2.5359370708465576 702
2492 1024 0.6612399816513062 2.5341925621032715 534
2493 1024 0.6550798416137695 2.5328779220581055 288
2494 1024 0.6604200005531311 2.5312342643737793 358
2495 1024 0.6597999930381775 2.5273890495300293 375
2496 1024 0.6582299470901489 2.527266025543213 708
2497 1024 0.6594299077987671 2.5234267711639404 268
2498 1024 0.6554701924324036 2.511568307876587 621
2499 1024 0.6598499417304993 2.5014541149139404 460
2500 1024 0.6630698442459106 2.499561071395874 808
2501 1024 0.6623998880386353 2.4966022968292236 140
2502 1024 0.6574798226356506 2.495938777923584 929
2503 1024 0.6567898988723755 2.485191583633423 725
2504 1024 0.6584199666976929 2.4782419204711914 71
2505 1024 0.6601800918579102 2.4663214683532715 711
2506 1024 0.6532799601554871 2.4630794525146484 1014
2507 1024 0.6590898633003235 2.4554977416992188 651
2508 1024 0.6572999358177185 2.450995922088623 982
2509 1024 0.654400110244751 2.4394690990448 574
2510 1024 0.6571200489997864 2.4375991821289062 77
2511 1024 0.6551999449729919 2.4273552894592285 154
2512 1024 0.6558999419212341 2.42291522026062 902
2513 1024 0.6543999314308167 2.4227378368377686 63
2514 1024 0.6560900211334229 2.4113612174987793 993
2515 1024 0.654589831829071 2.408337354660034 705
2516 1024 0.6556499600410461 2.4053993225097656 654
2517 1024 0.6530698537826538 2.4045073986053467 593
2518 1024 0.657029926776886 2.3906984329223633 195
2519 1024 0.6555699706077576 2.388270378112793 65
2520 1024 0.6534999012947083 2.3780593872070312 481
2521 1024 0.6544501185417175 2.3670883178710938 510
2522 1024 0.6506102085113525 2.3564915657043457 369
2523 1024 0.6521399617195129 2.354961395263672 467
2524 1024 0.6540599465370178 2.33660626411438 516
2525 1024 0.6504100561141968 2.335033893585205 291
2526 1024 0.6498799920082092 2.326184034347534 784
2527 1024 0.6523498892784119 2.3223891258239746 752
2528 1024 0.6515399217605591 2.3136558532714844 35
2529 1024 0.6527099609375 2.3133366107940674 751
2530 1024 0.650629997253418 2.312716484069824 766
2531 1024 0.6543399691581726 2.308067798614502 907
2532 1024 0.6462699174880981 2.2993431091308594 857
2533 1024 0.6489900350570679 2.2976253032684326 684
2534 1024 0.6506498456001282 2.293541193008423 1015
2535 1024 0.6507999897003174 2.2812905311584473 201
2536 1024 0.6505798101425171 2.2793354988098145 207
2537 1024 0.6477299928665161 2.278919219970703 296
2538 1024 0.6479798555374146 2.2776436805725098 503
2539 1024 0.650830090045929 2.272239923477173 215
2540 1024 0.6478999853134155 2.2625463008880615 613
2541 1024 0.6480099558830261 2.2610342502593994 353
2542 1024 0.6487900614738464 2.260787010192871 528
2543 1024 0.6451399922370911 2.2570507526397705 729
2544 1024 0.647599995136261 2.2470459938049316 45
2545 1024 0.6503201127052307 2.24479341506958 154
2546 1024 0.6475300192832947 2.2365565299987793 114
2547 1024 0.6472700834274292 2.235929489135742 879
2548 1024 0.6499000191688538 2.234527111053467 318
2549 1024 0.6512899398803711 2.2340948581695557 877
2550 1024 0.6472399830818176 2.2289986610412598 943
2551 1024 0.6461299061775208 2.2264859676361084 888
2552 1024 0.6478298902511597 2.225377082824707 987
2553 1024 0.6470898985862732 2.224095582962036 574
2554 1024 0.647570013999939 2.2219440937042236 469
2555 1024 0.649060070514679 2.221339702606201 646
2556 1024 0.64711993932724 2.221282958984375 319
2557 1024 0.6475498676300049 2.213178873062134 371
2558 1024 0.6482899188995361 2.2056827545166016 421
2559 1024 0.6455599665641785 2.205252170562744 21
2560 1024 0.6421399712562561 2.204712390899658 508
2561 1024 0.6488800644874573 2.2039103507995605 885
2562 1024 0.6481199264526367 2.2011895179748535 411
2563 1024 0.6419300436973572 2.1942639350891113 927
2564 1024 0.6433099508285522 2.192957639694214 763
2565 1024 0.6485399007797241 2.191253662109375 707
2566 1024 0.6461299657821655 2.1816534996032715 53
2567 1024 0.6456699967384338 2.1810762882232666 287
2568 1024 0.6427299380302429 2.179959774017334 304
2569 1024 0.6467798352241516 2.178469657897949 446
2570 1024 0.649649977684021 2.1761789321899414 767
2571 1024 0.6459999680519104 2.173240900039673 456
2572 1024 0.6392198204994202 2.1572508811950684 237
2573 1024 0.6429600119590759 2.1531190872192383 301
2574 1024 0.6423899531364441 2.1463587284088135 699
2575 1024 0.6447400450706482 2.1433048248291016 995
2576 1024 0.6413098573684692 2.1328444480895996 696
2577 1024 0.6441899538040161 2.132812023162842 707
2578 1024 0.6416499018669128 2.1266181468963623 881
2579 1024 0.647089958190918 2.1249325275421143 231
2580 1024 0.6436398029327393 2.1140642166137695 848
2581 1024 0.6469598412513733 2.1051812171936035 441
2582 1024 0.6417298913002014 2.0979225635528564 927
2583 1024 0.6426299214363098 2.09626841545105 979
2584 1024 0.6413198709487915 2.091543197631836 574
2585 1024 0.6469100117683411 2.0815670490264893 466
2586 1024 0.6418100595474243 2.0804214477539062 711
2587 1024 0.6417399644851685 2.07595157623291 64
2588 1024 0.6449000239372253 2.068833351135254 334
2589 1024 0.6426199078559875 2.0645878314971924 587
2590 1024 0.6401100754737854 2.0537028312683105 354
2591 1024 0.6379500031471252 2.044692039489746 706
2592 1024 0.6412099599838257 2.0439348220825195 245
2593 1024 0.6421398520469666 2.042958974838257 730
2594 1024 0.6397699117660522 2.040969133377075 187
2595 1024 0.6395799517631531 2.0406599044799805 52
2596 1024 0.6412599682807922 2.036600112915039 618
2597 1024 0.6420299410820007 2.0335536003112793 653
2598 1024 0.6388198733329773 2.032850742340088 61
2599 1024 0.6407899260520935 2.0309865474700928 551
2600 1024 0.6405399441719055 2.030378818511963 429
2601 1024 0.6380998492240906 2.028311252593994 484
2602 1024 0.6416398286819458 2.025876045227051 787
2603 1024 0.6372399926185608 2.025012969970703 440
2604 1024 0.6404100656509399 2.0116686820983887 678
2605 1024 0.6405699849128723 2.011627435684204 566
2606 1024 0.6348299384117126 1.9992406368255615 935
2607 1024 0.6379099488258362 1.9918327331542969 312
2608 1024 0.6372699737548828 1.9917018413543701 526
2609 1024 0.6365197896957397 1.9907989501953125 328
2610 1024 0.6378500461578369 1.9875025749206543 500
2611 1024 0.6362998485565186 1.9811124801635742 508
2612 1024 0.6364098787307739 1.980126142501831 798
2613 1024 0.6385300159454346 1.977557897567749 345
2614 1024 0.638189971446991 1.9737582206726074 73
2615 1024 0.6376000046730042 1.9730713367462158 426
2616 1024 0.6420599222183228 1.9722923040390015 218
2617 1024 0.641559898853302 1.967360258102417 573
2618 1024 0.6349001526832581 1.966592788696289 320
2619 1024 0.6395999789237976 1.9577383995056152 72
2620 1024 0.6390601992607117 1.951439619064331 722
2621 1024 0.6371698379516602 1.9460704326629639 164
2622 1024 0.6363499164581299 1.9401991367340088 554
2623 1024 0.6355500221252441 1.9352467060089111 15
2624 1024 0.6351199746131897 1.9348636865615845 205
2625 1024 0.6362597346305847 1.9308918714523315 684
2626 1024 0.6370199918746948 1.9266972541809082 113
2627 1024 0.6347499489784241 1.9235451221466064 687
2628 1024 0.6359699368476868 1.9190025329589844 859
2629 1024 0.635890007019043 1.9174811840057373 880
2630 1024 0.6401098370552063 1.9161386489868164 927
2631 1024 0.6380099654197693 1.912043571472168 528
2632 1024 0.6388500332832336 1.9080584049224854 182
2633 1024 0.6365999579429626 1.8941571712493896 745
2634 1024 0.6350799798965454 1.8919239044189453 571
2635 1024 0.6304700374603271 1.8892360925674438 554
2636 1024 0.6357200741767883 1.8848369121551514 114
2637 1024 0.6352100968360901 1.8751945495605469 399
2638 1024 0.6342199444770813 1.8695776462554932 180
2639 1024 0.63034987449646 1.8686721324920654 196
2640 1024 0.631089985370636 1.8678914308547974 28
2641 1024 0.6356699466705322 1.8597557544708252 511
2642 1024 0.6361199617385864 1.8576381206512451 232
2643 1024 0.6338401436805725 1.8532590866088867 226
2644 1024 0.6348800659179688 1.8489651679992676 790
2645 1024 0.6329200863838196 1.8455708026885986 849
2646 1024 0.632580041885376 1.8452870845794678 642
2647 1024 0.6311999559402466 1.8427280187606812 464
2648 1024 0.6321299076080322 1.8406230211257935 839
2649 1024 0.6339400410652161 1.8396095037460327 641
2650 1024 0.6319099068641663 1.8321797847747803 666
2651 1024 0.6343199610710144 1.8314082622528076 548
2652 1024 0.6332898139953613 1.8272292613983154 131
2653 1024 0.6342000961303711 1.8188245296478271 382
2654 1024 0.6314300298690796 1.8084981441497803 622
2655 1024 0.6282801032066345 1.8079944849014282 903
2656 1024 0.6360000967979431 1.8022738695144653 1002
2657 1024 0.6307300329208374 1.8020517826080322 150
2658 1024 0.6279600262641907 1.8010053634643555 283
2659 1024 0.6261799931526184 1.799054503440857 513
2660 1024 0.6292999386787415 1.7970689535140991 930
2661 1024 0.6310099959373474 1.7968987226486206 469
2662 1024 0.6313098669052124 1.796217918395996 532
2663 1024 0.6255999803543091 1.7948802709579468 376
2664 1024 0.6334202289581299 1.7873499393463135 403
2665 1024 0.6344699859619141 1.7819838523864746 207
2666 1024 0.6310400366783142 1.7785277366638184 871
2667 1024 0.626520037651062 1.7769527435302734 403
2668 1024 0.6282798051834106 1.7707328796386719 775
2669 1024 0.6296199560165405 1.7637999057769775 117
2670 1024 0.6276601552963257 1.7583189010620117 932
2671 1024 0.6275699138641357 1.7452737092971802 219
2672 1024 0.6282598376274109 1.7452576160430908 178
2673 1024 0.6296499967575073 1.7438349723815918 639
2674 1024 0.6283898949623108 1.743377923965454 815
2675 1024 0.6293500065803528 1.7431600093841553 279
2676 1024 0.627519965171814 1.7392573356628418 351
2677 1024 0.6263900995254517 1.733546495437622 170
2678 1024 0.6269099712371826 1.7287309169769287 231
2679 1024 0.6294900178909302 1.727901577949524 734
2680 1024 0.6312099099159241 1.724226951599121 727
2681 1024 0.6258300542831421 1.7181944847106934 653
2682 1024 0.6255698800086975 1.715651035308838 87
2683 1024 0.6280401349067688 1.7122224569320679 644
2684 1024 0.6321701407432556 1.712035059928894 918
2685 1024 0.6270902752876282 1.7116824388504028 293
2686 1024 0.6220999956130981 1.7087030410766602 28
2687 1024 0.6284599900245667 1.7051117420196533 843
2688 1024 0.6295299530029297 1.7049221992492676 440
2689 1024 0.6261299252510071 1.700832724571228 185
2690 1024 0.6248101592063904 1.6975271701812744 966
2691 1024 0.6276900172233582 1.6939141750335693 989
2692 1024 0.6247000098228455 1.6902269124984741 172
2693 1024 0.6319500207901001 1.687915325164795 293
2694 1024 0.623569905757904 1.681880235671997 360
2695 1024 0.6272099614143372 1.6816773414611816 823
2696 1024 0.6256701350212097 1.6781913042068481 929
2697 1024 0.6267200112342834 1.676745891571045 571
2698 1024 0.6231499910354614 1.6701500415802002 706
2699 1024 0.6241400241851807 1.6671613454818726 406
2700 1024 0.6275099515914917 1.6662933826446533 231
2701 1024 0.6244499683380127 1.6583127975463867 71
2702 1024 0.6202399730682373 1.6490975618362427 343
2703 1024 0.6271400451660156 1.6482646465301514 830
2704 1024 0.6231998801231384 1.647883415222168 653
2705 1024 0.6240199208259583 1.6450327634811401 415
2706 1024 0.6256899237632751 1.6366353034973145 510
2707 1024 0.6226100921630859 1.6359987258911133 2
2708 1024 0.6195199489593506 1.6332190036773682 371
2709 1024 0.6275599598884583 1.6236916780471802 607
2710 1024 0.6219300031661987 1.6218527555465698 588
2711 1024 0.6243200302124023 1.6184241771697998 122
2712 1024 0.622600257396698 1.6158413887023926 819
2713 1024 0.624239981174469 1.6139936447143555 763
2714 1024 0.6206501126289368 1.604920506477356 680
2715 1024 0.6237601637840271 1.5945435762405396 353
2716 1024 0.6216301321983337 1.5914021730422974 592
2717 1024 0.6200500130653381 1.5899889469146729 608
2718 1024 0.6223200559616089 1.5853190422058105 646
2719 1024 0.6254300475120544 1.5850658416748047 354
2720 1024 0.6199100613594055 1.57900071144104 604
2721 1024 0.6200500726699829 1.5735249519348145 730
2722 1024 0.6181600093841553 1.561750888824463 477
2723 1024 0.6155200004577637 1.5571324825286865 530
2724 1024 0.6235798597335815 1.552958607673645 820
2725 1024 0.6197900772094727 1.549989938735962 793
2726 1024 0.6200798749923706 1.5492658615112305 295
2727 1024 0.6215201616287231 1.546373963356018 774
2728 1024 0.6181599497795105 1.544826865196228 532
2729 1024 0.6148999929428101 1.538304328918457 354
2730 1024 0.6203900575637817 1.5380282402038574 968
2731 1024 0.621390163898468 1.5349528789520264 898
2732 1024 0.6222099661827087 1.532268762588501 331
2733 1024 0.6198999881744385 1.5316303968429565 356
2734 1024 0.6233398914337158 1.522465467453003 440
2735 1024 0.6192899942398071 1.5200715065002441 988
2736 1024 0.6210799813270569 1.5146881341934204 125
2737 1024 0.6188101768493652 1.503345012664795 903
2738 1024 0.6164500713348389 1.4997107982635498 397
2739 1024 0.61434006690979 1.4974372386932373 298
2740 1024 0.6143598556518555 1.492997169494629 358
2741 1024 0.6161600947380066 1.4912216663360596 367
2742 1024 0.6195400953292847 1.4855983257293701 6
2743 1024 0.6160898208618164 1.482391119003296 473
2744 1024 0.6139799952507019 1.4774646759033203 126
2745 1024 0.6141600608825684 1.4751124382019043 529
2746 1024 0.6154999136924744 1.4744787216186523 99
2747 1024 0.6154599785804749 1.4739947319030762 177
2748 1024 0.6179200410842896 1.4638073444366455 1014
2749 1024 0.6150600910186768 1.4633928537368774 871
2750 1024 0.616849958896637 1.461395502090454 609
2751 1024 0.6149099469184875 1.453263282775879 975
2752 1024 0.6153400540351868 1.451749563217163 973
2753 1024 0.61558997631073 1.4426761865615845 358
2754 1024 0.6162999868392944 1.4423043727874756 279
2755 1024 0.6120200753211975 1.440281867980957 100
2756 1024 0.610789954662323 1.4352006912231445 92
2757 1024 0.615820050239563 1.4327319860458374 78
2758 1024 0.6145100593566895 1.431293249130249 147
2759 1024 0.612030029296875 1.4308125972747803 692
2760 1024 0.6140899658203125 1.4270685911178589 833
2761 1024 0.6161598563194275 1.4211475849151611 113
2762 1024 0.6150499582290649 1.4129917621612549 510
2763 1024 0.6154299974441528 1.409387469291687 591
2764 1024 0.6116399765014648 1.401162028312683 767
2765 1024 0.6118800044059753 1.3890845775604248 132
2766 1024 0.6086800694465637 1.3883558511734009 718
2767 1024 0.6136099696159363 1.382373332977295 921
2768 1024 0.6106202006340027 1.3737401962280273 474
2769 1024 0.6141600012779236 1.3734978437423706 938
2770 1024 0.6138100028038025 1.3645999431610107 44
2771 1024 0.6132599711418152 1.3643449544906616 521
2772 1024 0.6088300347328186 1.3608899116516113 2
2773 1024 0.6159400939941406 1.3603824377059937 828
2774 1024 0.606969952583313 1.3597197532653809 416
2775 1024 0.6129199862480164 1.3546086549758911 108
2776 1024 0.6088800430297852 1.3428746461868286 935
2777 1024 0.6127501130104065 1.3409359455108643 786
2778 1024 0.6113000512123108 1.3340044021606445 899
2779 1024 0.6077499389648438 1.3307125568389893 391
2780 1024 0.613379955291748 1.3271777629852295 737
2781 1024 0.612740159034729 1.3270304203033447 213
2782 1024 0.6087799072265625 1.3212833404541016 656
2783 1024 0.6052199602127075 1.317394495010376 740
2784 1024 0.6058900952339172 1.3048285245895386 446
2785 1024 0.6096100211143494 1.300761103630066 274
2786 1024 0.6094200611114502 1.3005924224853516 673
2787 1024 0.6080300211906433 1.2962583303451538 765
2788 1024 0.6094500422477722 1.294687032699585 219
2789 1024 0.6083700060844421 1.2891647815704346 1010
2790 1024 0.6084301471710205 1.2852630615234375 906
2791 1024 0.6083099842071533 1.2845312356948853 275
2792 1024 0.610020101070404 1.2684605121612549 694
2793 1024 0.6077401041984558 1.26450514793396 687
2794 1024 0.6065499186515808 1.2571425437927246 203
2795 1024 0.6046901345252991 1.2567533254623413 155
2796 1024 0.6075599789619446 1.2534005641937256 509
2797 1024 0.6082001328468323 1.2510981559753418 939
2798 1024 0.6045599579811096 1.248373031616211 147
2799 1024 0.6087400317192078 1.2458181381225586 839
2800 1024 0.6058800220489502 1.2375766038894653 335
2801 1024 0.6058601140975952 1.2369797229766846 691
2802 1024 0.6040501594543457 1.235931396484375 22
2803 1024 0.6069300174713135 1.2265641689300537 1002
2804 1024 0.606080174446106 1.218966007232666 525
2805 1024 0.6047700047492981 1.2173227071762085 699
2806 1024 0.6044801473617554 1.206433653831482 407
2807 1024 0.6019400954246521 1.2016267776489258 577
2808 1024 0.6038700938224792 1.2012863159179688 905
2809 1024 0.6054700613021851 1.1962637901306152 72
2810 1024 0.6043800711631775 1.1917147636413574 735
2811 1024 0.6026999354362488 1.1884342432022095 878
2812 1024 0.6021500825881958 1.1812866926193237 607
2813 1024 0.6053000092506409 1.1804814338684082 126
2814 1024 0.6054500937461853 1.1766278743743896 915
2815 1024 0.6021801829338074 1.1724915504455566 127
2816 1024 0.6013100147247314 1.1655840873718262 256
2817 1024 0.6036199927330017 1.1614129543304443 8
2818 1024 0.5994499921798706 1.1532883644104004 553
2819 1024 0.6010600328445435 1.1526886224746704 818
2820 1024 0.5978400111198425 1.1465190649032593 678
2821 1024 0.601820170879364 1.1435959339141846 1002
2822 1024 0.601409912109375 1.1371307373046875 1018
2823 1024 0.6014400720596313 1.136387586593628 444
2824 1024 0.6036501526832581 1.1332676410675049 183
2825 1024 0.6025699377059937 1.1236143112182617 629
2826 1024 0.597230076789856 1.1225430965423584 350
2827 1024 0.6030100584030151 1.120645523071289 672
2828 1024 0.6003900170326233 1.1155285835266113 395
2829 1024 0.5981999635696411 1.1145164966583252 270
2830 1024 0.6006201505661011 1.113266944885254 483
2831 1024 0.6004000902175903 1.1126635074615479 319
2832 1024 0.598159909248352 1.1036474704742432 424
2833 1024 0.5961900949478149 1.1034071445465088 763
2834 1024 0.5982199907302856 1.1024830341339111 92
2835 1024 0.6006801724433899 1.1013529300689697 914
2836 1024 0.5997999310493469 1.0991771221160889 0
2837 1024 0.5932900905609131 1.091792106628418 352
2838 1024 0.5966099500656128 1.0916043519973755 478
2839 1024 0.5975999236106873 1.0873689651489258 43
2840 1024 0.5950600504875183 1.0810363292694092 13
2841 1024 0.601099967956543 1.0793663263320923 13
2842 1024 0.5970802307128906 1.0736958980560303 357
2843 1024 0.5934001207351685 1.0727460384368896 188
2844 1024 0.5959099531173706 1.0712673664093018 252
2845 1024 0.5999799966812134 1.0706455707550049 268
2846 1024 0.6002601385116577 1.0700222253799438 72
2847 1024 0.5969599485397339 1.0686571598052979 976
2848 1024 0.5985999703407288 1.0684814453125 58
2849 1024 0.5993899703025818 1.0600565671920776 480
2850 1024 0.5971502065658569 1.0431345701217651 763
2851 1024 0.5982800722122192 1.0391138792037964 911
2852 1024 0.5966900587081909 1.0319085121154785 850
2853 1024 0.5961201190948486 1.028855323791504 222
2854 1024 0.5946201086044312 1.016697883605957 955
2855 1024 0.5928201675415039 1.0166854858398438 904
2856 1024 0.5956701040267944 1.0150566101074219 836
2857 1024 0.5955699682235718 1.0131301879882812 650
2858 1024 0.5922098755836487 1.01204252243042 240
2859 1024 0.596310019493103 1.0116703510284424 311
2860 1024 0.589449942111969 1.0095442533493042 210
2861 1024 0.5945900082588196 0.9958215951919556 215
2862 1024 0.5917401909828186 0.9946764707565308 642
2863 1024 0.5947200059890747 0.9889165163040161 503
2864 1024 0.5902802348136902 0.9885220527648926 294
2865 1024 0.5948001742362976 0.9804391264915466 812
2866 1024 0.590420126914978 0.9792178869247437 301
2867 1024 0.5923100709915161 0.965498685836792 675
2868 1024 0.591740071773529 0.9613655805587769 87
2869 1024 0.5930801033973694 0.9567443132400513 769
2870 1024 0.5955701470375061 0.9555092453956604 738
2871 1024 0.5922399759292603 0.9553211331367493 397
2872 1024 0.5918201208114624 0.949750542640686 316
2873 1024 0.5902899503707886 0.9412647485733032 621
2874 1024 0.5915100574493408 0.9331072568893433 632
2875 1024 0.5901800990104675 0.9326747059822083 393
2876 1024 0.5893500447273254 0.931998074054718 240
2877 1024 0.5928699970245361 0.9306449890136719 598
2878 1024 0.5884300470352173 0.929169774055481 579
2879 1024 0.5899099707603455 0.9288253784179688 863
2880 1024 0.5890498757362366 0.9278658628463745 344
2881 1024 0.5947901606559753 0.916127622127533 426
2882 1024 0.588630199432373 0.910470724105835 951
2883 1024 0.5927400588989258 0.9104204177856445 378
2884 1024 0.5881500244140625 0.9079656600952148 768
2885 1024 0.5875000357627869 0.9068115949630737 638
2886 1024 0.5899400115013123 0.9060062170028687 78
2887 1024 0.5900498628616333 0.9044082164764404 167
2888 1024 0.5917600989341736 0.8784034252166748 10
2889 1024 0.5891700387001038 0.8719645738601685 244
2890 1024 0.5896701812744141 0.8711013793945312 739
2891 1024 0.5838999152183533 0.8702482581138611 390
2892 1024 0.5880200862884521 0.8690528869628906 367
2893 1024 0.5855802297592163 0.8666192293167114 2
2894 1024 0.5834299325942993 0.863044023513794 139
2895 1024 0.5858402252197266 0.852939248085022 245
2896 1024 0.5866801142692566 0.8477218151092529 296
2897 1024 0.5846100449562073 0.8435752987861633 1001
2898 1024 0.5872800350189209 0.8426928520202637 887
2899 1024 0.5850001573562622 0.8423839807510376 841
2900 1024 0.5833099484443665 0.8377279043197632 880
2901 1024 0.5914999842643738 0.837173581123352 386
2902 1024 0.5841602087020874 0.8338987827301025 1001
2903 1024 0.5829800367355347 0.824803352355957 894
2904 1024 0.5844401717185974 0.8225850462913513 190
2905 1024 0.5833898782730103 0.820945143699646 457
2906 1024 0.5852400064468384 0.8161885142326355 296
2907 1024 0.5836300253868103 0.8153775930404663 757
2908 1024 0.5869400501251221 0.8144692182540894 952
2909 1024 0.5828999876976013 0.8119275569915771 266
2910 1024 0.5811900496482849 0.808018684387207 424
2911 1024 0.5861999988555908 0.8011969327926636 695
2912 1024 0.5845299363136292 0.7975938320159912 284
2913 1024 0.5790401101112366 0.792363166809082 282
2914 1024 0.5879099369049072 0.7910424470901489 743
2915 1024 0.5824300050735474 0.7877293825149536 802
2916 1024 0.5831601023674011 0.7843267321586609 11
2917 1024 0.5818299651145935 0.7831084728240967 92
2918 1024 0.5819200873374939 0.7812141180038452 792
2919 1024 0.5836700797080994 0.7741888761520386 697
2920 1024 0.5843400359153748 0.7696470022201538 424
2921 1024 0.5819900631904602 0.764248251914978 876
2922 1024 0.5832800269126892 0.7632927894592285 260
2923 1024 0.5793600678443909 0.7632075548171997 608
2924 1024 0.5822501182556152 0.7574402689933777 281
2925 1024 0.5837899446487427 0.7525091171264648 322
2926 1024 0.5792999863624573 0.7520291805267334 250
2927 1024 0.5769700407981873 0.7509323358535767 574
2928 1024 0.5789700150489807 0.7474991083145142 125
2929 1024 0.5819400548934937 0.7352324724197388 760
2930 1024 0.5803001523017883 0.7351984977722168 874
2931 1024 0.579259991645813 0.7331173419952393 555
2932 1024 0.5819000005722046 0.7243142127990723 586
2933 1024 0.5807101130485535 0.7161219120025635 202
2934 1024 0.5818300247192383 0.71591717004776 459
2935 1024 0.5799301266670227 0.7015131711959839 868
2936 1024 0.5783700942993164 0.6852818727493286 178
2937 1024 0.5768800377845764 0.6815392971038818 891
2938 1024 0.5784100890159607 0.6767306327819824 60
2939 1024 0.5811201333999634 0.6713932156562805 733
2940 1024 0.5769199132919312 0.6632076501846313 330
2941 1024 0.5752900242805481 0.6599053144454956 124
2942 1024 0.5777500867843628 0.6570732593536377 963
2943 1024 0.5732101202011108 0.651289701461792 178
2944 1024 0.5746599435806274 0.648461103439331 524
2945 1024 0.5755100846290588 0.648018479347229 1000
2946 1024 0.5764201879501343 0.6437630653381348 554
2947 1024 0.5778801441192627 0.6401324272155762 35
2948 1024 0.5732600092887878 0.6362748742103577 574
2949 1024 0.5730599164962769 0.6347254514694214 826
2950 1024 0.5768899917602539 0.6336573958396912 1012
2951 1024 0.5742599368095398 0.633311927318573 561
2952 1024 0.5756601095199585 0.6290431022644043 186
2953 1024 0.573949933052063 0.6122277975082397 537
2954 1024 0.5720999240875244 0.6056347489356995 980
2955 1024 0.5715700387954712 0.5962137579917908 569
2956 1024 0.571860134601593 0.5960462093353271 973
2957 1024 0.5712500810623169 0.5957478284835815 305
2958 1024 0.569890022277832 0.5952149033546448 480
2959 1024 0.5708500742912292 0.5891528129577637 872
2960 1024 0.5694699883460999 0.5851693153381348 200
2961 1024 0.5695700645446777 0.583721399307251 145
2962 1024 0.5691100358963013 0.5808284282684326 309
2963 1024 0.573140025138855 0.5799486637115479 46
2964 1024 0.5691699385643005 0.5795717239379883 419
2965 1024 0.5717400312423706 0.5768864750862122 634
2966 1024 0.5676800012588501 0.5729314684867859 846
2967 1024 0.5716400146484375 0.5719631910324097 952
2968 1024 0.5677801966667175 0.5709764957427979 530
2969 1024 0.5698100924491882 0.5708661675453186 514
2970 1024 0.5695301294326782 0.566310703754425 757
2971 1024 0.5711800456047058 0.5656734108924866 426
2972 1024 0.5703500509262085 0.5639889240264893 861
2973 1024 0.5686101913452148 0.5633227825164795 167
2974 1024 0.5681600570678711 0.5629541873931885 3
2975 1024 0.5719200372695923 0.5604062676429749 557
2976 1024 0.5730301141738892 0.5576251745223999 578
2977 1024 0.5684199929237366 0.5567019581794739 747
2978 1024 0.5705299973487854 0.5544312000274658 822
2979 1024 0.5698100328445435 0.5513797402381897 131
2980 1024 0.5674899816513062 0.5375510454177856 983
2981 1024 0.5686501860618591 0.525580644607544 528
2982 1024 0.571540117263794 0.5180178880691528 442
2983 1024 0.5688400268554688 0.5107498168945312 135
2984 1024 0.5684700608253479 0.5064196586608887 706
2985 1024 0.5661001205444336 0.5046701431274414 495
2986 1024 0.5637400150299072 0.5026212930679321 733
2987 1024 0.5681300163269043 0.5010151863098145 471
2988 1024 0.5659600496292114 0.49798572063446045 300
2989 1024 0.5669101476669312 0.4935978949069977 443
2990 1024 0.5661899447441101 0.4931226968765259 208
2991 1024 0.5655799508094788 0.49276453256607056 486
2992 1024 0.5670300126075745 0.49181413650512695 630
2993 1024 0.5656400918960571 0.4911231994628906 47
2994 1024 0.5663400292396545 0.4851447343826294 564
2995 1024 0.5666001439094543 0.47766441106796265 25
2996 1024 0.5673299431800842 0.4707452058792114 288
2997 1024 0.5614399313926697 0.47002458572387695 256
2998 1024 0.5660799145698547 0.46624070405960083 495
2999 1024 0.5630201101303101 0.4633764624595642 184
3000 1024 0.5646801590919495 0.44168686866760254 636
3001 1024 0.560900092124939 0.44099754095077515 368
3002 1024 0.5631899833679199 0.4267144203186035 970
3003 1024 0.5602601766586304 0.42478787899017334 851
3004 1024 0.5585501194000244 0.41578710079193115 202
3005 1024 0.5607300400733948 0.41515177488327026 666
3006 1024 0.56194007396698 0.412308007478714 262
3007 1024 0.5625100135803223 0.4085424542427063 605
3008 1024 0.5577201247215271 0.40327030420303345 840
3009 1024 0.5604500770568848 0.4032520651817322 630
3010 1024 0.5602399110794067 0.4018694758415222 579
3011 1024 0.5608699917793274 0.399760365486145 235
3012 1024 0.5595999956130981 0.39714252948760986 163
3013 1024 0.5604398846626282 0.396373987197876 79
3014 1024 0.5617398619651794 0.395632266998291 378
3015 1024 0.5609802007675171 0.39081037044525146 520
3016 1024 0.5613900423049927 0.3824306130409241 212
3017 1024 0.5534600019454956 0.3807159662246704 5
3018 1024 0.5590400099754333 0.379976749420166 698
3019 1024 0.5587300658226013 0.3791152238845825 630
3020 1024 0.5602399110794067 0.3751058578491211 247
3021 1024 0.5584099292755127 0.3713223338127136 22
3022 1024 0.555899977684021 0.36961841583251953 507
3023 1024 0.5576200485229492 0.3684375286102295 159
3024 1024 0.558940052986145 0.364896297454834 800
3025 1024 0.5567300915718079 0.36377835273742676 754
3026 1024 0.560150146484375 0.3593791723251343 908
3027 1024 0.5602300763130188 0.3542279005050659 813
3028 1024 0.5582400560379028 0.3531661033630371 411
3029 1024 0.5567100644111633 0.3530083894729614 158
3030 1024 0.5561302304267883 0.3513418436050415 143
3031 1024 0.5564199686050415 0.34884560108184814 378
3032 1024 0.5574700236320496 0.3483002185821533 915
3033 1024 0.5544499754905701 0.3470195531845093 287
3034 1024 0.5556299090385437 0.3396872878074646 147
3035 1024 0.5595299601554871 0.3285273313522339 691
3036 1024 0.555340051651001 0.32829952239990234 218
3037 1024 0.55718994140625 0.3257492780685425 474
3038 1024 0.5552800893783569 0.32289397716522217 46
3039 1024 0.5559701323509216 0.32049116492271423 627
3040 1024 0.5559499263763428 0.3156731128692627 92
3041 1024 0.5540200471878052 0.31359243392944336 165
3042 1024 0.556100070476532 0.3120245933532715 467
3043 1024 0.5592300295829773 0.30619776248931885 899
3044 1024 0.5553999543190002 0.3008168935775757 526
3045 1024 0.5536399483680725 0.29873692989349365 596
3046 1024 0.5581401586532593 0.2892887592315674 655
3047 1024 0.556600034236908 0.28334909677505493 45
3048 1024 0.5550001263618469 0.2822302579879761 530
3049 1024 0.553570032119751 0.2794160842895508 805
3050 1024 0.5557798743247986 0.2699679136276245 860
3051 1024 0.5560900568962097 0.2695709466934204 782
3052 1024 0.5526399612426758 0.265560507774353 254
3053 1024 0.5515199303627014 0.26000332832336426 823
3054 1024 0.5517301559448242 0.253534197807312 427
3055 1024 0.550320029258728 0.25023794174194336 6
3056 1024 0.5520901083946228 0.24811828136444092 303
3057 1024 0.5527699589729309 0.2459796667098999 788
3058 1024 0.5500699281692505 0.24283361434936523 162
3059 1024 0.5524399876594543 0.24261081218719482 420
3060 1024 0.5512301325798035 0.24159863591194153 977
3061 1024 0.5515598654747009 0.24089562892913818 988
3062 1024 0.5482801198959351 0.2353130578994751 805
3063 1024 0.5484001636505127 0.22739839553833008 834
3064 1024 0.5504501461982727 0.21084916591644287 383
3065 1024 0.5482398867607117 0.19661861658096313 769
3066 1024 0.5523399114608765 0.1919163465499878 214
3067 1024 0.5455700755119324 0.18336331844329834 49
3068 1024 0.5483000874519348 0.18332719802856445 168
3069 1024 0.5465999245643616 0.18108701705932617 814
3070 1024 0.5471801161766052 0.1809689998626709 1007
3071 1024 0.5459999442100525 0.17326533794403076 967
3072 1024 0.5455700159072876 0.1716565489768982 170
3073 1024 0.5440801382064819 0.17052394151687622 507
3074 1024 0.5464800000190735 0.17024356126785278 611
3075 1024 0.5483900308609009 0.166555255651474 858
3076 1024 0.546000063419342 0.1604769229888916 201
3077 1024 0.5438600182533264 0.1571905016899109 56
3078 1024 0.5473000407218933 0.15456175804138184 841
3079 1024 0.5462800860404968 0.15121132135391235 138
3080 1024 0.5426600575447083 0.15009194612503052 330
3081 1024 0.5437899231910706 0.14694643020629883 232
3082 1024 0.544189989566803 0.14169162511825562 795
3083 1024 0.5462900400161743 0.14104163646697998 678
3084 1024 0.5427799224853516 0.1382371187210083 1008
3085 1024 0.5431399941444397 0.12880682945251465 295
3086 1024 0.5430400371551514 0.1282135248184204 159
3087 1024 0.5437998175621033 0.12459361553192139 333
3088 1024 0.5447099804878235 0.11866235733032227 708
3089 1024 0.5423200726509094 0.11516404151916504 236
3090 1024 0.5414600372314453 0.11168020963668823 911
3091 1024 0.5421700477600098 0.11083030700683594 146
3092 1024 0.5427001714706421 0.10757392644882202 818
3093 1024 0.5419999361038208 0.10681986808776855 45
3094 1024 0.5429099798202515 0.10536861419677734 928
3095 1024 0.54066002368927 0.09850895404815674 581
3096 1024 0.5390101075172424 0.0910000205039978 187
3097 1024 0.5423399806022644 0.09069943428039551 451
3098 1024 0.5423299074172974 0.08838558197021484 751
3099 1024 0.5395100712776184 0.07501566410064697 622
3100 1024 0.5382698774337769 0.06813240051269531 889
3101 1024 0.5408200025558472 0.05829513072967529 883
3102 1024 0.5388500094413757 0.058099329471588135 251
3103 1024 0.5398999452590942 0.0563732385635376 170
3104 1024 0.5376302003860474 0.05613631010055542 685
3105 1024 0.5374199151992798 0.051843881607055664 781
3106 1024 0.5410900115966797 0.050707876682281494 340
3107 1024 0.537449836730957 0.04127168655395508 756
3108 1024 0.5398199558258057 0.040701448917388916 648
3109 1024 0.5392000675201416 0.03857874870300293 832
3110 1024 0.5361600518226624 0.03762996196746826 912
3111 1024 0.5363700985908508 0.03562232851982117 731
3112 1024 0.5380898714065552 0.035197913646698 618
3113 1024 0.5393099188804626 0.029383599758148193 216
3114 1024 0.5352098345756531 0.021720170974731445 921
3115 1024 0.5350498557090759 0.02080392837524414 237
3116 1024 0.5347500443458557 0.013753652572631836 740
3117 1024 0.5367199182510376 0.011066347360610962 791
3118 1024 0.5358200073242188 0.008298754692077637 796
3119 1024 0.5335201025009155 0.005346357822418213 465
3120 1024 0.5351699590682983 0.0037073493003845215 784
3121 1024 0.5368999242782593 0.00260317325592041 849
3122 1024 0.534299910068512 0.00037086009979248047 354
3123 1024 0.5334398746490479 -0.0017548799514770508 722
3124 1024 0.5364400744438171 -0.0056247711181640625 205
3125 1024 0.5349799394607544 -0.006394386291503906 716
3126 1024 0.5314399003982544 -0.00810098648071289 485
3127 1024 0.5334500074386597 -0.010881543159484863 580
3128 1024 0.5311901569366455 -0.021018505096435547 418
3129 1024 0.5335900783538818 -0.02320718765258789 183
3130 1024 0.5325698852539062 -0.024149537086486816 813
3131 1024 0.5315999388694763 -0.026224493980407715 986
3132 1024 0.5357799530029297 -0.02650773525238037 849
3133 1024 0.5335599184036255 -0.033414602279663086 921
3134 1024 0.5316699743270874 -0.04521435499191284 144
3135 1024 0.5309000015258789 -0.04589545726776123 54
3136 1024 0.5310697555541992 -0.0468524694442749 792
3137 1024 0.5299298763275146 -0.053070008754730225 234
3138 1024 0.5321599245071411 -0.0563356876373291 135
3139 1024 0.5323399901390076 -0.060157835483551025 585
3140 1024 0.5294799208641052 -0.06062471866607666 689
3141 1024 0.5293600559234619 -0.06749224662780762 308
3142 1024 0.5294898748397827 -0.06831228733062744 102
3143 1024 0.5307499170303345 -0.06976014375686646 77
3144 1024 0.5298201441764832 -0.07193291187286377 238
3145 1024 0.5299299359321594 -0.08218753337860107 523
3146 1024 0.5314300060272217 -0.0833820104598999 439
3147 1024 0.5294698476791382 -0.08662596344947815 238
3148 1024 0.5306200385093689 -0.08688855171203613 788
3149 1024 0.5282198786735535 -0.09138679504394531 860
3150 1024 0.5318300127983093 -0.09350180625915527 886
3151 1024 0.5312198996543884 -0.09961259365081787 434
3152 1024 0.5293999314308167 -0.10208094120025635 1016
3153 1024 0.5266399383544922 -0.10273557901382446 118
3154 1024 0.5267000198364258 -0.1091284453868866 725
3155 1024 0.5290100574493408 -0.10999023914337158 370
3156 1024 0.5287700295448303 -0.11145526170730591 519
3157 1024 0.5246900320053101 -0.11522912979125977 82
3158 1024 0.524929940700531 -0.11834925413131714 57
3159 1024 0.5251699686050415 -0.12305787205696106 371
3160 1024 0.5235099196434021 -0.12820029258728027 768
3161 1024 0.5252599716186523 -0.13121652603149414 441
3162 1024 0.5224999189376831 -0.13317418098449707 1007
3163 1024 0.5263698697090149 -0.13371849060058594 20
3164 1024 0.5227500796318054 -0.1353600025177002 594
3165 1024 0.5250000357627869 -0.13594722747802734 598
3166 1024 0.524340033531189 -0.13688510656356812 365
3167 1024 0.5227398872375488 -0.13750147819519043 740
3168 1024 0.5237199068069458 -0.13751578330993652 910
3169 1024 0.5265699028968811 -0.13975507020950317 877
3170 1024 0.5249000191688538 -0.1478104591369629 474
3171 1024 0.5220699906349182 -0.14882433414459229 8
3172 1024 0.5215600728988647 -0.15148580074310303 235
3173 1024 0.5251099467277527 -0.15408146381378174 363
3174 1024 0.5228899121284485 -0.1559218168258667 862
3175 1024 0.5230699181556702 -0.16635525226593018 1001
3176 1024 0.5253698825836182 -0.17107880115509033 288
3177 1024 0.5218299627304077 -0.17136025428771973 890
3178 1024 0.5215100646018982 -0.17198574542999268 236
3179 1024 0.5212100148200989 -0.17311227321624756 565
3180 1024 0.5270798802375793 -0.17432767152786255 954
3181 1024 0.5190900564193726 -0.1758161187171936 537
3182 1024 0.5212801098823547 -0.17606109380722046 848
3183 1024 0.5227399468421936 -0.17727327346801758 798
3184 1024 0.5209301114082336 -0.17815017700195312 616
3185 1024 0.5220199823379517 -0.18697571754455566 237
3186 1024 0.5195499658584595 -0.19471478462219238 297
3187 1024 0.5221799612045288 -0.19499516487121582 686
3188 1024 0.5188601016998291 -0.19512516260147095 992
3189 1024 0.522290050983429 -0.1969948410987854 594
3190 1024 0.5206500291824341 -0.19895821809768677 921
3191 1024 0.5236200094223022 -0.19920730590820312 559
3192 1024 0.5178300142288208 -0.2004643678665161 503
3193 1024 0.5211499929428101 -0.20182335376739502 913
3194 1024 0.5183500647544861 -0.20470082759857178 166
3195 1024 0.5197900533676147 -0.2052687406539917 149
3196 1024 0.5189500451087952 -0.21514534950256348 957
3197 1024 0.5191598534584045 -0.21526551246643066 265
3198 1024 0.5205299854278564 -0.2204364538192749 1011
3199 1024 0.5167100429534912 -0.2236475944519043 516
3200 1024 0.5182498693466187 -0.22637414932250977 528
3201 1024 0.5214698910713196 -0.23157870769500732 291
3202 1024 0.5184201002120972 -0.23358392715454102 933
3203 1024 0.5186100602149963 -0.23660731315612793 539
3204 1024 0.5139201283454895 -0.2445654273033142 592
3205 1024 0.516700029373169 -0.2461996078491211 723
3206 1024 0.5176200270652771 -0.24723529815673828 5
3207 1024 0.5163299441337585 -0.2481093406677246 164
3208 1024 0.515809953212738 -0.24988996982574463 845
3209 1024 0.5153699517250061 -0.2581050395965576 344
3210 1024 0.5168699622154236 -0.26290833950042725 137
3211 1024 0.51500004529953 -0.2631021738052368 406
3212 1024 0.5171298980712891 -0.26684296131134033 79
3213 1024 0.5179699063301086 -0.26804906129837036 916
3214 1024 0.5122299790382385 -0.2690114378929138 174
3215 1024 0.5153499245643616 -0.26977622509002686 390
3216 1024 0.5127900838851929 -0.27087485790252686 31
3217 1024 0.5126299858093262 -0.2711107134819031 699
3218 1024 0.5136300325393677 -0.2755764126777649 1017
3219 1024 0.5122899413108826 -0.281391978263855 794
3220 1024 0.5101600289344788 -0.2820391058921814 559
3221 1024 0.5130399465560913 -0.2829909324645996 779
3222 1024 0.5142800211906433 -0.2850923538208008 236
3223 1024 0.5110801458358765 -0.2858269214630127 73
3224 1024 0.5085300207138062 -0.28583407402038574 607
3225 1024 0.5123600959777832 -0.2861076593399048 946
3226 1024 0.5155898332595825 -0.29281318187713623 343
3227 1024 0.513189971446991 -0.2958798408508301 744
3228 1024 0.5141800045967102 -0.2987337112426758 708
3229 1024 0.5088400840759277 -0.30110371112823486 946
3230 1024 0.5136699676513672 -0.301624596118927 666
3231 1024 0.5165599584579468 -0.3043874502182007 369
3232 1024 0.5108400583267212 -0.3075542449951172 1015
3233 1024 0.5134701132774353 -0.3078467845916748 432
3234 1024 0.511489987373352 -0.31075501441955566 520
3235 1024 0.5100001096725464 -0.31245678663253784 588
3236 1024 0.5112400650978088 -0.31462955474853516 62
3237 1024 0.5101200342178345 -0.31487488746643066 919
3238 1024 0.5088599920272827 -0.31615743041038513 897
3239 1024 0.5142300128936768 -0.31747502088546753 1013
3240 1024 0.5138799548149109 -0.32039496302604675 2
3241 1024 0.512910008430481 -0.32363176345825195 681
3242 1024 0.5114699602127075 -0.3245633840560913 443
3243 1024 0.5078500509262085 -0.33122456073760986 783
3244 1024 0.5105301141738892 -0.3375864028930664 421
3245 1024 0.5094199776649475 -0.3424592614173889 242
3246 1024 0.5059101581573486 -0.34732818603515625 126
3247 1024 0.5127798914909363 -0.3479439318180084 499
3248 1024 0.5091999769210815 -0.3495286703109741 103
3249 1024 0.5048900246620178 -0.351154088973999 551
3250 1024 0.5092900395393372 -0.3525277376174927 229
3251 1024 0.507319986820221 -0.35896074771881104 896
3252 1024 0.5075199007987976 -0.3591079115867615 14
3253 1024 0.5102998614311218 -0.36258065700531006 956
3254 1024 0.5083099603652954 -0.3634242117404938 246
3255 1024 0.5070199966430664 -0.3640068769454956 603
3256 1024 0.512470006942749 -0.3643491268157959 302
3257 1024 0.5074601173400879 -0.3649832010269165 805
3258 1024 0.5091500878334045 -0.36642739176750183 354
3259 1024 0.5061300992965698 -0.36841267347335815 228
3260 1024 0.5090699195861816 -0.37222445011138916 559
3261 1024 0.5049900412559509 -0.3746298551559448 504
3262 1024 0.5093399882316589 -0.3805067539215088 189
3263 1024 0.5045100450515747 -0.3813350200653076 102
3264 1024 0.506630003452301 -0.38154637813568115 556
3265 1024 0.5048699975013733 -0.38750123977661133 664
3266 1024 0.5020900368690491 -0.38800299167633057 461
3267 1024 0.5081100463867188 -0.3885859251022339 989
3268 1024 0.5070399641990662 -0.3890143632888794 205
3269 1024 0.5067099332809448 -0.3900291323661804 953
3270 1024 0.506350040435791 -0.392136812210083 897
3271 1024 0.5088399648666382 -0.39234647154808044 473
3272 1024 0.5077700018882751 -0.3928738832473755 320
3273 1024 0.5075101256370544 -0.39295291900634766 300
3274 1024 0.5071600079536438 -0.4028208553791046 285
3275 1024 0.5067699551582336 -0.4140958786010742 633
3276 1024 0.5032799243927002 -0.4164004325866699 318
3277 1024 0.5046599507331848 -0.42231273651123047 167
3278 1024 0.5049400329589844 -0.4238196015357971 298
3279 1024 0.5037500858306885 -0.4307458698749542 859
3280 1024 0.5033099055290222 -0.4368234872817993 154
3281 1024 0.4993800222873688 -0.44212210178375244 706
3282 1024 0.7359099984169006 -0.4425480365753174 845
3283 1024 0.7415898442268372 -0.44263511896133423 303
3284 1024 0.7394000291824341 -0.45110785961151123 107
3285 1024 0.740790069103241 -0.45186853408813477 717
3286 1024 0.7378900647163391 -0.45271825790405273 499
3287 1024 0.7387099862098694 -0.45289885997772217 315
3288 1024 0.7422700524330139 -0.45326685905456543 51
3289 1024 0.7366000413894653 -0.4592682123184204 353
3290 1024 0.7370900511741638 -0.4593104124069214 17
3291 1024 0.737069845199585 -0.46603256464004517 751
3292 1024 0.7430001497268677 -0.4687943458557129 805
3293 1024 0.7361898422241211 -0.4716305136680603 738
3294 1024 0.7377600073814392 -0.47354865074157715 361
3295 1024 0.7439501285552979 -0.4767179489135742 11
3296 1024 0.7408902049064636 -0.4790098965167999 539
3297 1024 0.7426100969314575 -0.47971200942993164 96
3298 1024 0.7382999062538147 -0.4837456941604614 166
3299 1024 0.7396900057792664 -0.4863384962081909 491
3300 1024 0.7400299906730652 -0.48737239837646484 604
3301 1024 0.7377299070358276 -0.4899566173553467 877
3302 1024 0.7395899295806885 -0.4937034845352173 930
3303 1024 0.7353700995445251 -0.5017704963684082 871
3304 1024 0.7367499470710754 -0.5033901929855347 688
3305 1024 0.7380599975585938 -0.5096547603607178 53
3306 1024 0.7391201853752136 -0.5114829540252686 167
3307 1024 0.7401100993156433 -0.5118108987808228 928
3308 1024 0.734620213508606 -0.5123945474624634 318
3309 1024 0.7349202036857605 -0.5131598711013794 526
3310 1024 0.7371200323104858 -0.517096996307373 530
3311 1024 0.737260103225708 -0.5229277610778809 660
3312 1024 0.7363399863243103 -0.5229454636573792 552
3313 1024 0.737269937992096 -0.5291393995285034 997
3314 1024 0.7348698973655701 -0.534802258014679 479
3315 1024 0.7358801364898682 -0.5368169546127319 777
3316 1024 0.7338499426841736 -0.5383517146110535 442
3317 1024 0.7381300926208496 -0.5417661666870117 986
3318 1024 0.7351599931716919 -0.5447820425033569 825
3319 1024 0.7298800349235535 -0.5453048944473267 324
3320 1024 0.7374398708343506 -0.545329749584198 55
3321 1024 0.7365500330924988 -0.5455949306488037 41
3322 1024 0.7342500686645508 -0.5482685565948486 929
3323 1024 0.7339400053024292 -0.5519460439682007 275
3324 1024 0.7304900288581848 -0.5564031600952148 792
3325 1024 0.7344598174095154 -0.5570669174194336 404
3326 1024 0.735270082950592 -0.5584614872932434 626
3327 1024 0.7353699803352356 -0.558887243270874 290
3328 1024 0.7350298762321472 -0.5594801902770996 720
3329 1024 0.7340697050094604 -0.5600650906562805 485
3330 1024 0.735430121421814 -0.5614675283432007 783
3331 1024 0.7370600700378418 -0.5617032051086426 757
3332 1024 0.7370799779891968 -0.5621057152748108 869
3333 1024 0.7343900799751282 -0.5622952580451965 326
3334 1024 0.7324001789093018 -0.5623281598091125 968
3335 1024 0.7368899583816528 -0.5627803802490234 540
3336 1024 0.7338401079177856 -0.5636143684387207 521
3337 1024 0.7321499586105347 -0.5658323764801025 162
3338 1024 0.7357600927352905 -0.568393349647522 924
3339 1024 0.7339099645614624 -0.5808890461921692 69
3340 1024 0.7328298687934875 -0.582366406917572 241
3341 1024 0.7329300045967102 -0.5831233263015747 783
3342 1024 0.7333199381828308 -0.5832196474075317 525
3343 1024 0.7311903238296509 -0.5842348337173462 149
3344 1024 0.7325999140739441 -0.5847850441932678 564
3345 1024 0.7292699813842773 -0.5847970247268677 179
3346 1024 0.7324799299240112 -0.586237907409668 938
3347 1024 0.7343800067901611 -0.5896850824356079 559
3348 1024 0.72940993309021 -0.595584511756897 71
3349 1024 0.7325199246406555 -0.5967323184013367 127
3350 1024 0.7333399057388306 -0.603797972202301 364
3351 1024 0.7327098846435547 -0.6038552522659302 807
3352 1024 0.7322100400924683 -0.6054262518882751 378
3353 1024 0.7315301895141602 -0.6078650951385498 122
3354 1024 0.7305899858474731 -0.608783483505249 78
3355 1024 0.7341902256011963 -0.6089352369308472 527
3356 1024 0.7319802045822144 -0.6157827973365784 566
3357 1024 0.7312600016593933 -0.6168122291564941 823
3358 1024 0.7336398959159851 -0.6238067150115967 659
3359 1024 0.7285900712013245 -0.6250410676002502 47
3360 1024 0.7288199663162231 -0.6261802911758423 664
3361 1024 0.7292799949645996 -0.6269252300262451 509
3362 1024 0.73471999168396 -0.6301089525222778 178
3363 1024 0.7283599972724915 -0.6307934522628784 259
3364 1024 0.7311701774597168 -0.6366924047470093 834
3365 1024 0.7276498079299927 -0.6387948989868164 523
3366 1024 0.7323402762413025 -0.6435045003890991 228
3367 1024 0.7323200702667236 -0.6441961526870728 267
3368 1024 0.7305299043655396 -0.6450115442276001 465
3369 1024 0.7266100645065308 -0.6470328569412231 187
3370 1024 0.7305899858474731 -0.6472338438034058 371
3371 1024 0.7272800803184509 -0.6508991718292236 967
3372 1024 0.7340600490570068 -0.6510028839111328 403
3373 1024 0.7328598499298096 -0.6529653668403625 480
3374 1024 0.7290099859237671 -0.6552765369415283 156
3375 1024 0.7293002009391785 -0.6598607897758484 97
3376 1024 0.7300600409507751 -0.6600472927093506 447
3377 1024 0.7300599217414856 -0.6608991622924805 833
3378 1024 0.7251001000404358 -0.6636067628860474 444
3379 1024 0.7306801676750183 -0.6687138080596924 86
3380 1024 0.7272800207138062 -0.6697561740875244 883
3381 1024 0.7284799218177795 -0.674094557762146 98
3382 1024 0.7285399436950684 -0.6747658252716064 68
3383 1024 0.7319000363349915 -0.6764566898345947 473
3384 1024 0.7269701361656189 -0.6785910129547119 649
3385 1024 0.7246999144554138 -0.6797617077827454 567
3386 1024 0.7274401187896729 -0.6807587742805481 50
3387 1024 0.7289898991584778 -0.6845610737800598 860
3388 1024 0.7286203503608704 -0.6891732215881348 528
3389 1024 0.7288300395011902 -0.6914042234420776 1023
3390 1024 0.7217300534248352 -0.6963862180709839 386
3391 1024 0.725409984588623 -0.6976321935653687 265
3392 1024 0.7281802892684937 -0.6982040405273438 151
3393 1024 0.727130115032196 -0.7013500928878784 572
3394 1024 0.7254002094268799 -0.7027469873428345 237
3395 1024 0.724820077419281 -0.7036299705505371 813
3396 1024 0.7286301851272583 -0.7066762447357178 870
3397 1024 0.7277200818061829 -0.7075082659721375 458
3398 1024 0.7267099618911743 -0.7132443189620972 645
3399 1024 0.7275000810623169 -0.7157149314880371 848
3400 1024 0.7251598834991455 -0.7169677019119263 42
3401 1024 0.729889988899231 -0.7179352045059204 782
3402 1024 0.7254700064659119 -0.7183716297149658 560
3403 1024 0.7269899845123291 -0.7211391925811768 700
3404 1024 0.7280301451683044 -0.7227693200111389 844
3405 1024 0.7260699272155762 -0.7238228917121887 441
3406 1024 0.7249898910522461 -0.7248843908309937 453
3407 1024 0.7239101529121399 -0.727186918258667 314
3408 1024 0.7241399884223938 -0.7311260104179382 746
3409 1024 0.7222699522972107 -0.7326908111572266 288
3410 1024 0.7261999249458313 -0.7363801002502441 971
3411 1024 0.7232201099395752 -0.7384965419769287 16
3412 1024 0.72489994764328 -0.7405489683151245 40
3413 1024 0.7217999696731567 -0.7409378290176392 606
3414 1024 0.7244099378585815 -0.7456337213516235 902
3415 1024 0.7249600887298584 -0.7465606927871704 1002
3416 1024 0.7256500720977783 -0.7466531991958618 557
3417 1024 0.7262001037597656 -0.7501192092895508 516
3418 1024 0.7253201007843018 -0.7531453371047974 944
3419 1024 0.7231099605560303 -0.7564228773117065 476
3420 1024 0.7214900255203247 -0.7569577693939209 667
3421 1024 0.7222802042961121 -0.7576886415481567 943
3422 1024 0.7243099212646484 -0.7657814025878906 16
3423 1024 0.7215201258659363 -0.7657946348190308 455
3424 1024 0.7250399589538574 -0.7684187889099121 430
3425 1024 0.7216598987579346 -0.7704457640647888 488
3426 1024 0.7247502207756042 -0.7710204124450684 47
3427 1024 0.7198502421379089 -0.773811936378479 553
3428 1024 0.7215099930763245 -0.7740273475646973 7
3429 1024 0.7240198850631714 -0.7749634981155396 657
3430 1024 0.7211800813674927 -0.777108907699585 166
3431 1024 0.720579981803894 -0.7795672416687012 978
3432 1024 0.7241900563240051 -0.7814451456069946 250
3433 1024 0.7241399884223938 -0.7827776670455933 272
3434 1024 0.7175701856613159 -0.7840588092803955 336
3435 1024 0.72145015001297 -0.7840728163719177 506
3436 1024 0.7215498089790344 -0.7882633209228516 346
3437 1024 0.721310019493103 -0.7910220623016357 550
3438 1024 0.7234800457954407 -0.7931617498397827 459
3439 1024 0.7209801077842712 -0.7931660413742065 242
3440 1024 0.7222602963447571 -0.7945379018783569 856
3441 1024 0.7216001152992249 -0.7966049909591675 254
3442 1024 0.7179799675941467 -0.7972604036331177 771
3443 1024 0.7222598791122437 -0.7982183694839478 375
3444 1024 0.7252402305603027 -0.802192211151123 956
3445 1024 0.7220900654792786 -0.8027535080909729 554
3446 1024 0.7209600806236267 -0.8053393363952637 288
3447 1024 0.7194698452949524 -0.8058654069900513 942
3448 1024 0.718730092048645 -0.8090769052505493 286
3449 1024 0.724120020866394 -0.8103413581848145 316
3450 1024 0.7226902842521667 -0.8106050491333008 344
3451 1024 0.7205100059509277 -0.8195765018463135 257
3452 1024 0.7177801132202148 -0.8254655599594116 782
3453 1024 0.7234600186347961 -0.8265482187271118 283
3454 1024 0.7201599478721619 -0.8279879093170166 576
3455 1024 0.7230501174926758 -0.8311729431152344 744
3456 1024 0.7162899374961853 -0.8313460350036621 793
3457 1024 0.720050036907196 -0.8315510749816895 783
3458 1024 0.7152500152587891 -0.8357530832290649 167
3459 1024 0.7146100997924805 -0.8373749256134033 829
3460 1024 0.7160899043083191 -0.8416038751602173 916
3461 1024 0.7195598483085632 -0.842376172542572 269
3462 1024 0.7176700234413147 -0.8427700996398926 615
3463 1024 0.7207001447677612 -0.8436570167541504 23
3464 1024 0.7134700417518616 -0.8444198369979858 928
3465 1024 0.7203600406646729 -0.8446877002716064 368
3466 1024 0.7208698391914368 -0.8511621952056885 641
3467 1024 0.7206799983978271 -0.8514817953109741 249
3468 1024 0.716710090637207 -0.851815938949585 182
3469 1024 0.7189100384712219 -0.8522286415100098 543
3470 1024 0.7201699614524841 -0.8568019866943359 704
3471 1024 0.7189301252365112 -0.8573563098907471 391
3472 1024 0.7180300951004028 -0.8578090667724609 559
3473 1024 0.7161701321601868 -0.8591097593307495 643
3474 1024 0.7179300785064697 -0.865196943283081 629
3475 1024 0.7142402529716492 -0.8690832853317261 133
3476 1024 0.7179501056671143 -0.8702051639556885 692
3477 1024 0.7202198505401611 -0.8730744123458862 857
3478 1024 0.7172598242759705 -0.879287600517273 577
3479 1024 0.7144701480865479 -0.8793246746063232 337
3480 1024 0.719290018081665 -0.8793811798095703 520
3481 1024 0.7204999327659607 -0.8794087171554565 270
3482 1024 0.7148800492286682 -0.8799973726272583 843
3483 1024 0.7167399525642395 -0.8838576078414917 274
3484 1024 0.7187900543212891 -0.8847447037696838 168
3485 1024 0.7157100439071655 -0.884998083114624 531
3486 1024 0.7142801284790039 -0.8878068923950195 476
3487 1024 0.7164900302886963 -0.8889479041099548 945
3488 1024 0.7157299518585205 -0.8911630511283875 199
3489 1024 0.7125199437141418 -0.8915403485298157 687
3490 1024 0.7154601812362671 -0.8933528661727905 788
3491 1024 0.7130100727081299 -0.8979849815368652 566
3492 1024 0.7162700295448303 -0.8980010747909546 731
3493 1024 0.715920090675354 -0.898057222366333 578
3494 1024 0.7170800566673279 -0.8982970118522644 143
3495 1024 0.7124201059341431 -0.9019491076469421 317
3496 1024 0.7171900868415833 -0.9024821519851685 97
3497 1024 0.7121399641036987 -0.9074381589889526 570
3498 1024 0.7124602198600769 -0.9170783758163452 711
3499 1024 0.7164801359176636 -0.9191116690635681 46
3500 1024 0.7164099216461182 -0.9198710918426514 695
3501 1024 0.7116199135780334 -0.9204486608505249 805
3502 1024 0.7129499912261963 -0.9229177236557007 216
3503 1024 0.7138301134109497 -0.9266937375068665 788
3504 1024 0.7152301073074341 -0.9278959035873413 62
3505 1024 0.7171300053596497 -0.933077335357666 828
3506 1024 0.7150399684906006 -0.9349011182785034 985
3507 1024 0.7141700387001038 -0.9366450905799866 331
3508 1024 0.7077600955963135 -0.9388493299484253 745
3509 1024 0.7116299867630005 -0.9442298412322998 652
3510 1024 0.7099501490592957 -0.9514403343200684 886
3511 1024 0.7119101285934448 -0.9531855583190918 263
3512 1024 0.7108600735664368 -0.9537454843521118 444
3513 1024 0.7088299989700317 -0.9549821019172668 689
3514 1024 0.7116900682449341 -0.9588369727134705 517
3515 1024 0.7112998962402344 -0.961404025554657 718
3516 1024 0.7120497822761536 -0.9620128870010376 774
3517 1024 0.7091399431228638 -0.9632846117019653 148
3518 1024 0.7146201133728027 -0.9663403630256653 67
3519 1024 0.7119799852371216 -0.967479944229126 685
3520 1024 0.710000216960907 -0.9686236381530762 437
3521 1024 0.7090199589729309 -0.9706754684448242 739
3522 1024 0.7091800570487976 -0.9713916778564453 400
3523 1024 0.7110998630523682 -0.9718878865242004 141
3524 1024 0.708389937877655 -0.971964955329895 655
3525 1024 0.7093698978424072 -0.973113477230072 979
3526 1024 0.709570050239563 -0.973954439163208 979
3527 1024 0.7082001566886902 -0.9771802425384521 206
3528 1024 0.7108500599861145 -0.9785284996032715 580
3529 1024 0.7111198902130127 -0.9799612760543823 446
3530 1024 0.7097501158714294 -0.981603741645813 613
3531 1024 0.7043498754501343 -0.9822099208831787 471
3532 1024 0.7093102931976318 -0.9825711250305176 399
3533 1024 0.7086701989173889 -0.9869459867477417 95
3534 1024 0.7086899876594543 -0.9898281097412109 281
3535 1024 0.7100700736045837 -0.9904575347900391 412
3536 1024 0.7109100818634033 -0.9980015158653259 413
3537 1024 0.7093701958656311 -0.9990724325180054 778
3538 1024 0.7064598202705383 -0.9996844530105591 943
3539 1024 0.7120899558067322 -1.0001237392425537 918
3540 1024 0.709820032119751 -1.0040019750595093 474
3541 1024 0.7127500176429749 -1.0045982599258423 404
3542 1024 0.7060201168060303 -1.0118818283081055 999
3543 1024 0.7074700593948364 -1.0127397775650024 41
3544 1024 0.7079800367355347 -1.0142693519592285 852
3545 1024 0.7085800766944885 -1.0176656246185303 823
3546 1024 0.7091900706291199 -1.0192022323608398 988
3547 1024 0.7084602117538452 -1.0231035947799683 490
3548 1024 0.7068199515342712 -1.0269724130630493 31
3549 1024 0.7056300044059753 -1.0282870531082153 219
3550 1024 0.7067101001739502 -1.030417561531067 400
3551 1024 0.7065799832344055 -1.030551552772522 109
3552 1024 0.7065098881721497 -1.0306611061096191 183
3553 1024 0.7099102139472961 -1.0314929485321045 608
3554 1024 0.7071800231933594 -1.0343438386917114 701
3555 1024 0.7074801325798035 -1.0357301235198975 131
3556 1024 0.7051900029182434 -1.0390002727508545 711
3557 1024 0.7056999802589417 -1.0470030307769775 958
3558 1024 0.7060601711273193 -1.0489342212677002 147
3559 1024 0.7091601490974426 -1.049933910369873 636
3560 1024 0.7063800096511841 -1.05014169216156 998
3561 1024 0.7064501047134399 -1.0501445531845093 773
3562 1024 0.7068703174591064 -1.051878571510315 623
3563 1024 0.704829752445221 -1.055943489074707 935
3564 1024 0.7046599984169006 -1.0567805767059326 431
3565 1024 0.7059600949287415 -1.0607539415359497 53
3566 1024 0.7072501182556152 -1.061437726020813 900
3567 1024 0.703490138053894 -1.0631375312805176 966
3568 1024 0.7056402564048767 -1.0638320446014404 173
3569 1024 0.702750027179718 -1.0677478313446045 498
3570 1024 0.7036101222038269 -1.068061113357544 370
3571 1024 0.701740026473999 -1.069312572479248 319
3572 1024 0.7070100903511047 -1.0720696449279785 809
3573 1024 0.7080002427101135 -1.0751456022262573 380
3574 1024 0.7056599855422974 -1.0765838623046875 596
3575 1024 0.704300045967102 -1.0792475938796997 613
3576 1024 0.7055800557136536 -1.0814872980117798 554
3577 1024 0.7032101154327393 -1.0816619396209717 773
3578 1024 0.7081200480461121 -1.0819690227508545 703
3579 1024 0.7062699794769287 -1.082638144493103 474
3580 1024 0.7041600346565247 -1.0831636190414429 581
3581 1024 0.7055800557136536 -1.0867395401000977 38
3582 1024 0.7038800716400146 -1.0876336097717285 177
3583 1024 0.6992000937461853 -1.0880403518676758 591
3584 1024 0.7060599327087402 -1.0923417806625366 311
3585 1024 0.7028299570083618 -1.0929765701293945 731
3586 1024 0.7045801281929016 -1.0930627584457397 851
3587 1024 0.7025601267814636 -1.0939098596572876 610
3588 1024 0.7025800347328186 -1.0960232019424438 669
3589 1024 0.701740026473999 -1.0964484214782715 870
3590 1024 0.7039699554443359 -1.0987534523010254 913
3591 1024 0.7010400891304016 -1.1029318571090698 46
3592 1024 0.7061499357223511 -1.1046103239059448 723
3593 1024 0.7011399865150452 -1.106614589691162 607
3594 1024 0.7029499411582947 -1.115401268005371 160
3595 1024 0.7012700438499451 -1.1197428703308105 931
3596 1024 0.7010401487350464 -1.1238176822662354 165
3597 1024 0.7001500725746155 -1.1238466501235962 5
3598 1024 0.7020399570465088 -1.1274793148040771 1008
3599 1024 0.6979200839996338 -1.1305357217788696 568
3600 1024 0.6972500681877136 -1.1348901987075806 358
3601 1024 0.7004098892211914 -1.1416863203048706 675
3602 1024 0.6991598606109619 -1.1427676677703857 605
3603 1024 0.6990401148796082 -1.1433076858520508 770
3604 1024 0.6979900002479553 -1.146564245223999 429
3605 1024 0.6983801126480103 -1.1498050689697266 509
3606 1024 0.6993901133537292 -1.1517460346221924 751
3607 1024 0.6979201436042786 -1.1545757055282593 130
3608 1024 0.6978500485420227 -1.1569311618804932 962
3609 1024 0.6957600712776184 -1.1579720973968506 665
3610 1024 0.6970899701118469 -1.1581000089645386 108
3611 1024 0.6991701126098633 -1.158251166343689 738
3612 1024 0.6992398500442505 -1.1639633178710938 757
3613 1024 0.7037799954414368 -1.1654250621795654 803
3614 1024 0.698620080947876 -1.1657474040985107 75
3615 1024 0.696709930896759 -1.1714812517166138 694
3616 1024 0.6961101293563843 -1.1721657514572144 627
3617 1024 0.699650228023529 -1.173380970954895 81
3618 1024 0.7000000476837158 -1.1769620180130005 701
3619 1024 0.6967800259590149 -1.1770679950714111 860
3620 1024 0.6973201036453247 -1.1793758869171143 344
3621 1024 0.6922000646591187 -1.1804108619689941 523
3622 1024 0.6984601616859436 -1.181227445602417 804
3623 1024 0.6993601322174072 -1.1851602792739868 369
3624 1024 0.6964500546455383 -1.18634033203125 326
3625 1024 0.6974599957466125 -1.1879359483718872 740
3626 1024 0.6965700387954712 -1.1880614757537842 819
3627 1024 0.6954300999641418 -1.1929428577423096 960
3628 1024 0.6942102909088135 -1.1941115856170654 550
3629 1024 0.7010601162910461 -1.1944432258605957 668
3630 1024 0.6952900290489197 -1.1944996118545532 287
3631 1024 0.6973299384117126 -1.1967684030532837 521
3632 1024 0.6970000863075256 -1.198293685913086 352
3633 1024 0.6968501210212708 -1.1997950077056885 909
3634 1024 0.6943901181221008 -1.20144784450531 66
3635 1024 0.6965498924255371 -1.2067208290100098 706
3636 1024 0.693600058555603 -1.2080879211425781 706
3637 1024 0.6952300071716309 -1.2082850933074951 903
3638 1024 0.6952700614929199 -1.2096683979034424 603
3639 1024 0.6963799595832825 -1.2110635042190552 321
3640 1024 0.6963401436805725 -1.2115037441253662 172
3641 1024 0.6945499181747437 -1.2131088972091675 471
3642 1024 0.6965699791908264 -1.2164738178253174 546
3643 1024 0.6934899091720581 -1.2178033590316772 1
3644 1024 0.6914700269699097 -1.2181459665298462 513
3645 1024 0.697830080986023 -1.2185261249542236 296
3646 1024 0.6963199973106384 -1.219771385192871 647
3647 1024 0.6929699778556824 -1.2204723358154297 700
3648 1024 0.6975202560424805 -1.2204833030700684 536
3649 1024 0.6941899061203003 -1.2206785678863525 320
3650 1024 0.6967398524284363 -1.2222594022750854 552
3651 1024 0.695120096206665 -1.2224056720733643 493
3652 1024 0.696029782295227 -1.2230145931243896 653
3653 1024 0.6951400637626648 -1.2231255769729614 638
3654 1024 0.6946597695350647 -1.2262933254241943 61
3655 1024 0.6959600448608398 -1.2293182611465454 1020
3656 1024 0.6967800259590149 -1.2311909198760986 642
3657 1024 0.691149890422821 -1.2314834594726562 133
3658 1024 0.6951701045036316 -1.2316999435424805 620
3659 1024 0.6946099400520325 -1.2321112155914307 913
3660 1024 0.6914200186729431 -1.2328912019729614 114
3661 1024 0.6951799392700195 -1.2337791919708252 711
3662 1024 0.6949900388717651 -1.234288215637207 804
3663 1024 0.690060019493103 -1.2344958782196045 327
3664 1024 0.6924101710319519 -1.2401776313781738 626
3665 1024 0.6940901279449463 -1.2420819997787476 105
3666 1024 0.694890022277832 -1.2454606294631958 121
3667 1024 0.6914300918579102 -1.2467676401138306 77
3668 1024 0.6903400421142578 -1.2511606216430664 947
3669 1024 0.6897099018096924 -1.252580165863037 487
3670 1024 0.6928000450134277 -1.2538390159606934 320
3671 1024 0.6907401084899902 -1.255788803100586 859
3672 1024 0.6895100474357605 -1.2578858137130737 49
3673 1024 0.6938702464103699 -1.2587203979492188 790
3674 1024 0.6949600577354431 -1.2590956687927246 94
3675 1024 0.6925799250602722 -1.2595851421356201 665
3676 1024 0.6900901794433594 -1.2656174898147583 338
3677 1024 0.6885700225830078 -1.2666971683502197 180
3678 1024 0.6938099265098572 -1.2668169736862183 379
3679 1024 0.6921300292015076 -1.272416114807129 64
3680 1024 0.6879901885986328 -1.275146245956421 971
3681 1024 0.6884698867797852 -1.2767975330352783 835
3682 1024 0.6932600736618042 -1.2799650430679321 316
3683 1024 0.6916100978851318 -1.282002568244934 437
3684 1024 0.6849400401115417 -1.2830886840820312 281
3685 1024 0.6912899613380432 -1.2856857776641846 576
3686 1024 0.6905398964881897 -1.286573886871338 366
3687 1024 0.6887498497962952 -1.2933497428894043 7
3688 1024 0.6897499561309814 -1.2947598695755005 959
3689 1024 0.6865801215171814 -1.2969465255737305 89
3690 1024 0.6877801418304443 -1.2979795932769775 406
3691 1024 0.6883699893951416 -1.2988336086273193 832
3692 1024 0.685740053653717 -1.29989755153656 637
3693 1024 0.6917800903320312 -1.3007022142410278 718
3694 1024 0.6891198754310608 -1.3011592626571655 304
3695 1024 0.6873400807380676 -1.3017600774765015 295
3696 1024 0.6886199712753296 -1.304588794708252 271
3697 1024 0.6889699697494507 -1.3047484159469604 783
3698 1024 0.6889199614524841 -1.305892825126648 240
3699 1024 0.6856400370597839 -1.3062011003494263 999
3700 1024 0.6884299516677856 -1.307967185974121 386
3701 1024 0.6872400641441345 -1.30951988697052 222
3702 1024 0.6868299841880798 -1.31095552444458 714
3703 1024 0.6878398060798645 -1.3126437664031982 754
3704 1024 0.6832698583602905 -1.312865138053894 475
3705 1024 0.6888601779937744 -1.3147192001342773 557
3706 1024 0.6872398853302002 -1.3179898262023926 845
3707 1024 0.6888201832771301 -1.3199950456619263 354
3708 1024 0.6856900453567505 -1.3216856718063354 729
3709 1024 0.686819851398468 -1.3247226476669312 383
3710 1024 0.6856600046157837 -1.3268641233444214 546
3711 1024 0.6872000694274902 -1.328153133392334 308
3712 1024 0.6865000128746033 -1.3284666538238525 919
3713 1024 0.6835300326347351 -1.3292484283447266 104
3714 1024 0.6830199956893921 -1.3299740552902222 553
3715 1024 0.6867800951004028 -1.3314011096954346 825
3716 1024 0.6851599812507629 -1.3325031995773315 794
3717 1024 0.6857501268386841 -1.3326319456100464 94
3718 1024 0.6869500875473022 -1.3365256786346436 964
3719 1024 0.6862301230430603 -1.337454915046692 440
3720 1024 0.6858701109886169 -1.3376017808914185 873
3721 1024 0.6853700876235962 -1.341247797012329 451
3722 1024 0.6855300664901733 -1.34433114528656 225
3723 1024 0.6864700317382812 -1.345505952835083 520
3724 1024 0.6836199760437012 -1.3456087112426758 608
3725 1024 0.6847900152206421 -1.346104621887207 445
3726 1024 0.6862900257110596 -1.3465704917907715 909
3727 1024 0.6862398982048035 -1.3474106788635254 718
3728 1024 0.6841599345207214 -1.3515732288360596 466
3729 1024 0.6872898936271667 -1.3570760488510132 644
3730 1024 0.6865801215171814 -1.3584240674972534 944
3731 1024 0.6866101622581482 -1.3616570234298706 721
3732 1024 0.6813600659370422 -1.363964557647705 592
3733 1024 0.6835401654243469 -1.3647147417068481 185
3734 1024 0.680030107498169 -1.3648252487182617 175
3735 1024 0.684660017490387 -1.3709795475006104 800
3736 1024 0.6840000152587891 -1.3720968961715698 254
3737 1024 0.6807999014854431 -1.3743672370910645 953
3738 1024 0.6834801435470581 -1.3841748237609863 237
3739 1024 0.6807401776313782 -1.3846385478973389 969
3740 1024 0.6873500943183899 -1.3869664669036865 923
3741 1024 0.6865200400352478 -1.3889633417129517 606
3742 1024 0.6842701435089111 -1.3927034139633179 697
3743 1024 0.678189754486084 -1.4010093212127686 10
3744 1024 0.6771599650382996 -1.401695966720581 526
3745 1024 0.6816200017929077 -1.4032233953475952 126
3746 1024 0.6816601157188416 -1.4060438871383667 679
3747 1024 0.681800127029419 -1.407630443572998 618
3748 1024 0.682420015335083 -1.4085173606872559 782
3749 1024 0.6796897649765015 -1.4100990295410156 701
3750 1024 0.679830014705658 -1.4118043184280396 639
3751 1024 0.6804499626159668 -1.412639856338501 255
3752 1024 0.6770200729370117 -1.4150338172912598 575
3753 1024 0.6764301061630249 -1.4160609245300293 250
3754 1024 0.6786701083183289 -1.418851613998413 87
3755 1024 0.6813401579856873 -1.4191135168075562 878
3756 1024 0.6816499829292297 -1.4194968938827515 514
3757 1024 0.6795300245285034 -1.4232985973358154 547
3758 1024 0.6792998909950256 -1.4237563610076904 1022
3759 1024 0.6793799996376038 -1.4242945909500122 620
3760 1024 0.6781801581382751 -1.4247125387191772 816
3761 1024 0.6794199347496033 -1.4247854948043823 28
3762 1024 0.6780300140380859 -1.426385521888733 858
3763 1024 0.680359959602356 -1.4271798133850098 171
3764 1024 0.6779302358627319 -1.4313161373138428 1017
3765 1024 0.6782501935958862 -1.431634545326233 566
3766 1024 0.6805500388145447 -1.4324374198913574 861
3767 1024 0.6808499693870544 -1.4347633123397827 514
3768 1024 0.6747997999191284 -1.4374816417694092 760
3769 1024 0.6777500510215759 -1.4426547288894653 5
3770 1024 0.6757599711418152 -1.442832112312317 261
3771 1024 0.6743001937866211 -1.4451706409454346 424
3772 1024 0.6747700572013855 -1.4459527730941772 13
3773 1024 0.6791000366210938 -1.4491300582885742 648
3774 1024 0.6755098700523376 -1.4508848190307617 174
3775 1024 0.6770399212837219 -1.4512571096420288 655
3776 1024 0.6758401393890381 -1.4516630172729492 167
3777 1024 0.6752700805664062 -1.451888084411621 731
3778 1024 0.6748201847076416 -1.4541267156600952 665
3779 1024 0.6750900149345398 -1.4573678970336914 552
3780 1024 0.6746701002120972 -1.459545612335205 243
3781 1024 0.6745399832725525 -1.4611619710922241 636
3782 1024 0.6730499267578125 -1.461348056793213 785
3783 1024 0.6762701272964478 -1.4618890285491943 823
3784 1024 0.6791799068450928 -1.466265320777893 123
3785 1024 0.6719300150871277 -1.4664649963378906 139
3786 1024 0.6770199537277222 -1.466651201248169 444
3787 1024 0.6752499938011169 -1.4702650308609009 1003
3788 1024 0.6741300225257874 -1.4712309837341309 483
3789 1024 0.6757000088691711 -1.4741055965423584 23
3790 1024 0.6762498617172241 -1.4753690958023071 685
3791 1024 0.6785301566123962 -1.4794557094573975 310
3792 1024 0.6737698912620544 -1.48006272315979 80
3793 1024 0.6744998693466187 -1.4806361198425293 931
3794 1024 0.6726499199867249 -1.4813637733459473 55
3795 1024 0.6748698949813843 -1.4815415143966675 384
3796 1024 0.6713598966598511 -1.4832044839859009 679
3797 1024 0.6754099130630493 -1.4842897653579712 950
3798 1024 0.6745697855949402 -1.4881614446640015 321
3799 1024 0.674750030040741 -1.48906409740448 272
3800 1024 0.6722798943519592 -1.489912748336792 800
3801 1024 0.6728301048278809 -1.4906898736953735 779
3802 1024 0.6677297353744507 -1.4934446811676025 325
3803 1024 0.6716899871826172 -1.4963750839233398 976
3804 1024 0.674579918384552 -1.4977047443389893 172
3805 1024 0.6719101071357727 -1.498431921005249 978
3806 1024 0.6734999418258667 -1.4984616041183472 567
3807 1024 0.6721500158309937 -1.4995654821395874 868
3808 1024 0.6706100106239319 -1.500042200088501 492
3809 1024 0.6683698892593384 -1.5012176036834717 431
3810 1024 0.6693300008773804 -1.5039823055267334 979
3811 1024 0.67221999168396 -1.5044842958450317 147
3812 1024 0.6696597933769226 -1.5045472383499146 897
3813 1024 0.6715999245643616 -1.5058441162109375 549
3814 1024 0.6712600588798523 -1.5073256492614746 185
3815 1024 0.6663598418235779 -1.5104137659072876 331
3816 1024 0.6733800172805786 -1.5122437477111816 765
3817 1024 0.6710600256919861 -1.5128874778747559 452
3818 1024 0.6710501909255981 -1.5169501304626465 892
3819 1024 0.6717199087142944 -1.524507999420166 280
3820 1024 0.6645199656486511 -1.5245981216430664 50
3821 1024 0.6690298914909363 -1.5300403833389282 881
3822 1024 0.6696099638938904 -1.5343379974365234 43
3823 1024 0.6670899987220764 -1.5355653762817383 873
3824 1024 0.6673699617385864 -1.535823106765747 595
3825 1024 0.6678200364112854 -1.5370192527770996 615
3826 1024 0.6664900183677673 -1.5404157638549805 916
3827 1024 0.6683800220489502 -1.5407963991165161 74
3828 1024 0.667699933052063 -1.5410610437393188 963
3829 1024 0.6694000363349915 -1.5451536178588867 456
3830 1024 0.6665298938751221 -1.5467616319656372 789
3831 1024 0.6688200831413269 -1.5499255657196045 859
3832 1024 0.665570080280304 -1.5520126819610596 189
3833 1024 0.6692699193954468 -1.5524330139160156 727
3834 1024 0.6681200265884399 -1.55250084400177 321
3835 1024 0.6678499579429626 -1.5542932748794556 1004
3836 1024 0.6682400107383728 -1.5561943054199219 457
3837 1024 0.6692101359367371 -1.5571880340576172 668
3838 1024 0.6655001044273376 -1.5573198795318604 340
3839 1024 0.6695200204849243 -1.5580440759658813 595
3840 1024 0.6648199558258057 -1.5588022470474243 638
3841 1024 0.6675298810005188 -1.5596809387207031 458
3842 1024 0.6639701128005981 -1.5613303184509277 27
3843 1024 0.6624099016189575 -1.561970829963684 283
3844 1024 0.6637300252914429 -1.563407063484192 811
3845 1024 0.6668800115585327 -1.5663299560546875 229
3846 1024 0.6649197936058044 -1.5678799152374268 956
3847 1024 0.6670799255371094 -1.570378303527832 350
3848 1024 0.6637499332427979 -1.5724321603775024 912
3849 1024 0.6657399535179138 -1.5729206800460815 152
3850 1024 0.6629100441932678 -1.5751070976257324 824
3851 1024 0.6610497832298279 -1.5778838396072388 841
3852 1024 0.6617397665977478 -1.5782153606414795 940
3853 1024 0.6675200462341309 -1.5793801546096802 443
3854 1024 0.6662598848342896 -1.5818307399749756 469
3855 1024 0.6639600992202759 -1.5830029249191284 161
3856 1024 0.6613699197769165 -1.5852116346359253 157
3857 1024 0.6608601212501526 -1.5868196487426758 546
3858 1024 0.661080002784729 -1.5870177745819092 504
3859 1024 0.6644300818443298 -1.589465856552124 882
3860 1024 0.6624398827552795 -1.5924696922302246 298
3861 1024 0.6647400259971619 -1.5929687023162842 930
3862 1024 0.6617398858070374 -1.5931659936904907 984
3863 1024 0.6613299250602722 -1.5938255786895752 851
3864 1024 0.6632699966430664 -1.5943983793258667 7
3865 1024 0.6625099182128906 -1.5964529514312744 119
3866 1024 0.6613999605178833 -1.597327709197998 28
3867 1024 0.6634299159049988 -1.599166989326477 481
3868 1024 0.6600200533866882 -1.604367971420288 363
3869 1024 0.6626099944114685 -1.6046926975250244 426
3870 1024 0.6608499884605408 -1.6078078746795654 466
3871 1024 0.6599301695823669 -1.613524317741394 272
3872 1024 0.6624401211738586 -1.6135278940200806 384
3873 1024 0.6624401211738586 -1.6176992654800415 608
3874 1024 0.6581000089645386 -1.6196401119232178 341
3875 1024 0.6608200669288635 -1.6261922121047974 709
3876 1024 0.6617898941040039 -1.626747965812683 939
3877 1024 0.6633601188659668 -1.6296906471252441 762
3878 1024 0.6628299355506897 -1.6298727989196777 983
3879 1024 0.6593597531318665 -1.6306343078613281 997
3880 1024 0.6612699627876282 -1.633119821548462 767
3881 1024 0.6602799892425537 -1.6340968608856201 503
3882 1024 0.6591298580169678 -1.6343107223510742 264
3883 1024 0.6603699922561646 -1.634806752204895 520
3884 1024 0.6559897661209106 -1.6390188932418823 60
3885 1024 0.6565898656845093 -1.639061689376831 565
3886 1024 0.6575701236724854 -1.640458345413208 138
3887 1024 0.6579099297523499 -1.6404812335968018 717
3888 1024 0.6603500843048096 -1.6406028270721436 557
3889 1024 0.6584599018096924 -1.6407055854797363 357
3890 1024 0.6560399532318115 -1.6413542032241821 405
3891 1024 0.6586198210716248 -1.6431959867477417 395
3892 1024 0.6553102135658264 -1.6445071697235107 221
3893 1024 0.6569700241088867 -1.6453781127929688 924
3894 1024 0.6614797711372375 -1.6457616090774536 971
3895 1024 0.6557601094245911 -1.6495966911315918 931
3896 1024 0.6603299379348755 -1.6519291400909424 411
3897 1024 0.6535099744796753 -1.6543668508529663 81
3898 1024 0.6589599251747131 -1.6550506353378296 384
3899 1024 0.6573598980903625 -1.6613924503326416 869
3900 1024 0.6576400399208069 -1.6646193265914917 308
3901 1024 0.6561899185180664 -1.665863275527954 560
3902 1024 0.6570197939872742 -1.6661735773086548 359
3903 1024 0.6548800468444824 -1.6661943197250366 381
3904 1024 0.6569598913192749 -1.6662886142730713 305
3905 1024 0.6568599343299866 -1.6676440238952637 588
3906 1024 0.657049834728241 -1.6715723276138306 932
3907 1024 0.6572599411010742 -1.6751078367233276 929
3908 1024 0.6554099321365356 -1.6760878562927246 245
3909 1024 0.6574699878692627 -1.6797285079956055 594
3910 1024 0.6504999995231628 -1.680325984954834 341
3911 1024 0.6563900709152222 -1.6803309917449951 929
3912 1024 0.654460072517395 -1.6830055713653564 787
3913 1024 0.6571598649024963 -1.6844258308410645 946
3914 1024 0.6545001268386841 -1.6877020597457886 1010
3915 1024 0.6536099910736084 -1.687892198562622 731
3916 1024 0.6542598605155945 -1.6931229829788208 856
3917 1024 0.6542399525642395 -1.6971158981323242 713
3918 1024 0.6531097888946533 -1.6973036527633667 863
3919 1024 0.6559900641441345 -1.6983134746551514 550
3920 1024 0.6520500183105469 -1.7002761363983154 80
3921 1024 0.6573699116706848 -1.700599193572998 549
3922 1024 0.6509601473808289 -1.7013959884643555 150
3923 1024 0.6502898931503296 -1.7039469480514526 679
3924 1024 0.6533701419830322 -1.7060859203338623 484
3925 1024 0.6530198454856873 -1.708146333694458 975
3926 1024 0.6538499593734741 -1.7101632356643677 866
3927 1024 0.6515098214149475 -1.7110710144042969 912
3928 1024 0.6511800289154053 -1.7118208408355713 668
3929 1024 0.6540198922157288 -1.712427020072937 140
3930 1024 0.6523500084877014 -1.7148857116699219 708
3931 1024 0.6527899503707886 -1.7173354625701904 731
3932 1024 0.6527899503707886 -1.7192530632019043 596
3933 1024 0.6475798487663269 -1.7197705507278442 902
3934 1024 0.647320032119751 -1.719982385635376 734
3935 1024 0.6500099897384644 -1.7200098037719727 551
3936 1024 0.6508699655532837 -1.7222321033477783 944
3937 1024 0.6499499082565308 -1.722428798675537 534
3938 1024 0.6456100344657898 -1.722864031791687 495
3939 1024 0.6462599635124207 -1.7283564805984497 667
3940 1024 0.6516100168228149 -1.7292943000793457 103
3941 1024 0.6458299160003662 -1.729447603225708 739
3942 1024 0.647100031375885 -1.7302647829055786 786
3943 1024 0.64410001039505 -1.7305190563201904 299
3944 1024 0.6475998759269714 -1.7306016683578491 438
3945 1024 0.6439201235771179 -1.730619192123413 160
3946 1024 0.6502000093460083 -1.7323944568634033 763
3947 1024 0.6492800712585449 -1.7334791421890259 938
3948 1024 0.6493500471115112 -1.7343521118164062 148
3949 1024 0.6526899337768555 -1.735611915588379 1
3950 1024 0.6487100124359131 -1.736910343170166 635
3951 1024 0.6485201120376587 -1.7377207279205322 512
3952 1024 0.6473599672317505 -1.7387341260910034 108
3953 1024 0.645119845867157 -1.7402279376983643 614
3954 1024 0.6496599912643433 -1.7403085231781006 295
3955 1024 0.6480099558830261 -1.742915391921997 334
3956 1024 0.6456601023674011 -1.7434930801391602 207
3957 1024 0.6469199061393738 -1.745072364807129 658
3958 1024 0.6487798094749451 -1.7456728219985962 952
3959 1024 0.6506099700927734 -1.7467771768569946 311
3960 1024 0.6479301452636719 -1.7480943202972412 723
3961 1024 0.6471799612045288 -1.7487709522247314 31
3962 1024 0.6470498442649841 -1.7487821578979492 181
3963 1024 0.6469399929046631 -1.7495410442352295 928
3964 1024 0.6466299295425415 -1.7512233257293701 158
3965 1024 0.648189902305603 -1.7545981407165527 494
3966 1024 0.6465699076652527 -1.7554264068603516 593
3967 1024 0.6479500532150269 -1.7561498880386353 311
3968 1024 0.6475299596786499 -1.7564764022827148 61
3969 1024 0.645599901676178 -1.7636590003967285 832
3970 1024 0.6473099589347839 -1.7636961936950684 97
3971 1024 0.6451200246810913 -1.76893949508667 1023
3972 1024 0.6477400064468384 -1.7730493545532227 954
3973 1024 0.64329993724823 -1.77364182472229 32
3974 1024 0.6419098377227783 -1.7796728610992432 126
3975 1024 0.6452999711036682 -1.7798542976379395 943
3976 1024 0.6411899924278259 -1.7826879024505615 240
3977 1024 0.6408399343490601 -1.7845691442489624 834
3978 1024 0.6428999900817871 -1.7852590084075928 933
3979 1024 0.6427698135375977 -1.7871544361114502 860
3980 1024 0.6463999152183533 -1.7877516746520996 373
3981 1024 0.6421499252319336 -1.7891058921813965 784
3982 1024 0.6422000527381897 -1.7901418209075928 637
3983 1024 0.6445500254631042 -1.7903884649276733 781
3984 1024 0.6408299207687378 -1.790728211402893 232
3985 1024 0.6406000256538391 -1.7918998003005981 686
3986 1024 0.6387899518013 -1.792320966720581 398
3987 1024 0.6448199152946472 -1.7949557304382324 413
3988 1024 0.6414800882339478 -1.7952203750610352 453
3989 1024 0.6408300399780273 -1.7974841594696045 454
3990 1024 0.6430999040603638 -1.7977834939956665 956
3991 1024 0.642819881439209 -1.7996903657913208 554
3992 1024 0.641759991645813 -1.8006867170333862 13
3993 1024 0.636370062828064 -1.802314281463623 652
3994 1024 0.6418699622154236 -1.8025606870651245 232
3995 1024 0.6392399668693542 -1.8053042888641357 83
3996 1024 0.6390101313591003 -1.8055319786071777 45
3997 1024 0.6424899697303772 -1.8065991401672363 889
3998 1024 0.6409899592399597 -1.8085060119628906 930
3999 1024 0.6400599479675293 -1.8098583221435547 168
4000 1024 0.641819953918457 -1.8114707469940186 9
4001 1024 0.6413300037384033 -1.8122355937957764 182
4002 1024 0.6411100625991821 -1.8131403923034668 483
4003 1024 0.6405400037765503 -1.8202102184295654 504
4004 1024 0.6390699744224548 -1.8210954666137695 1006
4005 1024 0.6392699480056763 -1.8217899799346924 558
4006 1024 0.6375200152397156 -1.8227237462997437 398
4007 1024 0.6381099820137024 -1.8230456113815308 177
4008 1024 0.6363901495933533 -1.823588490486145 75
4009 1024 0.638949990272522 -1.8237544298171997 200
4010 1024 0.6393799185752869 -1.8273870944976807 757
4011 1024 0.6374099254608154 -1.828594446182251 352
4012 1024 0.6388699412345886 -1.829850196838379 355
4013 1024 0.6388400197029114 -1.8319247961044312 731
4014 1024 0.6378700137138367 -1.8347876071929932 280
4015 1024 0.6354600191116333 -1.836592435836792 595
4016 1024 0.6391997933387756 -1.8388774394989014 737
4017 1024 0.6373999714851379 -1.8416798114776611 401
4018 1024 0.6367499232292175 -1.8422772884368896 375
4019 1024 0.6372101306915283 -1.8428431749343872 815
4020 1024 0.6378400921821594 -1.8429031372070312 108
4021 1024 0.6367899179458618 -1.8429254293441772 680
4022 1024 0.6365200877189636 -1.8486404418945312 676
4023 1024 0.6336600184440613 -1.8488662242889404 25
4024 1024 0.6362400054931641 -1.8501458168029785 443
4025 1024 0.635129988193512 -1.8511161804199219 370
4026 1024 0.6331799626350403 -1.8515596389770508 341
4027 1024 0.6331198215484619 -1.8523757457733154 122
4028 1024 0.6371600031852722 -1.8528263568878174 339
4029 1024 0.6333200931549072 -1.8557775020599365 810
4030 1024 0.6360899806022644 -1.8561941385269165 143
4031 1024 0.6351500153541565 -1.8563623428344727 495
4032 1024 0.6354500651359558 -1.85772705078125 515
4033 1024 0.6371999979019165 -1.8601694107055664 714
4034 1024 0.632409930229187 -1.8605200052261353 532
4035 1024 0.6339998245239258 -1.8636491298675537 1007
4036 1024 0.6354299783706665 -1.8638595342636108 883
4037 1024 0.6340199112892151 -1.8640494346618652 145
4038 1024 0.6350799798965454 -1.866546392440796 614
4039 1024 0.6345499157905579 -1.8669791221618652 175
4040 1024 0.6345600485801697 -1.868102788925171 822
4041 1024 0.6328001022338867 -1.8702059984207153 634
4042 1024 0.6331501007080078 -1.871671438217163 496
4043 1024 0.6339199542999268 -1.8725676536560059 203
4044 1024 0.6334900259971619 -1.87550687789917 319
4045 1024 0.6277099847793579 -1.875598669052124 838
4046 1024 0.6324701309204102 -1.8760945796966553 828
4047 1024 0.6366099715232849 -1.8764252662658691 406
4048 1024 0.635129988193512 -1.8764488697052002 527
4049 1024 0.6354798078536987 -1.8795137405395508 179
4050 1024 0.6341800689697266 -1.8795976638793945 863
4051 1024 0.6319700479507446 -1.8803443908691406 198
4052 1024 0.6318597793579102 -1.880919098854065 332
4053 1024 0.6334898471832275 -1.884348750114441 553
4054 1024 0.6315100789070129 -1.8885172605514526 943
4055 1024 0.6325899362564087 -1.8917930126190186 57
4056 1024 0.6305299997329712 -1.8934210538864136 239
4057 1024 0.628049910068512 -1.8936306238174438 862
4058 1024 0.6301200985908508 -1.8967764377593994 551
4059 1024 0.6262300610542297 -1.8972818851470947 119
4060 1024 0.6314701437950134 -1.898197889328003 870
4061 1024 0.6288697719573975 -1.9029196500778198 381
4062 1024 0.6324499249458313 -1.907522439956665 399
4063 1024 0.6343498826026917 -1.9105292558670044 407
4064 1024 0.6287999749183655 -1.91123628616333 952
4065 1024 0.6269301176071167 -1.9121997356414795 185
4066 1024 0.6283799409866333 -1.9126677513122559 643
4067 1024 0.625239908695221 -1.9185152053833008 347
4068 1024 0.6238101124763489 -1.9205785989761353 889
4069 1024 0.6271599531173706 -1.9215255975723267 665
4070 1024 0.6274998188018799 -1.9217602014541626 622
4071 1024 0.6252798438072205 -1.9247329235076904 270
4072 1024 0.6239599585533142 -1.9248158931732178 131
4073 1024 0.6233299374580383 -1.9251054525375366 585
4074 1024 0.6241499781608582 -1.9271836280822754 549
4075 1024 0.6253402233123779 -1.932427167892456 57
4076 1024 0.6268299221992493 -1.9348742961883545 300
4077 1024 0.6284101009368896 -1.9356046915054321 37
4078 1024 0.624650239944458 -1.9362848997116089 423
4079 1024 0.6292400360107422 -1.938812255859375 547
4080 1024 0.6225400567054749 -1.9391734600067139 515
4081 1024 0.6238698959350586 -1.9401826858520508 979
4082 1024 0.6259298324584961 -1.9419586658477783 944
4083 1024 0.6202298998832703 -1.9490447044372559 519
4084 1024 0.6232700347900391 -1.9497270584106445 129
4085 1024 0.6225497722625732 -1.9512848854064941 369
4086 1024 0.6232801079750061 -1.951814889907837 477
4087 1024 0.6245198845863342 -1.9531105756759644 483
4088 1024 0.624210000038147 -1.953780174255371 282
4089 1024 0.6252198815345764 -1.9553314447402954 535
4090 1024 0.6249598860740662 -1.957070231437683 895
4091 1024 0.6228101253509521 -1.9579135179519653 585
4092 1024 0.6234099864959717 -1.9605185985565186 797
4093 1024 0.6238400340080261 -1.9617936611175537 221
4094 1024 0.62378990650177 -1.9641083478927612 542
4095 1024 0.6226601600646973 -1.9660305976867676 30
4096 1024 0.6227099895477295 -1.9664466381072998 310
4097 1024 0.6232900619506836 -1.9667081832885742 423
4098 1024 0.6209601163864136 -1.9671211242675781 562
4099 1024 0.6223199963569641 -1.9695543050765991 590
4100 1024 0.6223300695419312 -1.969781756401062 121
4101 1024 0.6184600591659546 -1.9703896045684814 403
4102 1024 0.6210899353027344 -1.9718316793441772 936
4103 1024 0.6194900274276733 -1.9726756811141968 1007
4104 1024 0.620150089263916 -1.973036289215088 686
4105 1024 0.6188200116157532 -1.97459077835083 271
4106 1024 0.621959924697876 -1.976798415184021 855
4107 1024 0.616830050945282 -1.9778380393981934 509
4108 1024 0.6223800778388977 -1.9783283472061157 568
4109 1024 0.6199198961257935 -1.982840895652771 827
4110 1024 0.621690034866333 -1.983255386352539 791
4111 1024 0.6186800599098206 -1.9872212409973145 156
4112 1024 0.6162599921226501 -1.9890228509902954 385
4113 1024 0.6215900778770447 -1.9905710220336914 906
4114 1024 0.6152799725532532 -1.9911775588989258 736
4115 1024 0.6157501339912415 -1.9928208589553833 762
4116 1024 0.6171799898147583 -1.9932070970535278 351
4117 1024 0.6136201620101929 -1.9934942722320557 245
4118 1024 0.6180101037025452 -1.9952666759490967 925
4119 1024 0.6169100403785706 -1.9959936141967773 499
4120 1024 0.6129100918769836 -1.9976232051849365 612
4121 1024 0.6171299815177917 -1.9986294507980347 141
4122 1024 0.6157801151275635 -2.0023696422576904 350
4123 1024 0.6191299557685852 -2.002592086791992 405
4124 1024 0.6175202131271362 -2.0050008296966553 757
4125 1024 0.616089940071106 -2.005014181137085 351
4126 1024 0.6171202063560486 -2.005810499191284 59
4127 1024 0.6149599552154541 -2.0073468685150146 284
4128 1024 0.6133700609207153 -2.007768154144287 942
4129 1024 0.6184499859809875 -2.0088284015655518 123
4130 1024 0.6153401136398315 -2.009453296661377 871
4131 1024 0.6141301393508911 -2.0106990337371826 353
4132 1024 0.6178401708602905 -2.013826847076416 1005
4133 1024 0.6155998706817627 -2.0140347480773926 612
4134 1024 0.6158400177955627 -2.015871047973633 1003
4135 1024 0.6182199120521545 -2.0161166191101074 22
4136 1024 0.6166201829910278 -2.021111488342285 166
4137 1024 0.6117200255393982 -2.0218958854675293 295
4138 1024 0.6126300692558289 -2.0220000743865967 957
4139 1024 0.6098700761795044 -2.024782657623291 420
4140 1024 0.6144999265670776 -2.0257022380828857 290
4141 1024 0.6139000058174133 -2.026510238647461 455
4142 1024 0.6126399636268616 -2.026778221130371 714
4143 1024 0.6110000610351562 -2.0295658111572266 706
4144 1024 0.6135202050209045 -2.029705286026001 998
4145 1024 0.6090900897979736 -2.031242847442627 884
4146 1024 0.6151199340820312 -2.0312466621398926 508
4147 1024 0.6128199696540833 -2.0315802097320557 33
4148 1024 0.6135299801826477 -2.0318691730499268 637
4149 1024 0.6105599999427795 -2.032836437225342 352
4150 1024 0.6105700731277466 -2.032930850982666 738
4151 1024 0.6114899516105652 -2.0345957279205322 910
4152 1024 0.6106101870536804 -2.03842830657959 410
4153 1024 0.6090400815010071 -2.0424389839172363 431
4154 1024 0.6089000701904297 -2.046597480773926 145
4155 1024 0.6088700890541077 -2.0469515323638916 669
4156 1024 0.6086398959159851 -2.048456907272339 269
4157 1024 0.615020215511322 -2.0498650074005127 41
4158 1024 0.6078200936317444 -2.0503039360046387 77
4159 1024 0.611720085144043 -2.05056095123291 319
4160 1024 0.6100700497627258 -2.056729316711426 897
4161 1024 0.6120901703834534 -2.0575320720672607 631
4162 1024 0.6060401797294617 -2.0580496788024902 191
4163 1024 0.6099599599838257 -2.058232307434082 625
4164 1024 0.6124901175498962 -2.0582611560821533 624
4165 1024 0.6080301403999329 -2.0612223148345947 767
4166 1024 0.6072400808334351 -2.0640788078308105 670
4167 1024 0.6077900528907776 -2.065201759338379 839
4168 1024 0.6079099774360657 -2.066145420074463 898
4169 1024 0.6048500537872314 -2.0661582946777344 851
4170 1024 0.6089699864387512 -2.066999912261963 461
4171 1024 0.6062600016593933 -2.069157123565674 243
4172 1024 0.6038901805877686 -2.0696146488189697 751
4173 1024 0.6076501607894897 -2.0696568489074707 280
4174 1024 0.6042301058769226 -2.069742202758789 67
4175 1024 0.6077200770378113 -2.069964647293091 464
4176 1024 0.6041001081466675 -2.070089817047119 468
4177 1024 0.6061399579048157 -2.070695638656616 632
4178 1024 0.6057400107383728 -2.07174015045166 318
4179 1024 0.6047400236129761 -2.074350357055664 236
4180 1024 0.6043599843978882 -2.0752928256988525 570
4181 1024 0.6009499430656433 -2.076561450958252 731
4182 1024 0.6000699996948242 -2.07674503326416 859
4183 1024 0.6075500249862671 -2.0778541564941406 755
4184 1024 0.6049401164054871 -2.0780978202819824 456
4185 1024 0.6044501066207886 -2.0790529251098633 472
4186 1024 0.6054500937461853 -2.0795929431915283 374
4187 1024 0.6066800355911255 -2.0803136825561523 419
4188 1024 0.6037698984146118 -2.080551862716675 955
4189 1024 0.6049800515174866 -2.0809340476989746 845
4190 1024 0.6060701012611389 -2.0830790996551514 945
4191 1024 0.6047801971435547 -2.0841219425201416 518
4192 1024 0.6020300388336182 -2.086211681365967 768
4193 1024 0.6080000400543213 -2.0868606567382812 321
4194 1024 0.6021600365638733 -2.0887091159820557 43
4195 1024 0.6054799556732178 -2.0910253524780273 815
4196 1024 0.6058601140975952 -2.0914292335510254 836
4197 1024 0.6050499677658081 -2.091769218444824 686
4198 1024 0.6034999489784241 -2.0950136184692383 643
4199 1024 0.6025301814079285 -2.0955393314361572 603
4200 1024 0.6003500819206238 -2.0961804389953613 8
4201 1024 0.6010497808456421 -2.096222400665283 940
4202 1024 0.6032701134681702 -2.0972166061401367 60
4203 1024 0.6013599634170532 -2.098925828933716 443
4204 1024 0.6041901111602783 -2.1003174781799316 182
4205 1024 0.6057500839233398 -2.105013370513916 678
4206 1024 0.6014498472213745 -2.1056337356567383 430
4207 1024 0.5989300608634949 -2.108210563659668 228
4208 1024 0.6050199270248413 -2.110407829284668 519
4209 1024 0.5972700119018555 -2.1149392127990723 554
4210 1024 0.5972900986671448 -2.1150050163269043 42
4211 1024 0.6018099188804626 -2.117839813232422 893
4212 1024 0.5988500714302063 -2.117936134338379 96
4213 1024 0.5960601568222046 -2.118159770965576 945
4214 1024 0.6006200909614563 -2.1191158294677734 844
4215 1024 0.6002601385116577 -2.120060443878174 740
4216 1024 0.6017499566078186 -2.1246190071105957 228
4217 1024 0.5986101031303406 -2.124791383743286 257
4218 1024 0.5980200171470642 -2.1257567405700684 106
4219 1024 0.5971699953079224 -2.128159523010254 530
4220 1024 0.5980899930000305 -2.128281593322754 59
4221 1024 0.5972399711608887 -2.1283817291259766 402
4222 1024 0.5978100299835205 -2.1289732456207275 623
4223 1024 0.5936901569366455 -2.1322264671325684 148
4224 1024 0.5961099863052368 -2.136127471923828 905
4225 1024 0.5968000292778015 -2.1366684436798096 169
4226 1024 0.5965099930763245 -2.136897087097168 869
4227 1024 0.5979999899864197 -2.1369376182556152 92
4228 1024 0.5961800217628479 -2.1394600868225098 12
4229 1024 0.5939499735832214 -2.140392780303955 286
4230 1024 0.599329948425293 -2.1416831016540527 561
4231 1024 0.5970600843429565 -2.1417555809020996 302
4232 1024 0.5970399975776672 -2.1421961784362793 928
4233 1024 0.5970100164413452 -2.1426451206207275 459
4234 1024 0.5956999063491821 -2.1426992416381836 814
4235 1024 0.5965201258659363 -2.1435492038726807 323
4236 1024 0.5912600159645081 -2.1439764499664307 916
4237 1024 0.5959201455116272 -2.144054651260376 155
4238 1024 0.5929599404335022 -2.146733522415161 630
4239 1024 0.5965400338172913 -2.1485304832458496 488
4240 1024 0.592229962348938 -2.149149179458618 758
4241 1024 0.5925401449203491 -2.1506147384643555 367
4242 1024 0.592680037021637 -2.1516342163085938 113
4243 1024 0.5939400792121887 -2.151695728302002 90
4244 1024 0.597070038318634 -2.153639316558838 991
4245 1024 0.5956498980522156 -2.15413761138916 444
4246 1024 0.5920100212097168 -2.1545305252075195 116
4247 1024 0.5952998399734497 -2.1571195125579834 790
4248 1024 0.5931400060653687 -2.1586382389068604 462
4249 1024 0.5950599312782288 -2.159926414489746 24
4250 1024 0.5943500995635986 -2.160827159881592 627
4251 1024 0.5939801335334778 -2.161374092102051 930
4252 1024 0.5935999751091003 -2.1631476879119873 752
4253 1024 0.5918002724647522 -2.1671087741851807 537
4254 1024 0.5934101343154907 -2.168792247772217 901
4255 1024 0.5882300138473511 -2.169198751449585 822
4256 1024 0.5911900997161865 -2.1697258949279785 609
4257 1024 0.5946599841117859 -2.1731107234954834 276
4258 1024 0.5904101729393005 -2.177870273590088 421
4259 1024 0.5880498886108398 -2.1781675815582275 451
4260 1024 0.589199960231781 -2.17871356010437 40
4261 1024 0.5884299874305725 -2.1787242889404297 557
4262 1024 0.5892501473426819 -2.1790413856506348 636
4263 1024 0.5874099731445312 -2.182612895965576 385
4264 1024 0.5898499488830566 -2.183913230895996 352
4265 1024 0.5932101011276245 -2.184032440185547 794
4266 1024 0.5909100770950317 -2.186676502227783 169
4267 1024 0.5888100862503052 -2.1875791549682617 658
4268 1024 0.5864900350570679 -2.188800573348999 902
4269 1024 0.5843501687049866 -2.1891708374023438 948
4270 1024 0.5869202017784119 -2.1892812252044678 165
4271 1024 0.5871700048446655 -2.1909677982330322 491
4272 1024 0.586620032787323 -2.192473888397217 948
4273 1024 0.5859699249267578 -2.192747116088867 491
4274 1024 0.5873701572418213 -2.195155143737793 482
4275 1024 0.5876801609992981 -2.1980884075164795 814
4276 1024 0.5861700177192688 -2.1994242668151855 10
4277 1024 0.5839802026748657 -2.202361822128296 126
4278 1024 0.5862900614738464 -2.2035162448883057 345
4279 1024 0.5858399271965027 -2.2040538787841797 46
4280 1024 0.585340142250061 -2.2046542167663574 1011
4281 1024 0.5836501717567444 -2.2047550678253174 214
4282 1024 0.5857200026512146 -2.2049994468688965 347
4283 1024 0.5860300064086914 -2.2064826488494873 647
4284 1024 0.5873401761054993 -2.2075490951538086 234
4285 1024 0.5876802206039429 -2.207554340362549 938
4286 1024 0.5877900719642639 -2.207745313644409 615
4287 1024 0.5824099779129028 -2.2086451053619385 526
4288 1024 0.5870200395584106 -2.20894718170166 16
4289 1024 0.584610104560852 -2.2095117568969727 228
4290 1024 0.5870001316070557 -2.210095167160034 595
4291 1024 0.5836299657821655 -2.2113118171691895 213
4292 1024 0.5846700072288513 -2.2122225761413574 298
4293 1024 0.58486008644104 -2.2136645317077637 879
4294 1024 0.5826902389526367 -2.2139410972595215 37
4295 1024 0.5855301022529602 -2.2173233032226562 919
4296 1024 0.5818900465965271 -2.2174317836761475 171
4297 1024 0.5830602049827576 -2.2195935249328613 91
4298 1024 0.5809101462364197 -2.220271348953247 166
4299 1024 0.5817601680755615 -2.2209527492523193 171
4300 1024 0.5862799882888794 -2.221104621887207 864
4301 1024 0.5828701257705688 -2.2220234870910645 498
4302 1024 0.5839000344276428 -2.2255823612213135 685
4303 1024 0.5804301500320435 -2.226248264312744 274
4304 1024 0.5812400579452515 -2.226940870285034 534
4305 1024 0.578740119934082 -2.2282586097717285 856
4306 1024 0.579950213432312 -2.228623151779175 283
4307 1024 0.5784800052642822 -2.2290878295898438 905
4308 1024 0.5800001621246338 -2.22927188873291 757
4309 1024 0.5807700157165527 -2.2310686111450195 133
4310 1024 0.5806301832199097 -2.2311153411865234 9
4311 1024 0.5810100436210632 -2.2320079803466797 83
4312 1024 0.5849700570106506 -2.2328147888183594 1005
4313 1024 0.5791100263595581 -2.235616683959961 64
4314 1024 0.5806900858879089 -2.2373197078704834 183
4315 1024 0.580030083656311 -2.2375450134277344 932
4316 1024 0.5819501280784607 -2.237718105316162 291
4317 1024 0.5801000595092773 -2.239996910095215 651
4318 1024 0.577180027961731 -2.2407169342041016 34
4319 1024 0.5776401162147522 -2.2427196502685547 384
4320 1024 0.5774902105331421 -2.242858409881592 928
4321 1024 0.579200029373169 -2.246893882751465 694
4322 1024 0.5757901072502136 -2.2469875812530518 905
4323 1024 0.5770900249481201 -2.2480716705322266 299
4324 1024 0.5759799480438232 -2.248734712600708 750
4325 1024 0.5764400959014893 -2.249732494354248 937
4326 1024 0.5797399878501892 -2.2500078678131104 386
4327 1024 0.5796099901199341 -2.250446319580078 703
4328 1024 0.5729600787162781 -2.250558614730835 216
4329 1024 0.578029990196228 -2.2511162757873535 101
4330 1024 0.5767900347709656 -2.2539968490600586 816
4331 1024 0.577440083026886 -2.2555577754974365 860
4332 1024 0.5734100341796875 -2.2565436363220215 511
4333 1024 0.575960099697113 -2.2567567825317383 667
4334 1024 0.5757400989532471 -2.257030963897705 588
4335 1024 0.574880063533783 -2.25758695602417 575
4336 1024 0.5761699676513672 -2.258841037750244 581
4337 1024 0.5746399760246277 -2.266679286956787 104
4338 1024 0.5733501315116882 -2.267289161682129 51
4339 1024 0.5749800801277161 -2.2674307823181152 555
4340 1024 0.5729000568389893 -2.269580841064453 371
4341 1024 0.5746800899505615 -2.2711734771728516 455
4342 1024 0.5761400461196899 -2.2722244262695312 689
4343 1024 0.5722200870513916 -2.27254581451416 687
4344 1024 0.5725899338722229 -2.2730185985565186 661
4345 1024 0.5729901790618896 -2.273331880569458 511
4346 1024 0.5729000568389893 -2.2738094329833984 324
4347 1024 0.5745499730110168 -2.2744040489196777 528
4348 1024 0.5727899670600891 -2.2774550914764404 368
4349 1024 0.574920117855072 -2.27874493598938 564
4350 1024 0.5722001791000366 -2.278888702392578 317
4351 1024 0.5699699521064758 -2.2825326919555664 162
4352 1024 0.573900043964386 -2.2834200859069824 535
4353 1024 0.5696699619293213 -2.2836971282958984 223
4354 1024 0.5718300938606262 -2.2897253036499023 212
4355 1024 0.5695998072624207 -2.2899179458618164 392
4356 1024 0.5702100992202759 -2.2917656898498535 672
4357 1024 0.5718398690223694 -2.2938811779022217 640
4358 1024 0.570870041847229 -2.294778823852539 163
4359 1024 0.5704500675201416 -2.2982630729675293 813
4360 1024 0.565700113773346 -2.2983384132385254 670
4361 1024 0.5675401091575623 -2.2995405197143555 639
4362 1024 0.5683902502059937 -2.300609588623047 564
4363 1024 0.5704400539398193 -2.3028054237365723 739
4364 1024 0.5663300156593323 -2.3050522804260254 470
4365 1024 0.5691301226615906 -2.3083643913269043 843
4366 1024 0.568399965763092 -2.3102221488952637 74
4367 1024 0.5629200339317322 -2.3106400966644287 735
4368 1024 0.564490020275116 -2.3107998371124268 366
4369 1024 0.5662199854850769 -2.3118302822113037 640
4370 1024 0.5675799250602722 -2.313260555267334 808
4371 1024 0.5652700066566467 -2.314541816711426 960
4372 1024 0.5636100172996521 -2.315124988555908 729
4373 1024 0.5650299191474915 -2.315585136413574 144
4374 1024 0.5615300536155701 -2.3178582191467285 925
4375 1024 0.5688199996948242 -2.317988634109497 869
4376 1024 0.564289927482605 -2.3184990882873535 914
4377 1024 0.5649300813674927 -2.3209104537963867 732
4378 1024 0.561710000038147 -2.32149338722229 309
4379 1024 0.5637899041175842 -2.32230281829834 995
4380 1024 0.5644498467445374 -2.322807788848877 776
4381 1024 0.5644499659538269 -2.322824001312256 196
4382 1024 0.5591400265693665 -2.3230607509613037 750
4383 1024 0.5655800104141235 -2.3234121799468994 827
4384 1024 0.5623500943183899 -2.3263468742370605 162
4385 1024 0.5596800446510315 -2.3264005184173584 684
4386 1024 0.5622701048851013 -2.3280463218688965 441
4387 1024 0.5630101561546326 -2.328136920928955 356
4388 1024 0.5602301955223083 -2.3284518718719482 947
4389 1024 0.5629600286483765 -2.329216241836548 1002
4390 1024 0.5625401139259338 -2.3296589851379395 198
4391 1024 0.5626798868179321 -2.3320674896240234 994
4392 1024 0.5637900233268738 -2.3332695960998535 825
4393 1024 0.563789963722229 -2.333585739135742 996
4394 1024 0.5577101111412048 -2.333674669265747 441
4395 1024 0.5599499940872192 -2.3337180614471436 460
4396 1024 0.5594199895858765 -2.3341293334960938 381
4397 1024 0.5602500438690186 -2.334554672241211 270
4398 1024 0.561229944229126 -2.335594654083252 687
4399 1024 0.559939980506897 -2.335742473602295 821
4400 1024 0.5611299276351929 -2.3361053466796875 580
4401 1024 0.5605199933052063 -2.336937427520752 1008
4402 1024 0.5609099864959717 -2.337177038192749 292
4403 1024 0.5621099472045898 -2.338961124420166 111
4404 1024 0.5580400228500366 -2.339895009994507 613
4405 1024 0.5598500967025757 -2.340174913406372 161
4406 1024 0.560920000076294 -2.340731382369995 96
4407 1024 0.5591199994087219 -2.3448662757873535 79
4408 1024 0.5612800717353821 -2.3455724716186523 414
4409 1024 0.5583100914955139 -2.3466267585754395 840
4410 1024 0.5600601434707642 -2.348296880722046 386
4411 1024 0.5583900809288025 -2.350579261779785 684
4412 1024 0.5566300749778748 -2.3514957427978516 304
4413 1024 0.5561899542808533 -2.3524885177612305 253
4414 1024 0.556640088558197 -2.3525328636169434 22
4415 1024 0.5593200922012329 -2.3563737869262695 484
4416 1024 0.5517900586128235 -2.3568308353424072 699
4417 1024 0.5565199255943298 -2.3575551509857178 221
4418 1024 0.5530099272727966 -2.359353542327881 232
4419 1024 0.5555400252342224 -2.361297607421875 198
4420 1024 0.5586700439453125 -2.361361503601074 930
4421 1024 0.5554600954055786 -2.3614113330841064 875
4422 1024 0.5558500289916992 -2.362746477127075 874
4423 1024 0.5552000403404236 -2.364952564239502 565
4424 1024 0.5515799522399902 -2.3662381172180176 428
4425 1024 0.5510199666023254 -2.3664352893829346 387
4426 1024 0.5506600737571716 -2.366619348526001 733
4427 1024 0.556119978427887 -2.370460271835327 572
4428 1024 0.553580105304718 -2.370535373687744 588
4429 1024 0.5525399446487427 -2.3707621097564697 304
4430 1024 0.5525798797607422 -2.3722445964813232 442
4431 1024 0.5542700290679932 -2.3722684383392334 664
4432 1024 0.5552700161933899 -2.3728394508361816 578
4433 1024 0.549720048904419 -2.372864246368408 119
4434 1024 0.5539200901985168 -2.373208999633789 662
4435 1024 0.5562300682067871 -2.3759474754333496 728
4436 1024 0.5542900562286377 -2.3776891231536865 926
4437 1024 0.5504100918769836 -2.379631757736206 746
4438 1024 0.554469883441925 -2.3797450065612793 868
4439 1024 0.5512900352478027 -2.3797783851623535 813
4440 1024 0.5487000346183777 -2.3826451301574707 123
4441 1024 0.54982990026474 -2.382995843887329 655
4442 1024 0.548009991645813 -2.38391375541687 876
4443 1024 0.5520200729370117 -2.384575605392456 185
4444 1024 0.5514999032020569 -2.384657859802246 920
4445 1024 0.5496699213981628 -2.384859085083008 254
4446 1024 0.5519700646400452 -2.385051727294922 679
4447 1024 0.5475500226020813 -2.3876514434814453 276
4448 1024 0.5485000014305115 -2.387833833694458 1014
4449 1024 0.5530199408531189 -2.388111114501953 893
4450 1024 0.5466101169586182 -2.3884057998657227 481
4451 1024 0.5486199855804443 -2.3902223110198975 4
4452 1024 0.545259952545166 -2.3936965465545654 166
4453 1024 0.5468501448631287 -2.3969199657440186 560
4454 1024 0.5510601997375488 -2.3981664180755615 948
4455 1024 0.5464499592781067 -2.398455858230591 547
4456 1024 0.546180009841919 -2.3997840881347656 99
4457 1024 0.5450000762939453 -2.401869297027588 622
4458 1024 0.5518698692321777 -2.4019479751586914 281
4459 1024 0.5466399788856506 -2.4048306941986084 142
4460 1024 0.5468000769615173 -2.405329704284668 585
4461 1024 0.5470499396324158 -2.4065890312194824 359
4462 1024 0.5455901026725769 -2.407804012298584 213
4463 1024 0.5453600287437439 -2.4087493419647217 30
4464 1024 0.5458298921585083 -2.4088289737701416 762
4465 1024 0.5459299683570862 -2.41463041305542 423
4466 1024 0.5442198514938354 -2.4158315658569336 592
4467 1024 0.542759895324707 -2.4163405895233154 0
4468 1024 0.543470025062561 -2.4184374809265137 882
4469 1024 0.5453798770904541 -2.4203901290893555 851
4470 1024 0.541409969329834 -2.421264171600342 876
4471 1024 0.5443000197410583 -2.4222512245178223 324
4472 1024 0.5425800085067749 -2.422560691833496 862
4473 1024 0.5410299301147461 -2.4226861000061035 227
4474 1024 0.5432398319244385 -2.422713279724121 980
4475 1024 0.5418300032615662 -2.423865556716919 697
4476 1024 0.5445598363876343 -2.42390513420105 930
4477 1024 0.5429699420928955 -2.4266138076782227 972
4478 1024 0.5389398336410522 -2.42736554145813 151
4479 1024 0.5413298010826111 -2.4280524253845215 431
4480 1024 0.5394898653030396 -2.4281423091888428 1013
4481 1024 0.5405599474906921 -2.4298102855682373 569
4482 1024 0.5405600070953369 -2.430136203765869 136
4483 1024 0.5419999361038208 -2.4307785034179688 510
4484 1024 0.5433200001716614 -2.432203531265259 390
4485 1024 0.5412799119949341 -2.4323315620422363 620
4486 1024 0.5411999225616455 -2.4337899684906006 174
4487 1024 0.5416298508644104 -2.434298515319824 370
4488 1024 0.5416600108146667 -2.434764862060547 811
4489 1024 0.5387200117111206 -2.436567544937134 1006
4490 1024 0.5366401672363281 -2.4367237091064453 37
4491 1024 0.538659930229187 -2.4374537467956543 833
4492 1024 0.5411999225616455 -2.437666893005371 1019
4493 1024 0.5386199951171875 -2.4377329349517822 993
4494 1024 0.5401600003242493 -2.437897205352783 809
4495 1024 0.5375799536705017 -2.4394869804382324 360
4496 1024 0.5361200571060181 -2.4395389556884766 636
4497 1024 0.5365399718284607 -2.439993381500244 177
4498 1024 0.5424298644065857 -2.4423203468322754 884
4499 1024 0.5362100005149841 -2.4423656463623047 453
4500 1024 0.5362500548362732 -2.44315242767334 972
4501 1024 0.538830041885376 -2.445769786834717 805
4502 1024 0.5376899838447571 -2.4460291862487793 14
4503 1024 0.5374000668525696 -2.4469809532165527 607
4504 1024 0.5348600149154663 -2.4472880363464355 188
4505 1024 0.5365299582481384 -2.448788642883301 636
4506 1024 0.5369500517845154 -2.449550151824951 152
4507 1024 0.5385499596595764 -2.449756145477295 161
4508 1024 0.5377399921417236 -2.449835777282715 66
4509 1024 0.5344499349594116 -2.449936866760254 201
4510 1024 0.5363298654556274 -2.450443744659424 193
4511 1024 0.5361999869346619 -2.451582908630371 829
4512 1024 0.5326799154281616 -2.452138662338257 503
4513 1024 0.5353400111198425 -2.4525270462036133 343
4514 1024 0.5370098948478699 -2.4539222717285156 423
4515 1024 0.5367499589920044 -2.4545161724090576 846
4516 1024 0.5347099900245667 -2.4566521644592285 815
4517 1024 0.5343199372291565 -2.4567384719848633 642
4518 1024 0.5370100140571594 -2.458193778991699 571
4519 1024 0.5353400111198425 -2.4583780765533447 900
4520 1024 0.5290999412536621 -2.4588212966918945 355
4521 1024 0.5334399342536926 -2.4588608741760254 69
4522 1024 0.5364300012588501 -2.4588921070098877 973
4523 1024 0.5364398956298828 -2.458907127380371 689
4524 1024 0.530500054359436 -2.459059000015259 222
4525 1024 0.5329499244689941 -2.459993839263916 548
4526 1024 0.5321199297904968 -2.460951328277588 279
4527 1024 0.5336599349975586 -2.463088035583496 717
4528 1024 0.5321599245071411 -2.463550567626953 383
4529 1024 0.5320199728012085 -2.4644508361816406 91
4530 1024 0.5337401628494263 -2.464527130126953 827
4531 1024 0.5351200699806213 -2.4652175903320312 196
4532 1024 0.5335499048233032 -2.466174840927124 177
4533 1024 0.5322200059890747 -2.469085693359375 113
4534 1024 0.5286700129508972 -2.4691362380981445 917
4535 1024 0.527640163898468 -2.4702742099761963 630
4536 1024 0.5319499969482422 -2.4711036682128906 913
4537 1024 0.5314801931381226 -2.4719841480255127 313
4538 1024 0.532020092010498 -2.472884178161621 988
4539 1024 0.5340799689292908 -2.474015712738037 326
4540 1024 0.5316500067710876 -2.4766340255737305 159
4541 1024 0.5302799344062805 -2.477140426635742 900
4542 1024 0.5249199867248535 -2.4784727096557617 172
4543 1024 0.5321299433708191 -2.481046199798584 1019
4544 1024 0.5274200439453125 -2.4816555976867676 266
4545 1024 0.5293600559234619 -2.481731414794922 167
4546 1024 0.5268200039863586 -2.4820590019226074 572
4547 1024 0.5260600447654724 -2.4840216636657715 897
4548 1024 0.527289867401123 -2.484044313430786 635
4549 1024 0.5279996991157532 -2.4842324256896973 243
4550 1024 0.5262399911880493 -2.4849307537078857 650
4551 1024 0.5257300734519958 -2.4889323711395264 684
4552 1024 0.5270899534225464 -2.4896597862243652 104
4553 1024 0.5277500152587891 -2.490067958831787 898
4554 1024 0.5252999663352966 -2.491122245788574 875
4555 1024 0.5274200439453125 -2.493452310562134 949
4556 1024 0.5268698930740356 -2.4940834045410156 250
4557 1024 0.5236698985099792 -2.49428653717041 883
4558 1024 0.5237700343132019 -2.4943015575408936 452
4559 1024 0.5253499150276184 -2.4952521324157715 353
4560 1024 0.5259199738502502 -2.495999336242676 251
4561 1024 0.526140034198761 -2.496309995651245 492
4562 1024 0.5252399444580078 -2.49764347076416 914
4563 1024 0.526390016078949 -2.4979958534240723 566
4564 1024 0.522159993648529 -2.4982552528381348 1023
4565 1024 0.5261200666427612 -2.501070499420166 163
4566 1024 0.5226200222969055 -2.5010712146759033 200
4567 1024 0.5224099159240723 -2.5016908645629883 974
4568 1024 0.5245398879051208 -2.5020012855529785 282
4569 1024 0.5256399512290955 -2.50252103805542 48
4570 1024 0.524359941482544 -2.50412654876709 560
4571 1024 0.5210099816322327 -2.5042128562927246 69
4572 1024 0.5207999348640442 -2.5049922466278076 34
4573 1024 0.5218097567558289 -2.5056488513946533 88
4574 1024 0.5248899459838867 -2.506913423538208 490
4575 1024 0.5223499536514282 -2.5074944496154785 768
4576 1024 0.5194900631904602 -2.507803201675415 852
4577 1024 0.5217999815940857 -2.5081260204315186 977
4578 1024 0.5234699249267578 -2.509359836578369 762
4579 1024 0.5191200375556946 -2.510826826095581 21
4580 1024 0.5221200585365295 -2.5108842849731445 128
4581 1024 0.5242899656295776 -2.510922908782959 794
4582 1024 0.5208399891853333 -2.512282133102417 232
4583 1024 0.5194998979568481 -2.5136656761169434 973
4584 1024 0.5212199687957764 -2.513988494873047 90
4585 1024 0.5171898603439331 -2.516408920288086 752
4586 1024 0.5163900256156921 -2.5164361000061035 246
4587 1024 0.5196400880813599 -2.5191235542297363 777
4588 1024 0.515289843082428 -2.519479751586914 43
4589 1024 0.5196499228477478 -2.520568609237671 341
4590 1024 0.5200498700141907 -2.521437883377075 25
4591 1024 0.5176299810409546 -2.5214953422546387 840
4592 1024 0.517319917678833 -2.5215089321136475 488
4593 1024 0.5214299559593201 -2.521603584289551 113
4594 1024 0.5150400400161743 -2.522188186645508 34
4595 1024 0.52211993932724 -2.5229923725128174 938
4596 1024 0.5158500075340271 -2.523932695388794 1011
4597 1024 0.5175699591636658 -2.524553060531616 31
4598 1024 0.5193299651145935 -2.5255026817321777 380
4599 1024 0.517319917678833 -2.5257534980773926 111
4600 1024 0.517810046672821 -2.5272367000579834 46
4601 1024 0.5148199200630188 -2.5283236503601074 556
4602 1024 0.5194099545478821 -2.5283567905426025 972
4603 1024 0.5152000188827515 -2.5289831161499023 539
4604 1024 0.5187099575996399 -2.5290021896362305 909
4605 1024 0.516680121421814 -2.5308876037597656 485
4606 1024 0.5136101245880127 -2.531691551208496 769
4607 1024 0.5182899832725525 -2.5317211151123047 429
4608 1024 0.5175700187683105 -2.532036066055298 209
4609 1024 0.5134199261665344 -2.532797336578369 657
4610 1024 0.5135700106620789 -2.5336856842041016 344
4611 1024 0.5147300362586975 -2.534149169921875 538
4612 1024 0.509440004825592 -2.5366363525390625 407
4613 1024 0.5152100324630737 -2.5393242835998535 731
4614 1024 0.5152800679206848 -2.541379928588867 761
4615 1024 0.510189950466156 -2.5421197414398193 275
4616 1024 0.5164199471473694 -2.542463541030884 739
4617 1024 0.5150600075721741 -2.5436716079711914 411
4618 1024 0.5151498913764954 -2.54420804977417 673
4619 1024 0.5136399269104004 -2.54481840133667 199
4620 1024 0.5127000212669373 -2.5450544357299805 797
4621 1024 0.5150899291038513 -2.545806407928467 347
4622 1024 0.5111199617385864 -2.5458457469940186 1015
4623 1024 0.5119699835777283 -2.5463294982910156 462
4624 1024 0.5075699687004089 -2.547391891479492 102
4625 1024 0.5105500817298889 -2.547736644744873 307
4626 1024 0.513200044631958 -2.548774242401123 130
4627 1024 0.5076099038124084 -2.5491833686828613 980
4628 1024 0.5131700038909912 -2.549729347229004 804
4629 1024 0.5110500454902649 -2.550389289855957 104
4630 1024 0.5094498991966248 -2.5504651069641113 781
4631 1024 0.5129199624061584 -2.5506441593170166 837
4632 1024 0.5097800493240356 -2.5517172813415527 706
4633 1024 0.5096797943115234 -2.5529136657714844 16
4634 1024 0.509190022945404 -2.5529677867889404 547
4635 1024 0.5091800093650818 -2.554264783859253 14
4636 1024 0.5081199407577515 -2.5550990104675293 461
4637 1024 0.510019838809967 -2.555138111114502 326
4638 1024 0.509399950504303 -2.5564465522766113 688
4639 1024 0.5068098902702332 -2.557227611541748 428
4640 1024 0.5116499662399292 -2.558253526687622 123
4641 1024 0.5084699988365173 -2.5584864616394043 260
4642 1024 0.5068599581718445 -2.559072494506836 613
4643 1024 0.508929967880249 -2.5596976280212402 756
4644 1024 0.5057699680328369 -2.5597240924835205 935
4645 1024 0.5053700804710388 -2.559746503829956 529
4646 1024 0.5103200674057007 -2.5602312088012695 401
4647 1024 0.5060999989509583 -2.560936450958252 972
4648 1024 0.5068799257278442 -2.5609874725341797 205
4649 1024 0.5083299875259399 -2.5614986419677734 493
4650 1024 0.5059701204299927 -2.5616393089294434 43
4651 1024 0.5055599212646484 -2.5616488456726074 972
4652 1024 0.5081799030303955 -2.5626184940338135 456
4653 1024 0.5100399851799011 -2.5627219676971436 510
4654 1024 0.5075199604034424 -2.564049482345581 538
4655 1024 0.5048499703407288 -2.5644609928131104 181
4656 1024 0.505840003490448 -2.567622423171997 459
4657 1024 0.5055700540542603 -2.5692479610443115 832
4658 1024 0.5047599077224731 -2.5700430870056152 781
4659 1024 0.5070900321006775 -2.5704574584960938 398
4660 1024 0.5053101181983948 -2.5718390941619873 244
4661 1024 0.5036199688911438 -2.5719873905181885 169
4662 1024 0.5072099566459656 -2.572385311126709 971
4663 1024 0.5031099319458008 -2.572561264038086 774
4664 1024 0.5023699402809143 -2.5730702877044678 233
4665 1024 0.5063799619674683 -2.5731096267700195 437
4666 1024 0.5041599273681641 -2.575101137161255 451
4667 1024 0.5049899816513062 -2.5768399238586426 698
4668 1024 0.5027899742126465 -2.578826427459717 765
4669 1024 0.500269889831543 -2.5788822174072266 228
4670 1024 0.5072898268699646 -2.5789899826049805 296
4671 1024 0.5032100081443787 -2.5803110599517822 977
4672 1024 0.5028000473976135 -2.5804474353790283 718
4673 1024 0.5030400156974792 -2.581742286682129 355
4674 1024 0.5009600520133972 -2.581782341003418 453
4675 1024 0.5033799409866333 -2.5820822715759277 966
4676 1024 0.5028600692749023 -2.582245349884033 706
4677 1024 0.4996201694011688 -2.5827298164367676 403
4678 1024 0.7360101342201233 -2.583151340484619 846
4679 1024 0.7396499514579773 -2.5833640098571777 127
4680 1024 0.7393900752067566 -2.5844321250915527 379
4681 1024 0.7395297288894653 -2.5854413509368896 847
4682 1024 0.7389900088310242 -2.5885772705078125 921
4683 1024 0.7378204464912415 -2.589419364929199 380
4684 1024 0.7354801297187805 -2.5894455909729004 758
4685 1024 0.7369799613952637 -2.5900862216949463 931
4686 1024 0.742850124835968 -2.5910472869873047 889
4687 1024 0.7374499440193176 -2.5913636684417725 186
4688 1024 0.7385600209236145 -2.5927734375 941
4689 1024 0.7374101281166077 -2.5936059951782227 562
4690 1024 0.7376099824905396 -2.5950050354003906 998
4691 1024 0.7358400821685791 -2.5970823764801025 206
4692 1024 0.7376698851585388 -2.59891676902771 741
4693 1024 0.7349798679351807 -2.599301338195801 369
4694 1024 0.7373600602149963 -2.6039681434631348 274
4695 1024 0.7405300140380859 -2.6041555404663086 564
4696 1024 0.736480176448822 -2.605419874191284 959
4697 1024 0.7381898164749146 -2.608567953109741 267
4698 1024 0.7337300181388855 -2.608755588531494 829
4699 1024 0.7322898507118225 -2.6088054180145264 192
4700 1024 0.7382301092147827 -2.609243392944336 178
4701 1024 0.7341398596763611 -2.6093521118164062 224
4702 1024 0.7334100008010864 -2.6110382080078125 920
4703 1024 0.7388299107551575 -2.611544132232666 329
4704 1024 0.7353300452232361 -2.6117541790008545 760
4705 1024 0.7357200980186462 -2.613670587539673 384
4706 1024 0.7343300580978394 -2.614898204803467 146
4707 1024 0.7351700663566589 -2.615044116973877 604
4708 1024 0.7325901389122009 -2.6156835556030273 500
4709 1024 0.7340001463890076 -2.615722894668579 1023
4710 1024 0.7355000376701355 -2.615724563598633 153
4711 1024 0.7303600907325745 -2.6159708499908447 555
4712 1024 0.735150158405304 -2.617368221282959 699
4713 1024 0.7320600748062134 -2.618257999420166 537
4714 1024 0.7353900671005249 -2.61873197555542 234
4715 1024 0.7373899817466736 -2.62164306640625 502
4716 1024 0.7351701259613037 -2.6216869354248047 361
4717 1024 0.7354898452758789 -2.622072696685791 608
4718 1024 0.7345001697540283 -2.6233713626861572 1008
4719 1024 0.7315199971199036 -2.6246399879455566 797
4720 1024 0.7354199886322021 -2.6255528926849365 199
4721 1024 0.73170006275177 -2.6258161067962646 731
4722 1024 0.7325400114059448 -2.6261730194091797 178
4723 1024 0.7304701209068298 -2.6278598308563232 646
4724 1024 0.7301300764083862 -2.630253553390503 871
4725 1024 0.7331598997116089 -2.631673812866211 751
4726 1024 0.7325800061225891 -2.631930112838745 870
4727 1024 0.7301701307296753 -2.6322169303894043 504
4728 1024 0.7300699949264526 -2.632631778717041 492
4729 1024 0.7317901253700256 -2.633009433746338 634
4730 1024 0.7300200462341309 -2.6347944736480713 197
4731 1024 0.7313999533653259 -2.635042667388916 752
4732 1024 0.7274299263954163 -2.6351382732391357 53
4733 1024 0.7274000644683838 -2.6351981163024902 507
4734 1024 0.7289500832557678 -2.63539719581604 269
4735 1024 0.7315899729728699 -2.6368279457092285 739
4736 1024 0.730100154876709 -2.6371490955352783 230
4737 1024 0.7311299443244934 -2.639017343521118 288
4738 1024 0.7293200492858887 -2.6401612758636475 118
4739 1024 0.7288001179695129 -2.6403768062591553 233
4740 1024 0.7306800484657288 -2.6406290531158447 489
4741 1024 0.7286701202392578 -2.6410770416259766 43
4742 1024 0.7288300395011902 -2.6421780586242676 184
4743 1024 0.727830171585083 -2.6423001289367676 821
4744 1024 0.7301300168037415 -2.6428747177124023 894
4745 1024 0.7243598699569702 -2.644150733947754 149
4746 1024 0.7299100160598755 -2.6469690799713135 194
4747 1024 0.7316699028015137 -2.6490085124969482 212
4748 1024 0.7281399965286255 -2.6494414806365967 856
4749 1024 0.7279399037361145 -2.6512837409973145 247
4750 1024 0.7279698252677917 -2.65248966217041 573
4751 1024 0.7257701754570007 -2.6526894569396973 860
4752 1024 0.729120135307312 -2.6532063484191895 909
4753 1024 0.7285699248313904 -2.655025005340576 20
4754 1024 0.7222198843955994 -2.655686855316162 841
4755 1024 0.7271400094032288 -2.655921459197998 584
4756 1024 0.7253000736236572 -2.6561779975891113 697
4757 1024 0.7267401218414307 -2.656467914581299 819
4758 1024 0.725300133228302 -2.656914472579956 773
4759 1024 0.7283200025558472 -2.658494234085083 600
4760 1024 0.7273199558258057 -2.6585159301757812 538
4761 1024 0.7228501439094543 -2.659097671508789 133
4762 1024 0.7268700003623962 -2.6595304012298584 549
4763 1024 0.7261102199554443 -2.6597604751586914 704
4764 1024 0.7231800556182861 -2.6598081588745117 37
4765 1024 0.7279899716377258 -2.65989089012146 638
4766 1024 0.7231799960136414 -2.661435127258301 710
4767 1024 0.727899968624115 -2.661454200744629 548
4768 1024 0.725440263748169 -2.662142276763916 763
4769 1024 0.7232402563095093 -2.662621021270752 905
4770 1024 0.7243001461029053 -2.6636219024658203 359
4771 1024 0.7238898873329163 -2.6649694442749023 574
4772 1024 0.7235500812530518 -2.6664462089538574 345
4773 1024 0.7240200638771057 -2.666450023651123 1017
4774 1024 0.7292401790618896 -2.666965961456299 788
4775 1024 0.7259199619293213 -2.666989326477051 567
4776 1024 0.7293198704719543 -2.667506217956543 392
4777 1024 0.7265200018882751 -2.667663097381592 1013
4778 1024 0.726060152053833 -2.6680479049682617 6
4779 1024 0.724889874458313 -2.668489933013916 394
4780 1024 0.7243600487709045 -2.6689395904541016 987
4781 1024 0.7257699966430664 -2.6694397926330566 386
4782 1024 0.7238999009132385 -2.669543743133545 741
4783 1024 0.725820004940033 -2.670060634613037 172
4784 1024 0.7183899283409119 -2.671501874923706 62
4785 1024 0.7218299508094788 -2.6730265617370605 435
4786 1024 0.723080039024353 -2.673069953918457 93
4787 1024 0.7233802080154419 -2.6734848022460938 357
4788 1024 0.7208601236343384 -2.6743576526641846 858
4789 1024 0.7220001816749573 -2.674755334854126 418
4790 1024 0.7241598963737488 -2.677406072616577 521
4791 1024 0.7215699553489685 -2.678938627243042 807
4792 1024 0.7187798619270325 -2.6795873641967773 618
4793 1024 0.7228599190711975 -2.6798110008239746 157
4794 1024 0.7208201289176941 -2.680345296859741 869
4795 1024 0.722210168838501 -2.680549144744873 326
4796 1024 0.7255999445915222 -2.682126522064209 261
4797 1024 0.7219399809837341 -2.6839208602905273 755
4798 1024 0.7259802222251892 -2.684418201446533 393
4799 1024 0.7224600911140442 -2.685649871826172 745
4800 1024 0.722040057182312 -2.688164472579956 333
4801 1024 0.7187402248382568 -2.6890063285827637 317
4802 1024 0.719279944896698 -2.689441204071045 132
4803 1024 0.7202399969100952 -2.69008207321167 859
4804 1024 0.7182499766349792 -2.6900980472564697 403
4805 1024 0.7218401432037354 -2.6907782554626465 737
4806 1024 0.7158301472663879 -2.69222092628479 493
4807 1024 0.720780074596405 -2.6926777362823486 946
4808 1024 0.7155700325965881 -2.6930837631225586 955
4809 1024 0.716759979724884 -2.694139003753662 356
4810 1024 0.7179200649261475 -2.6964187622070312 983
4811 1024 0.7216700315475464 -2.696495532989502 479
4812 1024 0.7165802121162415 -2.697117328643799 303
4813 1024 0.7129700779914856 -2.6972737312316895 807
4814 1024 0.7205699682235718 -2.697873115539551 832
4815 1024 0.7186700105667114 -2.6982996463775635 865
4816 1024 0.7195301651954651 -2.698495388031006 430
4817 1024 0.7219900488853455 -2.698622226715088 865
4818 1024 0.7163498997688293 -2.6993472576141357 893
4819 1024 0.7170500755310059 -2.6998450756073 419
4820 1024 0.7168698906898499 -2.6999731063842773 405
4821 1024 0.7176500558853149 -2.7001028060913086 858
4822 1024 0.7190701365470886 -2.7003371715545654 961
4823 1024 0.7136097550392151 -2.7017292976379395 375
4824 1024 0.7161500453948975 -2.7020912170410156 660
4825 1024 0.7163398861885071 -2.702486038208008 724
4826 1024 0.7157399654388428 -2.7032840251922607 342
4827 1024 0.7178301811218262 -2.7036056518554688 337
4828 1024 0.7168801426887512 -2.7040586471557617 885
4829 1024 0.7187400460243225 -2.7040889263153076 640
4830 1024 0.7115299105644226 -2.704106330871582 424
4831 1024 0.7175902128219604 -2.7046561241149902 629
4832 1024 0.7155399918556213 -2.7048873901367188 431
4833 1024 0.7141801118850708 -2.7051126956939697 84
4834 1024 0.7184800505638123 -2.7053675651550293 4
4835 1024 0.7126801609992981 -2.706941604614258 1001
4836 1024 0.7169200778007507 -2.707136392593384 463
4837 1024 0.7145501375198364 -2.707770347595215 674
4838 1024 0.7182100415229797 -2.707853317260742 777
4839 1024 0.7157400846481323 -2.7081432342529297 575
4840 1024 0.7172302007675171 -2.7086799144744873 104
4841 1024 0.7181501388549805 -2.708721160888672 990
4842 1024 0.7176502346992493 -2.7098121643066406 30
4843 1024 0.7160100936889648 -2.709812641143799 871
4844 1024 0.7127100229263306 -2.709998369216919 616
4845 1024 0.7142700552940369 -2.7109107971191406 1002
4846 1024 0.7183302044868469 -2.7118070125579834 589
4847 1024 0.7156402468681335 -2.711939811706543 158
4848 1024 0.7142300009727478 -2.712831497192383 185
4849 1024 0.7162899374961853 -2.713099956512451 950
4850 1024 0.7171999216079712 -2.71342134475708 769
4851 1024 0.7112501859664917 -2.7136261463165283 570
4852 1024 0.7147800326347351 -2.7144582271575928 817
4853 1024 0.7178999781608582 -2.7144997119903564 358
4854 1024 0.7159399390220642 -2.7150557041168213 647
4855 1024 0.7136001586914062 -2.7159972190856934 807
4856 1024 0.7162101864814758 -2.717172622680664 323
4857 1024 0.7110000252723694 -2.7175774574279785 656
4858 1024 0.7118700742721558 -2.7182655334472656 609
4859 1024 0.7160298228263855 -2.7183725833892822 612
4860 1024 0.7154198884963989 -2.718526601791382 855
4861 1024 0.7126700282096863 -2.7186074256896973 849
4862 1024 0.712570071220398 -2.7189135551452637 482
4863 1024 0.7178000211715698 -2.719127893447876 357
4864 1024 0.7119299173355103 -2.7209110260009766 952
4865 1024 0.7141299247741699 -2.7210566997528076 1013
4866 1024 0.7135000228881836 -2.722355365753174 342
4867 1024 0.7122100591659546 -2.722468852996826 390
4868 1024 0.7104601860046387 -2.722614049911499 82
4869 1024 0.7095600962638855 -2.7242636680603027 598
4870 1024 0.7150300145149231 -2.724883556365967 722
4871 1024 0.7162502408027649 -2.725831985473633 622
4872 1024 0.7097399234771729 -2.7259960174560547 788
4873 1024 0.7087801098823547 -2.726114273071289 724
4874 1024 0.7128099799156189 -2.7272777557373047 195
4875 1024 0.7092299461364746 -2.7283122539520264 969
4876 1024 0.7127099633216858 -2.729480743408203 971
4877 1024 0.7080601453781128 -2.7295708656311035 490
4878 1024 0.7118200659751892 -2.729644298553467 520
4879 1024 0.7076100707054138 -2.7307581901550293 707
4880 1024 0.7077502012252808 -2.7307944297790527 341
4881 1024 0.7125201225280762 -2.7309420108795166 1
4882 1024 0.7139701843261719 -2.7309470176696777 271
4883 1024 0.7124798893928528 -2.7324063777923584 973
4884 1024 0.7101700901985168 -2.7333834171295166 942
4885 1024 0.7087600827217102 -2.7335987091064453 37
4886 1024 0.7103700637817383 -2.7341036796569824 860
4887 1024 0.7138698697090149 -2.7356481552124023 352
4888 1024 0.710270345211029 -2.7361831665039062 137
4889 1024 0.7080299854278564 -2.7369918823242188 718
4890 1024 0.7109898924827576 -2.7369954586029053 600
4891 1024 0.7083202004432678 -2.738206386566162 976
4892 1024 0.7119100093841553 -2.738372325897217 82
4893 1024 0.7090901136398315 -2.7391440868377686 361
4894 1024 0.7102700471878052 -2.7393603324890137 176
4895 1024 0.7107499241828918 -2.739501476287842 950
4896 1024 0.7091700434684753 -2.7395389080047607 29
4897 1024 0.7084000110626221 -2.740537405014038 776
4898 1024 0.7083803415298462 -2.74145770072937 256
4899 1024 0.7107702493667603 -2.741624593734741 465
4900 1024 0.7064402103424072 -2.742988109588623 184
4901 1024 0.7085100412368774 -2.7431225776672363 565
4902 1024 0.7087100744247437 -2.7433106899261475 999
4903 1024 0.7107300162315369 -2.7468838691711426 973
4904 1024 0.7046703100204468 -2.7469890117645264 352
4905 1024 0.7063400745391846 -2.7471067905426025 149
4906 1024 0.7059201002120972 -2.747150421142578 593
4907 1024 0.7064698338508606 -2.7472639083862305 150
4908 1024 0.7085402607917786 -2.747319221496582 510
4909 1024 0.708299994468689 -2.747570514678955 769
4910 1024 0.7041700482368469 -2.748831272125244 854
4911 1024 0.7055601477622986 -2.7489919662475586 739
4912 1024 0.7103300094604492 -2.7490642070770264 425
4913 1024 0.705170214176178 -2.7491393089294434 101
4914 1024 0.7052599787712097 -2.749302625656128 394
4915 1024 0.7055400013923645 -2.7513179779052734 190
4916 1024 0.7052801251411438 -2.7525837421417236 761
4917 1024 0.7073800563812256 -2.7534570693969727 477
4918 1024 0.7055302858352661 -2.753650188446045 1012
4919 1024 0.7067899703979492 -2.7538909912109375 462
4920 1024 0.7067100405693054 -2.7545859813690186 380
4921 1024 0.7071899771690369 -2.7546637058258057 692
4922 1024 0.7073899507522583 -2.7552013397216797 925
4923 1024 0.7008200883865356 -2.7555103302001953 22
4924 1024 0.7049500942230225 -2.7556262016296387 132
4925 1024 0.7055400013923645 -2.7565619945526123 232
4926 1024 0.7091200351715088 -2.7577009201049805 518
4927 1024 0.7053001523017883 -2.758181095123291 603
4928 1024 0.7042902112007141 -2.75986647605896 159
4929 1024 0.7081800699234009 -2.7615742683410645 66
4930 1024 0.7050799131393433 -2.762741804122925 270
4931 1024 0.7006101608276367 -2.7634735107421875 811
4932 1024 0.7012402415275574 -2.7636585235595703 27
4933 1024 0.7014700770378113 -2.7642009258270264 718
4934 1024 0.7049400210380554 -2.764578104019165 52
4935 1024 0.702210009098053 -2.7650952339172363 511
4936 1024 0.7004799246788025 -2.765190839767456 1004
4937 1024 0.7055198550224304 -2.7651946544647217 166
4938 1024 0.698710024356842 -2.765732765197754 527
4939 1024 0.7028800845146179 -2.7657861709594727 348
4940 1024 0.703359842300415 -2.7677860260009766 251
4941 1024 0.7036199569702148 -2.7682464122772217 625
4942 1024 0.7006299495697021 -2.7689480781555176 130
4943 1024 0.7017498016357422 -2.7694225311279297 855
4944 1024 0.7020298838615417 -2.7702932357788086 749
4945 1024 0.7003899812698364 -2.773329257965088 400
4946 1024 0.700570285320282 -2.7733731269836426 190
4947 1024 0.7003300189971924 -2.7742843627929688 235
4948 1024 0.69718998670578 -2.775331735610962 1003
4949 1024 0.7034300565719604 -2.776116371154785 462
4950 1024 0.6986199021339417 -2.7768895626068115 539
4951 1024 0.7011800408363342 -2.777651071548462 353
4952 1024 0.7041200995445251 -2.7778706550598145 984
4953 1024 0.6994300484657288 -2.7779431343078613 946
4954 1024 0.7005500793457031 -2.778718948364258 269
4955 1024 0.6961100101470947 -2.7799978256225586 180
4956 1024 0.6997301578521729 -2.7804112434387207 14
4957 1024 0.6996800899505615 -2.7816600799560547 820
4958 1024 0.699340283870697 -2.7818164825439453 639
4959 1024 0.6989801526069641 -2.7827835083007812 515
4960 1024 0.6968300938606262 -2.7829346656799316 228
4961 1024 0.6996600031852722 -2.783214807510376 975
4962 1024 0.6997899413108826 -2.7833986282348633 580
4963 1024 0.6974501609802246 -2.784480094909668 493
4964 1024 0.7029601335525513 -2.784942150115967 781
4965 1024 0.6985399723052979 -2.7852582931518555 830
4966 1024 0.6979600191116333 -2.785835027694702 308
4967 1024 0.6993302702903748 -2.786092758178711 559
4968 1024 0.694800078868866 -2.786748170852661 740
4969 1024 0.6990799307823181 -2.7873990535736084 361
4970 1024 0.6951903104782104 -2.7878551483154297 905
4971 1024 0.6981501579284668 -2.7884714603424072 822
4972 1024 0.6984999775886536 -2.789645195007324 373
4973 1024 0.695340096950531 -2.7896907329559326 98
4974 1024 0.6960899829864502 -2.7897660732269287 495
4975 1024 0.696130096912384 -2.7903895378112793 950
4976 1024 0.6997798681259155 -2.7904577255249023 392
4977 1024 0.6961601972579956 -2.790511131286621 160
4978 1024 0.6988601684570312 -2.7918920516967773 658
4979 1024 0.6985901594161987 -2.791968584060669 518
4980 1024 0.6998899579048157 -2.792184352874756 104
4981 1024 0.6993499398231506 -2.7932093143463135 920
4982 1024 0.6982001066207886 -2.7932558059692383 705
4983 1024 0.6964002251625061 -2.7950127124786377 575
4984 1024 0.6949900388717651 -2.7954111099243164 620
4985 1024 0.6939200162887573 -2.7957863807678223 694
4986 1024 0.6946401000022888 -2.796211004257202 552
4987 1024 0.6956902742385864 -2.7964367866516113 766
4988 1024 0.693510115146637 -2.7978758811950684 415
4989 1024 0.6958200931549072 -2.7979135513305664 987
4990 1024 0.6944400072097778 -2.798053026199341 816
4991 1024 0.6978200078010559 -2.7984700202941895 309
4992 1024 0.6947398781776428 -2.7984821796417236 872
4993 1024 0.6921200156211853 -2.7989261150360107 33
4994 1024 0.6956800818443298 -2.7999351024627686 1022
4995 1024 0.6940601468086243 -2.8002326488494873 155
4996 1024 0.6977500915527344 -2.8003299236297607 109
4997 1024 0.6963801980018616 -2.8004860877990723 614
4998 1024 0.7009800672531128 -2.8010189533233643 50
4999 1024 0.6927700042724609 -2.801717519760132 600
5000 1024 0.6925000548362732 -2.8018362522125244 346
5001 1024 0.6938701272010803 -2.803211212158203 291
5002 1024 0.6907498836517334 -2.803976058959961 577
5003 1024 0.6958600282669067 -2.8042263984680176 158
5004 1024 0.6937700510025024 -2.8043620586395264 534
5005 1024 0.6962498426437378 -2.8045694828033447 948
5006 1024 0.693320095539093 -2.805044651031494 658
5007 1024 0.6947999596595764 -2.8058102130889893 46
5008 1024 0.6917901635169983 -2.806077480316162 774
5009 1024 0.6929100751876831 -2.8063488006591797 337
5010 1024 0.6965199112892151 -2.8065900802612305 729
5011 1024 0.6947401165962219 -2.8066213130950928 142
5012 1024 0.6953600645065308 -2.806767463684082 981
5013 1024 0.6937800645828247 -2.8071300983428955 157
5014 1024 0.6932302117347717 -2.8074026107788086 267
5015 1024 0.6898500919342041 -2.8075592517852783 613
5016 1024 0.6915202140808105 -2.8079631328582764 57
5017 1024 0.6904299855232239 -2.8089427947998047 433
5018 1024 0.6920002102851868 -2.809009552001953 339
5019 1024 0.693290114402771 -2.8099193572998047 495
5020 1024 0.6898000240325928 -2.811546802520752 982
5021 1024 0.6939600110054016 -2.812066078186035 86
5022 1024 0.6871799826622009 -2.812934160232544 920
5023 1024 0.6935402750968933 -2.813117027282715 22
5024 1024 0.6875302195549011 -2.8136091232299805 787
5025 1024 0.6914399862289429 -2.8136377334594727 733
5026 1024 0.6905600428581238 -2.8136768341064453 957
5027 1024 0.6886498928070068 -2.8138580322265625 693
5028 1024 0.6918800473213196 -2.8143205642700195 427
5029 1024 0.6906000971794128 -2.815492630004883 446
5030 1024 0.6901798248291016 -2.8165125846862793 718
5031 1024 0.6906002163887024 -2.81668758392334 526
5032 1024 0.6908100247383118 -2.8166890144348145 645
5033 1024 0.6935101747512817 -2.816737651824951 502
5034 1024 0.6888102293014526 -2.8169922828674316 447
5035 1024 0.6904098987579346 -2.817821979522705 399
5036 1024 0.6904599666595459 -2.818552017211914 724
5037 1024 0.6887899041175842 -2.8185648918151855 494
5038 1024 0.6871101260185242 -2.8193840980529785 925
5039 1024 0.6899000406265259 -2.8200621604919434 711
5040 1024 0.6892699003219604 -2.8201823234558105 586
5041 1024 0.6904999613761902 -2.8205575942993164 169
5042 1024 0.6860300302505493 -2.820830821990967 620
5043 1024 0.6867401003837585 -2.821355104446411 1022
5044 1024 0.6878900527954102 -2.8214304447174072 329
5045 1024 0.6913101673126221 -2.823194980621338 736
5046 1024 0.6854799389839172 -2.8232882022857666 965
5047 1024 0.6887298226356506 -2.823330879211426 601
5048 1024 0.6891899704933167 -2.8236401081085205 670
5049 1024 0.6909502148628235 -2.823702335357666 779
5050 1024 0.6862899661064148 -2.8237738609313965 766
5051 1024 0.6905799508094788 -2.8238277435302734 1008
5052 1024 0.6862499713897705 -2.8239996433258057 716
5053 1024 0.6878701448440552 -2.8242788314819336 1007
5054 1024 0.6841000914573669 -2.8244311809539795 375
5055 1024 0.6875600218772888 -2.825011730194092 396
5056 1024 0.68746018409729 -2.8254752159118652 663
5057 1024 0.6881000399589539 -2.826076030731201 513
5058 1024 0.6875899434089661 -2.826450824737549 836
5059 1024 0.68777996301651 -2.826781988143921 11
5060 1024 0.6885200142860413 -2.8269097805023193 937
5061 1024 0.6869601011276245 -2.8278818130493164 687
5062 1024 0.6849601864814758 -2.8284692764282227 402
5063 1024 0.6900900602340698 -2.828474283218384 541
5064 1024 0.686269998550415 -2.8286068439483643 303
5065 1024 0.687170147895813 -2.8291995525360107 654
5066 1024 0.684650182723999 -2.829496383666992 499
5067 1024 0.688759982585907 -2.8315839767456055 639
5068 1024 0.686910092830658 -2.831986904144287 702
5069 1024 0.6841400265693665 -2.8327574729919434 646
5070 1024 0.6864001154899597 -2.832962989807129 92
5071 1024 0.6864200234413147 -2.833043098449707 702
5072 1024 0.6862398982048035 -2.833141565322876 996
5073 1024 0.6864601969718933 -2.833272933959961 157
5074 1024 0.6834200024604797 -2.8334548473358154 874
5075 1024 0.6833699941635132 -2.8343427181243896 113
5076 1024 0.683650016784668 -2.834393262863159 32
5077 1024 0.6832900643348694 -2.834561347961426 478
5078 1024 0.6835400462150574 -2.8352434635162354 116
5079 1024 0.6833200454711914 -2.836656093597412 823
5080 1024 0.6847899556159973 -2.836996555328369 119
5081 1024 0.6821600198745728 -2.838235378265381 894
5082 1024 0.6856900453567505 -2.8389647006988525 918
5083 1024 0.6856400370597839 -2.839242458343506 547
5084 1024 0.6826500296592712 -2.839566469192505 549
5085 1024 0.6812799572944641 -2.840360641479492 703
5086 1024 0.6848901510238647 -2.840470790863037 24
5087 1024 0.6831300258636475 -2.8406167030334473 565
5088 1024 0.6800699234008789 -2.840806722640991 34
5089 1024 0.6823599934577942 -2.841449022293091 523
5090 1024 0.6800699234008789 -2.842399835586548 844
5091 1024 0.6819102168083191 -2.842414140701294 428
5092 1024 0.6825101375579834 -2.842463970184326 809
5093 1024 0.6832901835441589 -2.842555046081543 550
5094 1024 0.6827602386474609 -2.843048095703125 616
5095 1024 0.6818399429321289 -2.8434016704559326 370
5096 1024 0.6808900237083435 -2.8443431854248047 34
5097 1024 0.6792099475860596 -2.844386100769043 590
5098 1024 0.6785997748374939 -2.8445920944213867 746
5099 1024 0.6816500425338745 -2.844775438308716 473
5100 1024 0.6806199550628662 -2.8452696800231934 821
5101 1024 0.6813799738883972 -2.8458352088928223 796
5102 1024 0.6808902025222778 -2.846632957458496 192
5103 1024 0.6783302426338196 -2.8473031520843506 820
5104 1024 0.6791101098060608 -2.847705125808716 74
5105 1024 0.6804200410842896 -2.8479161262512207 968
5106 1024 0.6826798915863037 -2.849074363708496 978
5107 1024 0.6791600584983826 -2.849362850189209 16
5108 1024 0.6770300269126892 -2.8494935035705566 890
5109 1024 0.6746199727058411 -2.850344657897949 548
5110 1024 0.6817200183868408 -2.850588321685791 289
5111 1024 0.680370032787323 -2.8514771461486816 166
5112 1024 0.6796799898147583 -2.851677179336548 336
5113 1024 0.6782298684120178 -2.8517069816589355 387
5114 1024 0.681670069694519 -2.852517604827881 915
5115 1024 0.6822801828384399 -2.8534059524536133 218
5116 1024 0.6780399084091187 -2.8541595935821533 473
5117 1024 0.6810801029205322 -2.854719638824463 795
5118 1024 0.6789199113845825 -2.8547654151916504 89
5119 1024 0.682140052318573 -2.855259656906128 404
5120 1024 0.6831198930740356 -2.8557345867156982 745
5121 1024 0.6780300140380859 -2.8564064502716064 735
5122 1024 0.6793698668479919 -2.85642147064209 583
5123 1024 0.6766400933265686 -2.8570055961608887 893
5124 1024 0.677619993686676 -2.857658863067627 763
5125 1024 0.6761000156402588 -2.858168125152588 954
5126 1024 0.678869903087616 -2.8586792945861816 794
5127 1024 0.6779598593711853 -2.858919143676758 146
5128 1024 0.6817800998687744 -2.8597021102905273 382
5129 1024 0.6782699227333069 -2.8597278594970703 837
5130 1024 0.6743798851966858 -2.8600292205810547 294
5131 1024 0.6784700751304626 -2.8600406646728516 908
5132 1024 0.6754001379013062 -2.8607263565063477 689
5133 1024 0.6794799566268921 -2.86080265045166 1023
5134 1024 0.6771298050880432 -2.8614234924316406 529
5135 1024 0.6759299039840698 -2.8616862297058105 838
5136 1024 0.676550030708313 -2.862640380859375 247
5137 1024 0.6748000979423523 -2.8640923500061035 401
5138 1024 0.6739199161529541 -2.8642051219940186 420
5139 1024 0.67221999168396 -2.8646347522735596 838
5140 1024 0.6757199168205261 -2.864673137664795 178
5141 1024 0.6767102479934692 -2.8648436069488525 538
5142 1024 0.6733399033546448 -2.8653125762939453 640
5143 1024 0.6749099493026733 -2.865375280380249 945
5144 1024 0.674049973487854 -2.865635395050049 453
5145 1024 0.6782798767089844 -2.8657634258270264 986
5146 1024 0.6797600984573364 -2.8669424057006836 120
5147 1024 0.6730099320411682 -2.867215156555176 520
5148 1024 0.6751600503921509 -2.8682119846343994 506
5149 1024 0.6743801236152649 -2.8682212829589844 130
5150 1024 0.6723401546478271 -2.868917465209961 429
5151 1024 0.6748201847076416 -2.870105028152466 214
5152 1024 0.6701800227165222 -2.870718479156494 10
5153 1024 0.671819806098938 -2.873061180114746 952
5154 1024 0.6719101667404175 -2.873093843460083 475
5155 1024 0.6724101305007935 -2.8739051818847656 988
5156 1024 0.6733800172805786 -2.873922348022461 230
5157 1024 0.6743199229240417 -2.87404203414917 704
5158 1024 0.6705499887466431 -2.875028610229492 830
5159 1024 0.6699499487876892 -2.8751015663146973 895
5160 1024 0.6719099283218384 -2.8755993843078613 332
5161 1024 0.669829785823822 -2.875633716583252 116
5162 1024 0.6754699349403381 -2.8756954669952393 561
5163 1024 0.6714099645614624 -2.8758058547973633 447
5164 1024 0.6725200414657593 -2.877068519592285 126
5165 1024 0.6702399253845215 -2.8780739307403564 930
5166 1024 0.6730000972747803 -2.8781464099884033 275
5167 1024 0.6764499545097351 -2.8785109519958496 995
5168 1024 0.6700998544692993 -2.8787121772766113 765
5169 1024 0.6681099534034729 -2.8793656826019287 681
5170 1024 0.6702499389648438 -2.8802340030670166 580
5171 1024 0.6703799962997437 -2.880270004272461 302
5172 1024 0.6744899749755859 -2.8806769847869873 508
5173 1024 0.6691699624061584 -2.8819127082824707 361
5174 1024 0.669299840927124 -2.883458375930786 313
5175 1024 0.6701598763465881 -2.8836586475372314 723
5176 1024 0.6676498055458069 -2.8846583366394043 761
5177 1024 0.6684299111366272 -2.885174512863159 405
5178 1024 0.667930006980896 -2.88568115234375 165
5179 1024 0.6690200567245483 -2.8856966495513916 625
5180 1024 0.6693601012229919 -2.886500835418701 457
5181 1024 0.6672999262809753 -2.88680100440979 880
5182 1024 0.6681399345397949 -2.8868117332458496 546
5183 1024 0.6669800281524658 -2.8868913650512695 814
5184 1024 0.6655100584030151 -2.887463092803955 315
5185 1024 0.6698099374771118 -2.888385772705078 687
5186 1024 0.6671000719070435 -2.8885338306427 587
5187 1024 0.6697000861167908 -2.8888914585113525 753
5188 1024 0.6651900410652161 -2.8889074325561523 17
5189 1024 0.6674900054931641 -2.8900649547576904 304
5190 1024 0.6664900183677673 -2.890392303466797 672
5191 1024 0.6681999564170837 -2.890984296798706 403
5192 1024 0.67044997215271 -2.8911561965942383 575
5193 1024 0.6604001522064209 -2.8917295932769775 176
5194 1024 0.6643799543380737 -2.8929696083068848 706
5195 1024 0.6626899838447571 -2.894111156463623 724
5196 1024 0.6655797958374023 -2.894989490509033 255
5197 1024 0.6653199791908264 -2.8949902057647705 130
5198 1024 0.667449951171875 -2.89504337310791 122
5199 1024 0.6672298908233643 -2.895143985748291 599
5200 1024 0.660319983959198 -2.8951668739318848 999
5201 1024 0.6645900011062622 -2.8951878547668457 664
5202 1024 0.6633499264717102 -2.89571213722229 489
5203 1024 0.6646600365638733 -2.897434949874878 740
5204 1024 0.663800060749054 -2.897630214691162 453
5205 1024 0.6651797294616699 -2.897982120513916 345
5206 1024 0.6647400259971619 -2.8980770111083984 899
5207 1024 0.6637598276138306 -2.898470878601074 147
5208 1024 0.6638599038124084 -2.8985092639923096 792
5209 1024 0.6620900630950928 -2.8988728523254395 760
5210 1024 0.6635699272155762 -2.899472951889038 223
5211 1024 0.6637700796127319 -2.900042772293091 767
5212 1024 0.6632198691368103 -2.9004015922546387 140
5213 1024 0.6640200614929199 -2.9004833698272705 341
5214 1024 0.6616500020027161 -2.9008474349975586 296
5215 1024 0.6600499749183655 -2.90141224861145 903
5216 1024 0.6646699905395508 -2.901538610458374 543
5217 1024 0.6632399559020996 -2.9029974937438965 926
5218 1024 0.6608699560165405 -2.9030909538269043 614
5219 1024 0.6630598902702332 -2.903574228286743 440
5220 1024 0.6615698933601379 -2.903637409210205 732
5221 1024 0.6627500653266907 -2.9038281440734863 305
5222 1024 0.6646199822425842 -2.904772996902466 972
5223 1024 0.6615200042724609 -2.9051918983459473 398
5224 1024 0.6611700057983398 -2.9053118228912354 267
5225 1024 0.6625999808311462 -2.9058713912963867 364
5226 1024 0.6614200472831726 -2.906419515609741 926
5227 1024 0.6601200699806213 -2.907172679901123 389
5228 1024 0.6639400124549866 -2.9072980880737305 603
5229 1024 0.6590098142623901 -2.907310962677002 693
5230 1024 0.6595100164413452 -2.908299446105957 795
5231 1024 0.6610900163650513 -2.908851146697998 830
5232 1024 0.6581599116325378 -2.9089856147766113 830
5233 1024 0.6583300828933716 -2.9095191955566406 434
5234 1024 0.6560299396514893 -2.9096832275390625 685
5235 1024 0.6595300436019897 -2.9098713397979736 131
5236 1024 0.6612300872802734 -2.9099466800689697 773
5237 1024 0.660309910774231 -2.910616159439087 943
5238 1024 0.6580199003219604 -2.9111487865448 226
5239 1024 0.6545500159263611 -2.9118762016296387 917
5240 1024 0.6600099802017212 -2.911911725997925 10
5241 1024 0.6611899137496948 -2.912238121032715 426
5242 1024 0.6593899130821228 -2.912491798400879 485
5243 1024 0.656279981136322 -2.91383695602417 563
5244 1024 0.6593099236488342 -2.9143354892730713 209
5245 1024 0.658909797668457 -2.914336681365967 199
5246 1024 0.6579097509384155 -2.9144272804260254 945
5247 1024 0.6576198935508728 -2.915039300918579 327
5248 1024 0.6594301462173462 -2.9154763221740723 660
5249 1024 0.6578200459480286 -2.9167752265930176 564
5250 1024 0.6622399091720581 -2.9174070358276367 393
5251 1024 0.6579701900482178 -2.9176340103149414 109
5252 1024 0.6564499735832214 -2.9181997776031494 903
5253 1024 0.6577001214027405 -2.918883800506592 791
5254 1024 0.6548299789428711 -2.9195570945739746 220
5255 1024 0.6563199758529663 -2.9208834171295166 470
5256 1024 0.6566599011421204 -2.921032428741455 5
5257 1024 0.6546200513839722 -2.921658754348755 714
5258 1024 0.6535099744796753 -2.922391414642334 245
5259 1024 0.6555100679397583 -2.922417640686035 413
5260 1024 0.6566900014877319 -2.922844886779785 121
5261 1024 0.659889817237854 -2.9228694438934326 535
5262 1024 0.6558799743652344 -2.9229753017425537 19
5263 1024 0.6518799662590027 -2.923034906387329 854
5264 1024 0.6568298935890198 -2.9230380058288574 74
5265 1024 0.6560499668121338 -2.923278570175171 819
5266 1024 0.6533999443054199 -2.923365592956543 144
5267 1024 0.6535100340843201 -2.923644542694092 1018
5268 1024 0.6566100716590881 -2.923781156539917 777
5269 1024 0.6531898975372314 -2.923964738845825 536
5270 1024 0.6547099351882935 -2.924243927001953 824
5271 1024 0.6584100127220154 -2.9247052669525146 664
5272 1024 0.6595298647880554 -2.9247817993164062 676
5273 1024 0.6543899178504944 -2.924818992614746 245
5274 1024 0.6511099338531494 -2.9249510765075684 578
5275 1024 0.6548599600791931 -2.9266772270202637 134
5276 1024 0.6530699133872986 -2.926847457885742 326
5277 1024 0.6532397270202637 -2.9280591011047363 741
5278 1024 0.654529869556427 -2.928436040878296 459
5279 1024 0.6516198515892029 -2.9291253089904785 848
5280 1024 0.649850070476532 -2.9293978214263916 167
5281 1024 0.6504798531532288 -2.9297938346862793 6
5282 1024 0.652880072593689 -2.929823637008667 883
5283 1024 0.6494100093841553 -2.92982816696167 806
5284 1024 0.6563799381256104 -2.931549072265625 170
5285 1024 0.6528199911117554 -2.9319894313812256 820
5286 1024 0.6494700312614441 -2.932490825653076 742
5287 1024 0.6540599465370178 -2.933175563812256 258
5288 1024 0.6527898907661438 -2.9349308013916016 183
5289 1024 0.6520999670028687 -2.9352033138275146 418
5290 1024 0.6522198915481567 -2.9354686737060547 817
5291 1024 0.6509400606155396 -2.9366519451141357 202
5292 1024 0.6479899287223816 -2.937615394592285 378
5293 1024 0.6483199000358582 -2.937746524810791 498
5294 1024 0.6516899466514587 -2.9378440380096436 807
5295 1024 0.6471899747848511 -2.9378607273101807 452
5296 1024 0.6517799496650696 -2.9382920265197754 111
5297 1024 0.6439298987388611 -2.9386849403381348 83
5298 1024 0.6495599746704102 -2.939467430114746 599
5299 1024 0.6470800638198853 -2.9395086765289307 930
5300 1024 0.6510598659515381 -2.939690113067627 637
5301 1024 0.6474498510360718 -2.9399900436401367 968
5302 1024 0.6493198871612549 -2.9408373832702637 217
5303 1024 0.6466799974441528 -2.9413745403289795 6
5304 1024 0.6504501104354858 -2.9418013095855713 889
5305 1024 0.6465699672698975 -2.942211389541626 315
5306 1024 0.646139919757843 -2.942302703857422 496
5307 1024 0.6425398588180542 -2.9423487186431885 197
5308 1024 0.6439099907875061 -2.9425883293151855 842
5309 1024 0.6491100192070007 -2.9429879188537598 272
5310 1024 0.6459599137306213 -2.943861484527588 317
5311 1024 0.649679958820343 -2.9440088272094727 218
5312 1024 0.6450299024581909 -2.9440252780914307 146
5313 1024 0.647879958152771 -2.9446141719818115 286
5314 1024 0.6473299860954285 -2.9448142051696777 871
5315 1024 0.6460899114608765 -2.94534969329834 307
5316 1024 0.6474698781967163 -2.945734739303589 480
5317 1024 0.6441798806190491 -2.9458603858947754 589
5318 1024 0.6450400352478027 -2.9466023445129395 25
5319 1024 0.6442800164222717 -2.946951389312744 614
5320 1024 0.641730010509491 -2.9470043182373047 938
5321 1024 0.6422300338745117 -2.947834014892578 866
5322 1024 0.6440300345420837 -2.948253631591797 644
5323 1024 0.6457301378250122 -2.94889497756958 848
5324 1024 0.6410999298095703 -2.949770450592041 909
5325 1024 0.6438198685646057 -2.950098752975464 760
5326 1024 0.6425198912620544 -2.950322151184082 448
5327 1024 0.6466899514198303 -2.951376438140869 747
5328 1024 0.642190158367157 -2.9514780044555664 579
5329 1024 0.6435598731040955 -2.95149564743042 246
5330 1024 0.6439899206161499 -2.9515020847320557 1005
5331 1024 0.6440199613571167 -2.951815128326416 669
5332 1024 0.6423299908638 -2.952061891555786 917
5333 1024 0.6450798511505127 -2.9528584480285645 580
5334 1024 0.6471599340438843 -2.9546360969543457 991
5335 1024 0.6425398588180542 -2.955324649810791 51
5336 1024 0.639989972114563 -2.955496311187744 651
5337 1024 0.6421900987625122 -2.955501079559326 333
5338 1024 0.6414899230003357 -2.956252336502075 439
5339 1024 0.6399898529052734 -2.9562597274780273 825
5340 1024 0.6413498520851135 -2.956507682800293 341
5341 1024 0.641470193862915 -2.957184076309204 934
5342 1024 0.6391099691390991 -2.9574942588806152 892
5343 1024 0.6381198167800903 -2.958921432495117 678
5344 1024 0.6400299072265625 -2.9595541954040527 903
5345 1024 0.641089916229248 -2.9597904682159424 403
5346 1024 0.640250027179718 -2.9598233699798584 915
5347 1024 0.6410300135612488 -2.9598824977874756 251
5348 1024 0.6386500597000122 -2.959885597229004 433
5349 1024 0.6424500346183777 -2.95992374420166 544
5350 1024 0.6364100575447083 -2.9600536823272705 41
5351 1024 0.639460027217865 -2.9600675106048584 172
5352 1024 0.6381998658180237 -2.96036434173584 641
5353 1024 0.6431400775909424 -2.9603805541992188 286
5354 1024 0.6368800401687622 -2.961688756942749 483
5355 1024 0.6350299715995789 -2.9617419242858887 268
5356 1024 0.6412199139595032 -2.9621307849884033 96
5357 1024 0.6379899978637695 -2.962399482727051 809
5358 1024 0.6401299238204956 -2.9624457359313965 43
5359 1024 0.6411400437355042 -2.962517738342285 7
5360 1024 0.6397800445556641 -2.9633629322052 777
5361 1024 0.6397401094436646 -2.9637439250946045 533
5362 1024 0.6399199962615967 -2.963801622390747 804
5363 1024 0.6383399963378906 -2.964669704437256 827
5364 1024 0.6392399668693542 -2.964756965637207 38
5365 1024 0.6367000937461853 -2.9653213024139404 124
5366 1024 0.6372401118278503 -2.9655933380126953 269
5367 1024 0.6369800567626953 -2.9658093452453613 284
5368 1024 0.6342499256134033 -2.9662694931030273 31
5369 1024 0.635880172252655 -2.966376781463623 941
5370 1024 0.6331701278686523 -2.966381788253784 439
5371 1024 0.6377700567245483 -2.966644048690796 441
5372 1024 0.6358699202537537 -2.966827869415283 231
5373 1024 0.6355699896812439 -2.96691632270813 926
5374 1024 0.6416301727294922 -2.9669559001922607 25
5375 1024 0.6384798884391785 -2.9673635959625244 459
5376 1024 0.6341198682785034 -2.9678211212158203 1015
5377 1024 0.636989951133728 -2.968304395675659 959
5378 1024 0.6391199827194214 -2.9685237407684326 367
5379 1024 0.6362099647521973 -2.968576669692993 339
5380 1024 0.6342901587486267 -2.9689927101135254 751
5381 1024 0.6343399286270142 -2.969783067703247 121
5382 1024 0.637170135974884 -2.9702653884887695 272
5383 1024 0.6351900696754456 -2.9703996181488037 800
5384 1024 0.6386800408363342 -2.970855236053467 282
5385 1024 0.632949948310852 -2.971020221710205 710
5386 1024 0.6345699429512024 -2.9712133407592773 174
5387 1024 0.6335999965667725 -2.9712324142456055 410
5388 1024 0.63360995054245 -2.971395254135132 809
5389 1024 0.6362800002098083 -2.971728801727295 501
5390 1024 0.6358199715614319 -2.9718070030212402 1005
5391 1024 0.6338498592376709 -2.971858024597168 753
5392 1024 0.634139895439148 -2.9720699787139893 923
5393 1024 0.6375999450683594 -2.9730427265167236 284
5394 1024 0.6357599496841431 -2.9732604026794434 182
5395 1024 0.6360200643539429 -2.9734575748443604 550
5396 1024 0.6345500349998474 -2.9738118648529053 277
5397 1024 0.6377900838851929 -2.9738657474517822 543
5398 1024 0.6365299224853516 -2.9741244316101074 169
5399 1024 0.6338798403739929 -2.9742345809936523 472
5400 1024 0.6335498690605164 -2.9744601249694824 60
5401 1024 0.632629930973053 -2.974954128265381 342
5402 1024 0.6310698986053467 -2.975407600402832 604
5403 1024 0.6306800842285156 -2.975599765777588 56
5404 1024 0.6348699927330017 -2.9762299060821533 599
5405 1024 0.6290900707244873 -2.9768736362457275 993
5406 1024 0.6309000253677368 -2.977020263671875 480
5407 1024 0.628200113773346 -2.9770750999450684 1009
5408 1024 0.6329100131988525 -2.977207899093628 52
5409 1024 0.6311898827552795 -2.9772260189056396 355
5410 1024 0.6336500644683838 -2.9779152870178223 3
5411 1024 0.6315600275993347 -2.9788599014282227 344
5412 1024 0.6316198706626892 -2.979033946990967 322
5413 1024 0.6294999718666077 -2.9798755645751953 212
5414 1024 0.6284899115562439 -2.981590747833252 328
5415 1024 0.6289100646972656 -2.981593608856201 945
5416 1024 0.6292401552200317 -2.9817705154418945 478
5417 1024 0.6302298903465271 -2.9820077419281006 759
5418 1024 0.6313201189041138 -2.9822919368743896 694
5419 1024 0.6319601535797119 -2.9824132919311523 636
5420 1024 0.6313300132751465 -2.982968330383301 558
5421 1024 0.6276000738143921 -2.983046531677246 84
5422 1024 0.629129946231842 -2.9843053817749023 735
5423 1024 0.6306999921798706 -2.9845237731933594 1015
5424 1024 0.6266599893569946 -2.985302209854126 1005
5425 1024 0.6261399984359741 -2.9856340885162354 696
5426 1024 0.6255400776863098 -2.9858808517456055 212
5427 1024 0.6329300403594971 -2.985942840576172 268
5428 1024 0.6271500587463379 -2.9868879318237305 613
5429 1024 0.6231099367141724 -2.9877572059631348 676
5430 1024 0.6237900853157043 -2.989729881286621 170
5431 1024 0.6276899576187134 -2.989767074584961 286
5432 1024 0.6264198422431946 -2.9902496337890625 788
5433 1024 0.6282498836517334 -2.990967273712158 1
5434 1024 0.627299964427948 -2.991049289703369 29
5435 1024 0.6252301335334778 -2.992077350616455 40
5436 1024 0.6260998845100403 -2.9923646450042725 531
5437 1024 0.6235999464988708 -2.9929897785186768 898
5438 1024 0.6255397796630859 -2.99320125579834 580
5439 1024 0.625480055809021 -2.9932427406311035 229
5440 1024 0.6273499727249146 -2.994905471801758 999
5441 1024 0.6205499172210693 -2.995706558227539 1003
5442 1024 0.6251799464225769 -2.9959652423858643 185
5443 1024 0.6227700710296631 -2.9960548877716064 286
5444 1024 0.622460126876831 -2.9966511726379395 680
5445 1024 0.621330201625824 -2.9970479011535645 187
5446 1024 0.6221300363540649 -2.997272491455078 506
5447 1024 0.6238399744033813 -2.997530937194824 1014
5448 1024 0.6218299865722656 -2.9977049827575684 968
5449 1024 0.6214001178741455 -2.998389720916748 877
5450 1024 0.6238901019096375 -2.9983930587768555 809
5451 1024 0.6215800046920776 -2.99878191947937 675
5452 1024 0.6206800937652588 -3.00006103515625 931
5453 1024 0.618690013885498 -3.000133991241455 169
5454 1024 0.6197802424430847 -3.0003418922424316 959
5455 1024 0.6208198666572571 -3.0006330013275146 823
5456 1024 0.6188799738883972 -3.001943588256836 171
5457 1024 0.6212199926376343 -3.0023467540740967 1011
5458 1024 0.6164500713348389 -3.0024356842041016 310
5459 1024 0.618899941444397 -3.0025153160095215 157
5460 1024 0.6182600855827332 -3.0026583671569824 214
5461 1024 0.6196599006652832 -3.0028557777404785 260
5462 1024 0.6186400651931763 -3.003021717071533 778
5463 1024 0.6203700304031372 -3.0037083625793457 579
5464 1024 0.621959924697876 -3.0042929649353027 565
5465 1024 0.6124300956726074 -3.0043253898620605 299
5466 1024 0.6184800863265991 -3.0044968128204346 586
5467 1024 0.6229000091552734 -3.0051536560058594 334
5468 1024 0.6170800924301147 -3.0053021907806396 809
5469 1024 0.6229700446128845 -3.005478858947754 890
5470 1024 0.6168600916862488 -3.0056118965148926 82
5471 1024 0.6179898977279663 -3.0060060024261475 142
5472 1024 0.6175801157951355 -3.0061073303222656 497
5473 1024 0.6146399974822998 -3.00626277923584 930
5474 1024 0.6174301505088806 -3.0062732696533203 460
5475 1024 0.6177601218223572 -3.006880283355713 410
5476 1024 0.6125800609588623 -3.0071749687194824 33
5477 1024 0.6195001006126404 -3.0073628425598145 401
5478 1024 0.6148697733879089 -3.0075182914733887 232
5479 1024 0.6192400455474854 -3.008657455444336 596
5480 1024 0.6220298409461975 -3.0094594955444336 582
5481 1024 0.6196199655532837 -3.0098400115966797 984
5482 1024 0.6150599718093872 -3.010951280593872 231
5483 1024 0.6156099438667297 -3.0118603706359863 850
5484 1024 0.6150599718093872 -3.0122036933898926 864
5485 1024 0.6120399832725525 -3.0122876167297363 244
5486 1024 0.6160100698471069 -3.0128209590911865 7
5487 1024 0.6154798865318298 -3.012990951538086 257
5488 1024 0.6141199469566345 -3.0134596824645996 210
5489 1024 0.6137899160385132 -3.013566017150879 273
5490 1024 0.6158298850059509 -3.015369415283203 815
5491 1024 0.6120998859405518 -3.015524387359619 383
5492 1024 0.6119599938392639 -3.0158379077911377 812
5493 1024 0.612030029296875 -3.016326904296875 896
5494 1024 0.6140999794006348 -3.016976833343506 972
5495 1024 0.6117700338363647 -3.017054557800293 306
5496 1024 0.6124498844146729 -3.017353057861328 270
5497 1024 0.6127800941467285 -3.0174307823181152 634
5498 1024 0.6141098737716675 -3.018278121948242 716
5499 1024 0.6149500012397766 -3.018463134765625 375
5500 1024 0.6102099418640137 -3.018655776977539 307
5501 1024 0.612589955329895 -3.0190539360046387 108
5502 1024 0.6121301054954529 -3.0208544731140137 39
5503 1024 0.6107999682426453 -3.020878314971924 175
5504 1024 0.6087700128555298 -3.022763252258301 999
5505 1024 0.6100800633430481 -3.022768974304199 652
5506 1024 0.6072600483894348 -3.023573398590088 954
5507 1024 0.6092200875282288 -3.023745536804199 712
5508 1024 0.6081298589706421 -3.0238876342773438 961
5509 1024 0.6096299886703491 -3.0240297317504883 178
5510 1024 0.6099900007247925 -3.0241169929504395 3
5511 1024 0.6047700643539429 -3.0244107246398926 593
5512 1024 0.6073700785636902 -3.0244181156158447 442
5513 1024 0.6085501313209534 -3.0245866775512695 621
5514 1024 0.609790027141571 -3.024688482284546 138
5515 1024 0.6082199811935425 -3.025256395339966 720
5516 1024 0.6044200658798218 -3.025477886199951 774
5517 1024 0.6075900197029114 -3.026522159576416 123
5518 1024 0.6070300340652466 -3.0267333984375 784
5519 1024 0.6068402528762817 -3.027858257293701 181
5520 1024 0.6014700531959534 -3.028078079223633 786
5521 1024 0.604850172996521 -3.0287623405456543 138
5522 1024 0.6039999723434448 -3.0287928581237793 810
5523 1024 0.6051801443099976 -3.0288658142089844 1005
5524 1024 0.6089499592781067 -3.0289413928985596 832
5525 1024 0.6050600409507751 -3.0289785861968994 811
5526 1024 0.6036301851272583 -3.029118061065674 830
5527 1024 0.602910041809082 -3.0296053886413574 688
5528 1024 0.6063300371170044 -3.0297632217407227 870
5529 1024 0.6068699955940247 -3.030045747756958 657
5530 1024 0.6072201132774353 -3.0300986766815186 52
5531 1024 0.6066201329231262 -3.030752658843994 859
5532 1024 0.6026500463485718 -3.0311501026153564 915
5533 1024 0.6012300848960876 -3.031642436981201 434
5534 1024 0.6033601760864258 -3.0321145057678223 580
5535 1024 0.604100227355957 -3.033660650253296 708
5536 1024 0.6044700741767883 -3.0345401763916016 395
5537 1024 0.6046901345252991 -3.0354831218719482 985
5538 1024 0.5991398692131042 -3.0355875492095947 75
5539 1024 0.6025198698043823 -3.0363564491271973 335
5540 1024 0.5996601581573486 -3.036424398422241 509
5541 1024 0.5994100570678711 -3.0371413230895996 378
5542 1024 0.6034201383590698 -3.037144660949707 778
5543 1024 0.6005200147628784 -3.03763484954834 511
5544 1024 0.6020501255989075 -3.0377821922302246 67
5545 1024 0.5999398827552795 -3.0379843711853027 198
5546 1024 0.6012500524520874 -3.0380051136016846 580
5547 1024 0.6011800765991211 -3.0382211208343506 630
5548 1024 0.6030200719833374 -3.0384128093719482 771
5549 1024 0.5985499024391174 -3.0385303497314453 111
5550 1024 0.6013501286506653 -3.0386016368865967 593
5551 1024 0.6009800434112549 -3.0387160778045654 168
5552 1024 0.6011500954627991 -3.039496421813965 115
5553 1024 0.5987300872802734 -3.039614200592041 462
5554 1024 0.5985000729560852 -3.04019832611084 742
5555 1024 0.5963701009750366 -3.040201187133789 439
5556 1024 0.598050057888031 -3.0408225059509277 760
5557 1024 0.5981899499893188 -3.0411462783813477 158
5558 1024 0.5977300405502319 -3.0417613983154297 313
5559 1024 0.6006900072097778 -3.0418288707733154 52
5560 1024 0.5990601778030396 -3.042083740234375 656
5561 1024 0.5981400012969971 -3.042827606201172 778
5562 1024 0.595099925994873 -3.042912006378174 929
5563 1024 0.5976601839065552 -3.0434882640838623 964
5564 1024 0.5981599688529968 -3.0438759326934814 122
5565 1024 0.5972201228141785 -3.044093370437622 854
5566 1024 0.5973299741744995 -3.044210910797119 198
5567 1024 0.5967100262641907 -3.0443787574768066 319
5568 1024 0.5963100790977478 -3.0449581146240234 365
5569 1024 0.598110020160675 -3.0450124740600586 127
5570 1024 0.5965300798416138 -3.0452935695648193 738
5571 1024 0.5943599939346313 -3.045430898666382 557
5572 1024 0.5972899794578552 -3.0473079681396484 91
5573 1024 0.5948901176452637 -3.0476574897766113 946
5574 1024 0.5939801931381226 -3.0477468967437744 724
5575 1024 0.5961501002311707 -3.0481953620910645 337
5576 1024 0.5908498764038086 -3.048513889312744 198
5577 1024 0.5939199924468994 -3.04882550239563 628
5578 1024 0.5932100415229797 -3.048834800720215 551
5579 1024 0.592270016670227 -3.0491323471069336 700
5580 1024 0.5898401737213135 -3.049187183380127 772
5581 1024 0.5928900241851807 -3.0492124557495117 35
5582 1024 0.5969401001930237 -3.049434185028076 546
5583 1024 0.5959200263023376 -3.049649477005005 500
5584 1024 0.5916799902915955 -3.049678087234497 0
5585 1024 0.5913500189781189 -3.050590753555298 793
5586 1024 0.5929799675941467 -3.051126480102539 840
5587 1024 0.5946299433708191 -3.051208019256592 189
5588 1024 0.5880301594734192 -3.051271438598633 621
5589 1024 0.589880108833313 -3.051469326019287 222
5590 1024 0.5927501320838928 -3.051490545272827 668
5591 1024 0.5909901261329651 -3.051815986633301 586
5592 1024 0.5946698784828186 -3.051926612854004 755
5593 1024 0.5898799896240234 -3.0522522926330566 913
5594 1024 0.5919002294540405 -3.052280902862549 77
5595 1024 0.5928600430488586 -3.0523624420166016 340
5596 1024 0.5900099277496338 -3.052888870239258 201
5597 1024 0.5872301459312439 -3.0529184341430664 957
5598 1024 0.5939701199531555 -3.0529818534851074 907
5599 1024 0.5929799675941467 -3.0532400608062744 262
5600 1024 0.5941000580787659 -3.053241491317749 863
5601 1024 0.5934000611305237 -3.0532498359680176 301
5602 1024 0.5881701111793518 -3.0532708168029785 175
5603 1024 0.5895301103591919 -3.053339958190918 8
5604 1024 0.5909902453422546 -3.053413152694702 83
5605 1024 0.5959000587463379 -3.0538558959960938 559
5606 1024 0.5931801199913025 -3.054088592529297 279
5607 1024 0.5892301201820374 -3.0546507835388184 100
5608 1024 0.5902900099754333 -3.054795265197754 804
5609 1024 0.5879100561141968 -3.055401563644409 919
5610 1024 0.5865800380706787 -3.0558063983917236 680
5611 1024 0.588699996471405 -3.056044578552246 234
5612 1024 0.5907000303268433 -3.0561609268188477 81
5613 1024 0.5920299887657166 -3.0562655925750732 526
5614 1024 0.587429940700531 -3.0563406944274902 739
5615 1024 0.5873900651931763 -3.056509494781494 747
5616 1024 0.5844100713729858 -3.0566933155059814 755
5617 1024 0.5911800861358643 -3.0568649768829346 384
5618 1024 0.5873300433158875 -3.0571696758270264 681
5619 1024 0.5876400470733643 -3.0572025775909424 698
5620 1024 0.5880101919174194 -3.0574374198913574 377
5621 1024 0.5890401005744934 -3.0574615001678467 414
5622 1024 0.58732008934021 -3.0585200786590576 465
5623 1024 0.5871901512145996 -3.058594226837158 465
5624 1024 0.5879400372505188 -3.058898448944092 735
5625 1024 0.5865700244903564 -3.0591087341308594 324
5626 1024 0.5871700048446655 -3.059206008911133 78
5627 1024 0.5850200653076172 -3.0592470169067383 615
5628 1024 0.5865601897239685 -3.0593152046203613 665
5629 1024 0.5889201164245605 -3.059316635131836 36
5630 1024 0.5892700552940369 -3.059537410736084 21
5631 1024 0.586840033531189 -3.05961275100708 390
5632 1024 0.5877201557159424 -3.059743881225586 534
5633 1024 0.5867201089859009 -3.060079336166382 941
5634 1024 0.583419919013977 -3.0602738857269287 979
5635 1024 0.5861300826072693 -3.0602993965148926 501
5636 1024 0.5851801037788391 -3.06044340133667 573
5637 1024 0.5848300457000732 -3.0604443550109863 1010
5638 1024 0.5867100954055786 -3.060551404953003 824
5639 1024 0.5886299014091492 -3.060698986053467 579
5640 1024 0.5858200788497925 -3.0608906745910645 977
5641 1024 0.5862999558448792 -3.061039447784424 327
5642 1024 0.5862499475479126 -3.0616886615753174 55
5643 1024 0.5849100351333618 -3.061803102493286 994
5644 1024 0.5823799967765808 -3.0620837211608887 385
5645 1024 0.5872599482536316 -3.0626513957977295 747
5646 1024 0.5863701701164246 -3.062655448913574 750
5647 1024 0.5853201746940613 -3.062790870666504 928
5648 1024 0.5834800004959106 -3.0629403591156006 754
5649 1024 0.5844600796699524 -3.062986135482788 677
5650 1024 0.5828800201416016 -3.062993288040161 379
5651 1024 0.586090087890625 -3.0630991458892822 831
5652 1024 0.5814400911331177 -3.0631537437438965 778
5653 1024 0.5863401293754578 -3.063338041305542 783
5654 1024 0.588330090045929 -3.0635311603546143 970
5655 1024 0.5857600569725037 -3.06374454498291 83
5656 1024 0.5833700299263 -3.0637502670288086 177
5657 1024 0.5816899538040161 -3.0641918182373047 387
5658 1024 0.5834100842475891 -3.0644750595092773 931
5659 1024 0.5821000933647156 -3.064526081085205 857
5660 1024 0.5840001702308655 -3.064589738845825 293
5661 1024 0.5855200290679932 -3.064937114715576 523
5662 1024 0.5867099761962891 -3.065089702606201 941
5663 1024 0.5849199295043945 -3.0654451847076416 195
5664 1024 0.5804002285003662 -3.0655465126037598 477
5665 1024 0.5816300511360168 -3.06624698638916 240
5666 1024 0.5799699425697327 -3.066376209259033 537
5667 1024 0.5815601348876953 -3.066915988922119 246
5668 1024 0.5781201720237732 -3.067863941192627 629
5669 1024 0.580720067024231 -3.0679244995117188 802
5670 1024 0.5822100639343262 -3.06799578666687 75
5671 1024 0.583069920539856 -3.068091869354248 763
5672 1024 0.5849001407623291 -3.0681958198547363 475
5673 1024 0.578680157661438 -3.0690665245056152 736
5674 1024 0.5814601182937622 -3.0694148540496826 358
5675 1024 0.5814202427864075 -3.0696308612823486 125
5676 1024 0.5805301666259766 -3.069833993911743 125
5677 1024 0.5789200663566589 -3.070068597793579 999
5678 1024 0.5802201628684998 -3.0701088905334473 529
5679 1024 0.5789400339126587 -3.0707359313964844 63
5680 1024 0.577579915523529 -3.0708465576171875 849
5681 1024 0.5828301310539246 -3.0712084770202637 893
5682 1024 0.5784302353858948 -3.071260929107666 451
5683 1024 0.5786000490188599 -3.07182240486145 331
5684 1024 0.5772702097892761 -3.0721864700317383 148
5685 1024 0.577690064907074 -3.0727362632751465 382
5686 1024 0.5748400688171387 -3.072838068008423 934
5687 1024 0.5751399397850037 -3.072944164276123 36
5688 1024 0.5772300958633423 -3.0732274055480957 663
5689 1024 0.5735099911689758 -3.073375940322876 247
5690 1024 0.5755998492240906 -3.0739588737487793 30
5691 1024 0.5768400430679321 -3.0740699768066406 1021
5692 1024 0.5768299698829651 -3.0741515159606934 329
5693 1024 0.5793601870536804 -3.074774742126465 715
5694 1024 0.577180027961731 -3.074913740158081 175
5695 1024 0.5767001509666443 -3.0750598907470703 844
5696 1024 0.574229896068573 -3.0755438804626465 98
5697 1024 0.5794699788093567 -3.075556755065918 1002
5698 1024 0.5766300559043884 -3.0767621994018555 161
5699 1024 0.5752700567245483 -3.077259063720703 346
5700 1024 0.5751701593399048 -3.077806234359741 445
5701 1024 0.5780600309371948 -3.0778145790100098 535
5702 1024 0.5732101202011108 -3.0779521465301514 296
5703 1024 0.5748401284217834 -3.0779900550842285 648
5704 1024 0.5760700106620789 -3.0780081748962402 910
5705 1024 0.5776401162147522 -3.07879900932312 19
5706 1024 0.5761799216270447 -3.0789389610290527 195
5707 1024 0.5736401677131653 -3.0794782638549805 891
5708 1024 0.5738999843597412 -3.0796470642089844 424
5709 1024 0.5723901391029358 -3.0797646045684814 219
5710 1024 0.5711098909378052 -3.0799412727355957 408
5711 1024 0.5698201060295105 -3.081117868423462 719
5712 1024 0.5699199438095093 -3.0811944007873535 685
5713 1024 0.5740799903869629 -3.0814428329467773 914
5714 1024 0.5708901286125183 -3.0816400051116943 492
5715 1024 0.5714601278305054 -3.0816922187805176 798
5716 1024 0.5679100751876831 -3.0818281173706055 955
5717 1024 0.5737001895904541 -3.081965446472168 230
5718 1024 0.5707802176475525 -3.082362651824951 81
5719 1024 0.5711300373077393 -3.082376480102539 631
5720 1024 0.5718401074409485 -3.082456111907959 366
5721 1024 0.5737500786781311 -3.082516670227051 880
5722 1024 0.5719200968742371 -3.0825984477996826 157
5723 1024 0.5723900198936462 -3.08278226852417 376
5724 1024 0.5714000463485718 -3.082960367202759 925
5725 1024 0.571890115737915 -3.083026885986328 976
5726 1024 0.571820080280304 -3.0831634998321533 470
5727 1024 0.5729601383209229 -3.083832263946533 674
5728 1024 0.5717600584030151 -3.0840506553649902 2
5729 1024 0.572140097618103 -3.0849719047546387 407
5730 1024 0.5721500515937805 -3.085031509399414 135
5731 1024 0.5653700232505798 -3.085327625274658 618
5732 1024 0.5676200985908508 -3.085392951965332 66
5733 1024 0.567340075969696 -3.0854501724243164 872
5734 1024 0.5661799311637878 -3.08547306060791 999
5735 1024 0.5724000930786133 -3.085721492767334 133
5736 1024 0.5679301619529724 -3.0861246585845947 626
5737 1024 0.5654998421669006 -3.0865836143493652 440
5738 1024 0.5662400722503662 -3.0866539478302 857
5739 1024 0.5675700306892395 -3.08671236038208 793
5740 1024 0.5696300268173218 -3.0870285034179688 153
5741 1024 0.5692300796508789 -3.087080478668213 80
5742 1024 0.5690901279449463 -3.087467670440674 985
5743 1024 0.567560076713562 -3.087675094604492 622
5744 1024 0.5625799298286438 -3.0878353118896484 568
5745 1024 0.5655699968338013 -3.0884203910827637 471
5746 1024 0.5667100548744202 -3.088965654373169 44
5747 1024 0.5645700097084045 -3.089613676071167 77
5748 1024 0.5642200112342834 -3.0896594524383545 519
5749 1024 0.5655399560928345 -3.0896778106689453 912
5750 1024 0.5638299584388733 -3.0898311138153076 499
5751 1024 0.5651100873947144 -3.0898609161376953 666
5752 1024 0.5662100315093994 -3.090348243713379 144
5753 1024 0.5635700225830078 -3.090533494949341 514
5754 1024 0.5626998543739319 -3.0905678272247314 4
5755 1024 0.5652400255203247 -3.0906386375427246 794
5756 1024 0.5617501139640808 -3.090893268585205 868
5757 1024 0.5666199922561646 -3.090935468673706 756
5758 1024 0.5672601461410522 -3.090986967086792 724
5759 1024 0.5636200308799744 -3.0913445949554443 36
5760 1024 0.5632200241088867 -3.091949939727783 532
5761 1024 0.5655299425125122 -3.092069149017334 79
5762 1024 0.5641000866889954 -3.0921359062194824 805
5763 1024 0.566089928150177 -3.092282295227051 1004
5764 1024 0.5639000535011292 -3.0929768085479736 727
5765 1024 0.5654600262641907 -3.093135356903076 374
5766 1024 0.5610401034355164 -3.0935540199279785 238
5767 1024 0.5637500286102295 -3.0937623977661133 291
5768 1024 0.5641701221466064 -3.0937907695770264 414
5769 1024 0.5607201457023621 -3.0940840244293213 487
5770 1024 0.5641201734542847 -3.0942306518554688 58
5771 1024 0.5589401125907898 -3.0942459106445312 147
5772 1024 0.5614501237869263 -3.095465660095215 698
5773 1024 0.5611499547958374 -3.095536231994629 531
5774 1024 0.5636100172996521 -3.0955545902252197 222
5775 1024 0.5662201046943665 -3.095705032348633 666
5776 1024 0.5626700520515442 -3.096344470977783 450
5777 1024 0.5647100210189819 -3.0965356826782227 867
5778 1024 0.5578699111938477 -3.0965614318847656 287
5779 1024 0.5602100491523743 -3.0967540740966797 157
5780 1024 0.5589799284934998 -3.0968706607818604 77
5781 1024 0.5606401562690735 -3.0969414710998535 749
5782 1024 0.5552899241447449 -3.097062587738037 335
5783 1024 0.5598500967025757 -3.0973315238952637 336
5784 1024 0.5614700317382812 -3.098789691925049 443
5785 1024 0.5604701638221741 -3.0989151000976562 24
5786 1024 0.5610799789428711 -3.0989675521850586 282
5787 1024 0.5582799911499023 -3.09946870803833 736
5788 1024 0.555429995059967 -3.099768877029419 896
5789 1024 0.5541099309921265 -3.100010633468628 525
5790 1024 0.5576000213623047 -3.1000661849975586 561
5791 1024 0.5554900765419006 -3.1003289222717285 884
5792 1024 0.5583399534225464 -3.1005964279174805 229
5793 1024 0.5590398907661438 -3.1006369590759277 32
5794 1024 0.5590100884437561 -3.1008639335632324 826
5795 1024 0.5558199882507324 -3.100893020629883 678
5796 1024 0.5579900145530701 -3.101020574569702 467
5797 1024 0.5578000545501709 -3.1010804176330566 454
5798 1024 0.5563800930976868 -3.101482629776001 993
5799 1024 0.5591500997543335 -3.1015143394470215 269
5800 1024 0.55513995885849 -3.101865291595459 891
5801 1024 0.5583800077438354 -3.101902961730957 899
5802 1024 0.5595799684524536 -3.1021206378936768 132
5803 1024 0.5557299256324768 -3.1023201942443848 330
5804 1024 0.5585699081420898 -3.102368116378784 537
5805 1024 0.5553500056266785 -3.1023952960968018 874
5806 1024 0.5586499571800232 -3.1033923625946045 784
5807 1024 0.5602401494979858 -3.1034839153289795 612
5808 1024 0.5578601956367493 -3.103731393814087 17
5809 1024 0.5574600696563721 -3.1045680046081543 366
5810 1024 0.5564000010490417 -3.1046640872955322 879
5811 1024 0.5546299815177917 -3.1048314571380615 154
5812 1024 0.5552700161933899 -3.1050145626068115 385
5813 1024 0.5521700382232666 -3.1053643226623535 832
5814 1024 0.5545400381088257 -3.105445146560669 974
5815 1024 0.5528600215911865 -3.105448007583618 204
5816 1024 0.5556299090385437 -3.105823516845703 779
5817 1024 0.5543900728225708 -3.106006145477295 758
5818 1024 0.5491100549697876 -3.1060101985931396 679
5819 1024 0.551819920539856 -3.1062450408935547 942
5820 1024 0.5524398684501648 -3.1062517166137695 95
5821 1024 0.552049994468689 -3.106337547302246 791
5822 1024 0.5537899732589722 -3.1067557334899902 880
5823 1024 0.5516599416732788 -3.1068191528320312 885
5824 1024 0.5519201755523682 -3.107093095779419 821
5825 1024 0.5559900403022766 -3.107316493988037 277
5826 1024 0.5525699853897095 -3.1074070930480957 13
5827 1024 0.5522799491882324 -3.107430934906006 496
5828 1024 0.5511999726295471 -3.107797145843506 14
5829 1024 0.5501900911331177 -3.107919216156006 273
5830 1024 0.5535300970077515 -3.1079821586608887 120
5831 1024 0.5516600012779236 -3.1080121994018555 967
5832 1024 0.5485900044441223 -3.108034372329712 420
5833 1024 0.549720048904419 -3.1081509590148926 548
5834 1024 0.5517599582672119 -3.1081528663635254 503
5835 1024 0.552310049533844 -3.108257293701172 345
5836 1024 0.5514599680900574 -3.1087188720703125 746
5837 1024 0.5525001287460327 -3.1089439392089844 727
5838 1024 0.5483701229095459 -3.108957290649414 53
5839 1024 0.5483300089836121 -3.1092302799224854 22
5840 1024 0.5519900321960449 -3.1092658042907715 925
5841 1024 0.5496399998664856 -3.1098110675811768 42
5842 1024 0.5505599975585938 -3.109896183013916 412
5843 1024 0.5528701543807983 -3.1100540161132812 454
5844 1024 0.5481799840927124 -3.1100869178771973 820
5845 1024 0.550570011138916 -3.1103644371032715 531
5846 1024 0.5506900548934937 -3.110405445098877 173
5847 1024 0.5492900013923645 -3.110473394393921 776
5848 1024 0.5477999448776245 -3.110835313796997 996
5849 1024 0.5548398494720459 -3.111208915710449 985
5850 1024 0.549500048160553 -3.111260175704956 431
5851 1024 0.5483200550079346 -3.11146879196167 918
5852 1024 0.5488099455833435 -3.111513614654541 558
5853 1024 0.5475900173187256 -3.1117372512817383 127
5854 1024 0.5501399636268616 -3.1117658615112305 856
5855 1024 0.5513498187065125 -3.1119632720947266 583
5856 1024 0.5492700338363647 -3.112135648727417 730
5857 1024 0.5465800166130066 -3.1121573448181152 371
5858 1024 0.5448800325393677 -3.1123247146606445 297
5859 1024 0.5461000204086304 -3.1128792762756348 950
5860 1024 0.546999990940094 -3.1133687496185303 712
5861 1024 0.5463099479675293 -3.1133995056152344 47
5862 1024 0.5479697585105896 -3.113464832305908 776
5863 1024 0.5466500520706177 -3.114055633544922 344
5864 1024 0.5471797585487366 -3.114272117614746 700
5865 1024 0.5470700860023499 -3.1148462295532227 982
5866 1024 0.5436099767684937 -3.115253448486328 1013
5867 1024 0.5460300445556641 -3.1153202056884766 912
5868 1024 0.5466398596763611 -3.115571975708008 785
5869 1024 0.5417200326919556 -3.1156632900238037 333
5870 1024 0.5460999011993408 -3.1157026290893555 267
5871 1024 0.5450599789619446 -3.115760564804077 30
5872 1024 0.5435798764228821 -3.1161153316497803 27
5873 1024 0.5451799035072327 -3.116602897644043 754
5874 1024 0.5445899963378906 -3.116969347000122 290
5875 1024 0.5424299240112305 -3.1171295642852783 247
5876 1024 0.5449501276016235 -3.1172611713409424 874
5877 1024 0.5416899919509888 -3.1173624992370605 672
5878 1024 0.5443699359893799 -3.1174216270446777 953
5879 1024 0.5460000038146973 -3.1174707412719727 73
5880 1024 0.5422700047492981 -3.117793560028076 809
5881 1024 0.5445500612258911 -3.117875099182129 217
5882 1024 0.5425300002098083 -3.11788272857666 90
5883 1024 0.5423399209976196 -3.1182239055633545 182
5884 1024 0.5430100560188293 -3.118441104888916 702
5885 1024 0.5426899790763855 -3.118443489074707 586
5886 1024 0.5459599494934082 -3.1188225746154785 423
5887 1024 0.544439971446991 -3.11932110786438 60
5888 1024 0.5428499579429626 -3.1197595596313477 1
5889 1024 0.5426099896430969 -3.119828701019287 996
5890 1024 0.5417801737785339 -3.1199145317077637 735
5891 1024 0.5373000502586365 -3.120250940322876 806
5892 1024 0.54298996925354 -3.1203911304473877 251
5893 1024 0.5385398864746094 -3.120807409286499 881
5894 1024 0.5375398993492126 -3.1214451789855957 908
5895 1024 0.5428200364112854 -3.121579885482788 810
5896 1024 0.5419899821281433 -3.121751308441162 124
5897 1024 0.538310170173645 -3.121840000152588 317
5898 1024 0.538870096206665 -3.122006416320801 132
5899 1024 0.5430201292037964 -3.1220178604125977 295
5900 1024 0.5424299240112305 -3.1229500770568848 291
5901 1024 0.5390900373458862 -3.1229944229125977 1019
5902 1024 0.5387099981307983 -3.1231250762939453 129
5903 1024 0.5329100489616394 -3.1232335567474365 11
5904 1024 0.5379599928855896 -3.1234138011932373 512
5905 1024 0.5391401052474976 -3.1236062049865723 584
5906 1024 0.5359800457954407 -3.1237685680389404 922
5907 1024 0.5373302102088928 -3.123809814453125 800
5908 1024 0.5365298986434937 -3.1240906715393066 279
5909 1024 0.5343299508094788 -3.1241519451141357 50
5910 1024 0.5355798602104187 -3.1241848468780518 598
5911 1024 0.5372599959373474 -3.1242177486419678 235
5912 1024 0.5371097922325134 -3.12479305267334 499
5913 1024 0.5343798995018005 -3.1251933574676514 857
5914 1024 0.535379946231842 -3.12545108795166 628
5915 1024 0.5366699695587158 -3.125551700592041 649
5916 1024 0.5360800623893738 -3.1256296634674072 428
5917 1024 0.5313299894332886 -3.1258578300476074 222
5918 1024 0.5364200472831726 -3.12608003616333 690
5919 1024 0.5336699485778809 -3.1263492107391357 542
5920 1024 0.5357300639152527 -3.1265764236450195 628
5921 1024 0.5338099598884583 -3.126593828201294 316
5922 1024 0.5335597991943359 -3.127072334289551 590
5923 1024 0.5335298776626587 -3.127120018005371 354
5924 1024 0.5360100269317627 -3.1278533935546875 1017
5925 1024 0.5289400219917297 -3.1279563903808594 139
5926 1024 0.5298498272895813 -3.1280901432037354 970
5927 1024 0.53236985206604 -3.1281914710998535 972
5928 1024 0.5320498943328857 -3.128504753112793 656
5929 1024 0.5344999432563782 -3.1285836696624756 299
5930 1024 0.5347700119018555 -3.128652334213257 590
5931 1024 0.5337200164794922 -3.1288037300109863 440
5932 1024 0.5321698784828186 -3.1291756629943848 93
5933 1024 0.532240092754364 -3.1293978691101074 885
5934 1024 0.5316299200057983 -3.129734516143799 641
5935 1024 0.5314300656318665 -3.1299848556518555 300
5936 1024 0.5325600504875183 -3.1306185722351074 1007
5937 1024 0.5308798551559448 -3.130833864212036 252
5938 1024 0.5321599245071411 -3.1311044692993164 525
5939 1024 0.530289888381958 -3.131455421447754 653
5940 1024 0.5277400016784668 -3.131676435470581 413
5941 1024 0.5276298522949219 -3.1319732666015625 945
5942 1024 0.5300300717353821 -3.1321420669555664 760
5943 1024 0.5305198431015015 -3.1322073936462402 302
5944 1024 0.533270001411438 -3.132539749145508 923
5945 1024 0.5329498648643494 -3.1327922344207764 121
5946 1024 0.5269601345062256 -3.1333866119384766 1014
5947 1024 0.5289800763130188 -3.1335020065307617 828
5948 1024 0.5273100137710571 -3.133603572845459 988
5949 1024 0.529729962348938 -3.1337175369262695 443
5950 1024 0.5267600417137146 -3.1337392330169678 308
5951 1024 0.5294399857521057 -3.133819103240967 86
5952 1024 0.5295599102973938 -3.1338424682617188 78
5953 1024 0.5326198935508728 -3.133993625640869 559
5954 1024 0.5265299677848816 -3.134244203567505 828
5955 1024 0.5261399149894714 -3.1344656944274902 912
5956 1024 0.5301399230957031 -3.134807825088501 308
5957 1024 0.5285600423812866 -3.135159492492676 619
5958 1024 0.5283599495887756 -3.135272741317749 421
5959 1024 0.5288598537445068 -3.1357977390289307 705
5960 1024 0.5253499746322632 -3.1357998847961426 24
5961 1024 0.5263999700546265 -3.136143922805786 577
5962 1024 0.5259898900985718 -3.1366889476776123 710
5963 1024 0.5275101065635681 -3.136871814727783 999
5964 1024 0.5255798697471619 -3.136969566345215 1010
5965 1024 0.5235700607299805 -3.1375272274017334 891
5966 1024 0.5280100703239441 -3.137800455093384 240
5967 1024 0.5242698788642883 -3.137934923171997 70
5968 1024 0.5230799913406372 -3.1383841037750244 92
5969 1024 0.5209300518035889 -3.1384472846984863 230
5970 1024 0.5218099355697632 -3.1384634971618652 966
5971 1024 0.524359941482544 -3.1385812759399414 340
5972 1024 0.5262600779533386 -3.138619899749756 517
5973 1024 0.5215499997138977 -3.138751983642578 188
5974 1024 0.5254600644111633 -3.138864040374756 837
5975 1024 0.5226500034332275 -3.1389365196228027 981
5976 1024 0.5247100591659546 -3.1389806270599365 666
5977 1024 0.525719940662384 -3.139066457748413 725
5978 1024 0.5236700177192688 -3.139162540435791 862
5979 1024 0.52621990442276 -3.139678716659546 283
5980 1024 0.524389922618866 -3.139725685119629 282
5981 1024 0.5246899724006653 -3.1399118900299072 737
5982 1024 0.5230299234390259 -3.1401352882385254 533
5983 1024 0.519359827041626 -3.1402602195739746 638
5984 1024 0.5218499898910522 -3.14096736907959 11
5985 1024 0.5210399627685547 -3.1410133838653564 693
5986 1024 0.5193299055099487 -3.141084671020508 101
5987 1024 0.521109938621521 -3.141333818435669 370
5988 1024 0.5265599489212036 -3.141813039779663 523
5989 1024 0.522040069103241 -3.142265796661377 647
5990 1024 0.5177000761032104 -3.1422953605651855 264
5991 1024 0.520240068435669 -3.142439603805542 745
5992 1024 0.5213100910186768 -3.1424825191497803 573
5993 1024 0.5190499424934387 -3.1426901817321777 441
5994 1024 0.5152101516723633 -3.1429059505462646 827
5995 1024 0.5218101143836975 -3.143004894256592 665
5996 1024 0.520750105381012 -3.1430201530456543 563
5997 1024 0.5169899463653564 -3.143479347229004 274
5998 1024 0.5193501114845276 -3.1435413360595703 839
5999 1024 0.517629861831665 -3.1438746452331543 715
6000 1024 0.5169100165367126 -3.144230365753174 372
6001 1024 0.5161500573158264 -3.144373655319214 384
6002 1024 0.5183999538421631 -3.1447484493255615 290
6003 1024 0.5195699334144592 -3.145063877105713 449
6004 1024 0.5201299786567688 -3.14530086517334 760
6005 1024 0.5188799500465393 -3.14544677734375 951
6006 1024 0.5159599781036377 -3.1456854343414307 695
6007 1024 0.5193400382995605 -3.145951509475708 1000
6008 1024 0.5161098837852478 -3.146030902862549 67
6009 1024 0.5204600691795349 -3.146150588989258 911
6010 1024 0.5145399570465088 -3.1462583541870117 935
6011 1024 0.5146499872207642 -3.1463475227355957 680
6012 1024 0.511759877204895 -3.1463918685913086 486
6013 1024 0.5187501907348633 -3.146634578704834 364
6014 1024 0.5154398679733276 -3.1466639041900635 49
6015 1024 0.5162899494171143 -3.1467254161834717 487
6016 1024 0.5178300738334656 -3.146725654602051 344
6017 1024 0.5202699899673462 -3.1468441486358643 139
6018 1024 0.5154800415039062 -3.147312641143799 689
6019 1024 0.5137700438499451 -3.147317409515381 910
6020 1024 0.5161000490188599 -3.147401809692383 589
6021 1024 0.5201199054718018 -3.1480464935302734 290
6022 1024 0.5147799849510193 -3.148303270339966 627
6023 1024 0.5109099745750427 -3.148496389389038 273
6024 1024 0.5131099820137024 -3.1485109329223633 363
6025 1024 0.5100899934768677 -3.1486294269561768 965
6026 1024 0.5123899579048157 -3.148865222930908 795
6027 1024 0.5127900242805481 -3.148951292037964 533
6028 1024 0.5132800340652466 -3.1490325927734375 593
6029 1024 0.5136100053787231 -3.1491315364837646 99
6030 1024 0.5139200091362 -3.1492059230804443 684
6031 1024 0.5128099918365479 -3.1493983268737793 4
6032 1024 0.5099399089813232 -3.1495680809020996 532
6033 1024 0.512660026550293 -3.149686336517334 470
6034 1024 0.50941002368927 -3.149944305419922 501
6035 1024 0.5100499391555786 -3.149979829788208 957
6036 1024 0.5102100372314453 -3.1504719257354736 564
6037 1024 0.5111599564552307 -3.150491714477539 550
6038 1024 0.5085700154304504 -3.1507492065429688 374
6039 1024 0.5070399641990662 -3.1510815620422363 67
6040 1024 0.5109300017356873 -3.151745319366455 602
6041 1024 0.5128600001335144 -3.151850700378418 487
6042 1024 0.5082700848579407 -3.151991844177246 430
6043 1024 0.5077000856399536 -3.1520538330078125 903
6044 1024 0.5111499428749084 -3.1523866653442383 567
6045 1024 0.5095900297164917 -3.1527199745178223 681
6046 1024 0.507860004901886 -3.152761936187744 229
6047 1024 0.5063700675964355 -3.1527695655822754 432
6048 1024 0.5048800110816956 -3.152890920639038 39
6049 1024 0.506089985370636 -3.1529223918914795 617
6050 1024 0.5119701027870178 -3.1529903411865234 735
6051 1024 0.5103700160980225 -3.1530632972717285 102
6052 1024 0.5079600214958191 -3.1532788276672363 55
6053 1024 0.5051400065422058 -3.1544361114501953 70
6054 1024 0.5075399875640869 -3.154510259628296 156
6055 1024 0.5082500576972961 -3.1548333168029785 534
6056 1024 0.5085601210594177 -3.1548879146575928 534
6057 1024 0.507050096988678 -3.154891014099121 400
6058 1024 0.503250002861023 -3.155139446258545 148
6059 1024 0.5093700885772705 -3.1558377742767334 478
6060 1024 0.5080099105834961 -3.155918598175049 643
6061 1024 0.5077499747276306 -3.156008005142212 867
6062 1024 0.5049600005149841 -3.156100273132324 480
6063 1024 0.5072900056838989 -3.1564536094665527 356
6064 1024 0.5061399340629578 -3.156465768814087 431
6065 1024 0.5050499439239502 -3.1564764976501465 902
6066 1024 0.499860018491745 -3.156533718109131 548
6067 1024 0.7406098246574402 -3.1567375659942627 610
6068 1024 0.7441199421882629 -3.157336711883545 962
6069 1024 0.7416499257087708 -3.1573572158813477 783
6070 1024 0.7425301671028137 -3.1575028896331787 506
6071 1024 0.7427400946617126 -3.157578945159912 493
6072 1024 0.7431299686431885 -3.1581926345825195 140
6073 1024 0.7450600862503052 -3.158242702484131 305
6074 1024 0.7421600818634033 -3.1583213806152344 818
6075 1024 0.740850031375885 -3.1584267616271973 1011
6076 1024 0.7373899817466736 -3.158878803253174 133
6077 1024 0.7390000820159912 -3.159438371658325 547
6078 1024 0.7419499158859253 -3.1595656871795654 581
6079 1024 0.7399199604988098 -3.15970516204834 332
6080 1024 0.7387900352478027 -3.160104990005493 453
6081 1024 0.7415500283241272 -3.1603481769561768 892
6082 1024 0.7394698262214661 -3.160371780395508 588
6083 1024 0.7393099069595337 -3.1613898277282715 717
6084 1024 0.7397899627685547 -3.1614811420440674 456
6085 1024 0.7384200096130371 -3.1616463661193848 92
6086 1024 0.7372400760650635 -3.1620805263519287 378
6087 1024 0.7395699620246887 -3.1623177528381348 171
6088 1024 0.7369897365570068 -3.162339687347412 63
6089 1024 0.7368401885032654 -3.1624178886413574 987
6090 1024 0.7380202412605286 -3.162458896636963 371
6091 1024 0.7403296232223511 -3.162825107574463 396
6092 1024 0.738839864730835 -3.1629889011383057 27
6093 1024 0.7389497756958008 -3.163487434387207 358
6094 1024 0.7374401092529297 -3.1636505126953125 231
6095 1024 0.7388399243354797 -3.1636672019958496 374
6096 1024 0.7382199168205261 -3.164057731628418 205
6097 1024 0.7404000163078308 -3.1641461849212646 261
6098 1024 0.7410799264907837 -3.164562702178955 650
6099 1024 0.7355701923370361 -3.1645925045013428 270
6100 1024 0.7369800209999084 -3.1646618843078613 237
6101 1024 0.7364200353622437 -3.1646761894226074 81
6102 1024 0.7358099222183228 -3.1649422645568848 527
6103 1024 0.7346200942993164 -3.1649794578552246 188
6104 1024 0.7361300587654114 -3.1649856567382812 685
6105 1024 0.7370997667312622 -3.1659836769104004 968
6106 1024 0.7369099259376526 -3.1661324501037598 664
6107 1024 0.7357099652290344 -3.1665992736816406 191
6108 1024 0.7345200181007385 -3.166792631149292 110
6109 1024 0.7353998422622681 -3.1669106483459473 273
6110 1024 0.7342701554298401 -3.167224645614624 165
6111 1024 0.7333598732948303 -3.1672489643096924 720
6112 1024 0.7342300415039062 -3.1672582626342773 829
6113 1024 0.7366197109222412 -3.167267322540283 896
6114 1024 0.736780047416687 -3.167452096939087 251
6115 1024 0.7377597689628601 -3.167538642883301 396
6116 1024 0.7334699630737305 -3.1680874824523926 404
6117 1024 0.7336099743843079 -3.168111801147461 931
6118 1024 0.7351700663566589 -3.1681129932403564 129
6119 1024 0.7340801954269409 -3.168215274810791 747
6120 1024 0.7340601086616516 -3.1682229042053223 212
6121 1024 0.7348700761795044 -3.1684484481811523 219
6122 1024 0.7351400852203369 -3.1685924530029297 936
6123 1024 0.7305901050567627 -3.1690614223480225 480
6124 1024 0.7328200936317444 -3.1692233085632324 754
6125 1024 0.7333998680114746 -3.169276714324951 772
6126 1024 0.7351900935173035 -3.16973876953125 215
6127 1024 0.7352300882339478 -3.169793128967285 103
6128 1024 0.7353301048278809 -3.170015811920166 183
6129 1024 0.7334001064300537 -3.170018196105957 61
6130 1024 0.7349401116371155 -3.170367479324341 437
6131 1024 0.7320399284362793 -3.1703929901123047 902
6132 1024 0.7322601675987244 -3.1705989837646484 397
6133 1024 0.7323000431060791 -3.170621871948242 728
6134 1024 0.7335800528526306 -3.1707000732421875 174
6135 1024 0.7335700988769531 -3.1711955070495605 665
6136 1024 0.7330799698829651 -3.1713457107543945 886
6137 1024 0.7345300316810608 -3.171649932861328 115
6138 1024 0.7304902672767639 -3.1717593669891357 828
6139 1024 0.7328597903251648 -3.1718437671661377 218
6140 1024 0.7304100394248962 -3.1719889640808105 795
6141 1024 0.7331001162528992 -3.17227840423584 149
6142 1024 0.7302001118659973 -3.1723103523254395 891
6143 1024 0.7330101132392883 -3.1725547313690186 728
6144 1024 0.7309200763702393 -3.172600746154785 1015
6145 1024 0.7333500981330872 -3.1726016998291016 553
6146 1024 0.7323499917984009 -3.172699213027954 51
6147 1024 0.7334000468254089 -3.172783851623535 615
6148 1024 0.7330299019813538 -3.1732177734375 1000
6149 1024 0.7347601652145386 -3.1733736991882324 867
6150 1024 0.7326399087905884 -3.1734046936035156 606
6151 1024 0.7371501922607422 -3.173417091369629 4
6152 1024 0.7290301322937012 -3.173478841781616 224
6153 1024 0.7325699329376221 -3.1735310554504395 801
6154 1024 0.7349500060081482 -3.173670530319214 681
6155 1024 0.7310799360275269 -3.1740753650665283 865
6156 1024 0.7293999791145325 -3.174172878265381 313
6157 1024 0.7309799790382385 -3.1742069721221924 957
6158 1024 0.7278600931167603 -3.1747541427612305 146
6159 1024 0.7299001216888428 -3.1750802993774414 949
6160 1024 0.7290200591087341 -3.1750853061676025 577
6161 1024 0.7338901162147522 -3.175151824951172 378
6162 1024 0.7289600968360901 -3.175471782684326 847
6163 1024 0.7288200259208679 -3.175992250442505 774
6164 1024 0.7324600219726562 -3.176168441772461 71
6165 1024 0.7268100380897522 -3.1762194633483887 854
6166 1024 0.7283201217651367 -3.1763205528259277 832
6167 1024 0.7276800274848938 -3.176419258117676 628
6168 1024 0.7290899753570557 -3.1764297485351562 202
6169 1024 0.7255199551582336 -3.176656723022461 660
6170 1024 0.7290499210357666 -3.17673921585083 875
6171 1024 0.7297701835632324 -3.176877498626709 703
6172 1024 0.7296500205993652 -3.176999092102051 765
6173 1024 0.7245200276374817 -3.1770565509796143 199
6174 1024 0.7275398969650269 -3.17706298828125 232
6175 1024 0.7292198538780212 -3.1771035194396973 624
6176 1024 0.7270499467849731 -3.177138090133667 839
6177 1024 0.7264998555183411 -3.17720103263855 58
6178 1024 0.7243000864982605 -3.1775758266448975 268
6179 1024 0.7260701060295105 -3.1778383255004883 890
6180 1024 0.7241398692131042 -3.1778926849365234 771
6181 1024 0.7277500033378601 -3.1780142784118652 508
6182 1024 0.7294197082519531 -3.178041458129883 289
6183 1024 0.7302500605583191 -3.1782073974609375 230
6184 1024 0.7249100208282471 -3.17840838432312 672
6185 1024 0.7287699580192566 -3.1784491539001465 162
6186 1024 0.7274200320243835 -3.1787261962890625 52
6187 1024 0.7282301187515259 -3.178767442703247 114
6188 1024 0.7268900275230408 -3.1788291931152344 374
6189 1024 0.7292302250862122 -3.178964138031006 699
6190 1024 0.7292098999023438 -3.1791882514953613 749
6191 1024 0.7285498380661011 -3.1792025566101074 176
6192 1024 0.7260199785232544 -3.179462432861328 508
6193 1024 0.7290298938751221 -3.1798434257507324 250
6194 1024 0.7231502532958984 -3.1800990104675293 381
6195 1024 0.7278199791908264 -3.180114269256592 120
6196 1024 0.7192800045013428 -3.180177927017212 421
6197 1024 0.7276701331138611 -3.1804981231689453 467
6198 1024 0.7283501029014587 -3.1806585788726807 282
6199 1024 0.7275999784469604 -3.1806793212890625 683
6200 1024 0.7283000946044922 -3.180704116821289 158
6201 1024 0.7218099236488342 -3.1807050704956055 375
6202 1024 0.7279798984527588 -3.181314468383789 88
6203 1024 0.7224301695823669 -3.1814351081848145 993
6204 1024 0.7248300909996033 -3.1815690994262695 183
6205 1024 0.7272999882698059 -3.181857109069824 390
6206 1024 0.7233601808547974 -3.181912899017334 493
6207 1024 0.7288000583648682 -3.1819396018981934 760
6208 1024 0.7229001522064209 -3.182095527648926 992
6209 1024 0.7270098924636841 -3.1821680068969727 64
6210 1024 0.7253099679946899 -3.182243824005127 500
6211 1024 0.7259300947189331 -3.1823036670684814 252
6212 1024 0.7246600985527039 -3.1826772689819336 733
6213 1024 0.7245998978614807 -3.183218002319336 577
6214 1024 0.7222599387168884 -3.183238983154297 763
6215 1024 0.718739926815033 -3.1833653450012207 1003
6216 1024 0.724320113658905 -3.1833677291870117 762
6217 1024 0.7237702012062073 -3.1834981441497803 262
6218 1024 0.7214300632476807 -3.1837244033813477 241
6219 1024 0.7210400700569153 -3.1837410926818848 386
6220 1024 0.7250499725341797 -3.1837563514709473 802
6221 1024 0.7266900539398193 -3.183784008026123 603
6222 1024 0.7230599522590637 -3.183925151824951 770
6223 1024 0.7255701422691345 -3.184192180633545 82
6224 1024 0.7235099673271179 -3.1842808723449707 609
6225 1024 0.7188299894332886 -3.1844100952148438 762
6226 1024 0.724230170249939 -3.184560775756836 194
6227 1024 0.722559928894043 -3.184762716293335 381
6228 1024 0.722359836101532 -3.1849515438079834 458
6229 1024 0.720829963684082 -3.1850481033325195 358
6230 1024 0.7254598140716553 -3.185073137283325 923
6231 1024 0.7254698872566223 -3.185516834259033 490
6232 1024 0.7217499613761902 -3.185948371887207 935
6233 1024 0.7221001982688904 -3.1862761974334717 266
6234 1024 0.721900224685669 -3.186283588409424 115
6235 1024 0.7218999862670898 -3.1863348484039307 402
6236 1024 0.7242400050163269 -3.1863937377929688 431
6237 1024 0.7226601243019104 -3.1866931915283203 835
6238 1024 0.7247399687767029 -3.186805486679077 523
6239 1024 0.7227301597595215 -3.186823844909668 845
6240 1024 0.7218697667121887 -3.186894178390503 964
6241 1024 0.7192301154136658 -3.186978578567505 585
6242 1024 0.7207900881767273 -3.187094211578369 399
6243 1024 0.7143001556396484 -3.1871304512023926 386
6244 1024 0.7203900814056396 -3.1871371269226074 106
6245 1024 0.7200201153755188 -3.1872990131378174 692
6246 1024 0.7190001010894775 -3.187523365020752 29
6247 1024 0.7197800874710083 -3.187589168548584 226
6248 1024 0.7201102375984192 -3.1876673698425293 307
6249 1024 0.7226399779319763 -3.1878280639648438 414
6250 1024 0.7220600843429565 -3.1878576278686523 637
6251 1024 0.7203099131584167 -3.1879000663757324 933
6252 1024 0.721839964389801 -3.188190460205078 975
6253 1024 0.7175099849700928 -3.188331127166748 302
6254 1024 0.7197101712226868 -3.1884779930114746 627
6255 1024 0.718500018119812 -3.1885929107666016 520
6256 1024 0.7188900709152222 -3.189037799835205 339
6257 1024 0.7193800806999207 -3.1892831325531006 337
6258 1024 0.7179498672485352 -3.1895291805267334 621
6259 1024 0.7185500860214233 -3.189629077911377 539
6260 1024 0.7185102105140686 -3.1897902488708496 778
6261 1024 0.7191500663757324 -3.1903672218322754 1
6262 1024 0.7138899564743042 -3.1904544830322266 461
6263 1024 0.7144600749015808 -3.190554618835449 941
6264 1024 0.7183200120925903 -3.190798759460449 465
6265 1024 0.716120183467865 -3.1909232139587402 989
6266 1024 0.7163599729537964 -3.1909499168395996 457
6267 1024 0.7199600338935852 -3.1910383701324463 288
6268 1024 0.7183900475502014 -3.191255569458008 427
6269 1024 0.7169100642204285 -3.1913516521453857 407
6270 1024 0.7158699035644531 -3.191356658935547 569
6271 1024 0.7167701721191406 -3.1915273666381836 206
6272 1024 0.7185100317001343 -3.1923599243164062 696
6273 1024 0.719529926776886 -3.192410469055176 520
6274 1024 0.714130163192749 -3.1928396224975586 575
6275 1024 0.7151299715042114 -3.192892074584961 657
6276 1024 0.7160001993179321 -3.1930339336395264 682
6277 1024 0.7152200937271118 -3.193052291870117 732
6278 1024 0.7168700098991394 -3.193119525909424 142
6279 1024 0.7137401700019836 -3.1931755542755127 154
6280 1024 0.7132797837257385 -3.1933088302612305 761
6281 1024 0.7107300162315369 -3.193465232849121 202
6282 1024 0.7155099511146545 -3.193661689758301 422
6283 1024 0.7169301509857178 -3.1936962604522705 243
6284 1024 0.7145200967788696 -3.1938438415527344 479
6285 1024 0.7149901390075684 -3.1938605308532715 329
6286 1024 0.7152101993560791 -3.1941254138946533 347
6287 1024 0.7184301018714905 -3.1944003105163574 189
6288 1024 0.715100109577179 -3.194580316543579 158
6289 1024 0.7143201231956482 -3.194826126098633 87
6290 1024 0.7143301367759705 -3.1949620246887207 674
6291 1024 0.7144199013710022 -3.195110321044922 223
6292 1024 0.7166401743888855 -3.195340156555176 314
6293 1024 0.71614009141922 -3.195448398590088 609
6294 1024 0.7114998698234558 -3.196176767349243 386
6295 1024 0.7135400772094727 -3.1963958740234375 186
6296 1024 0.714920163154602 -3.197080612182617 322
6297 1024 0.7119799852371216 -3.197244167327881 12
6298 1024 0.7109199166297913 -3.1975371837615967 598
6299 1024 0.712520182132721 -3.1975913047790527 645
6300 1024 0.7123899459838867 -3.1977038383483887 142
6301 1024 0.7114001512527466 -3.197779655456543 946
6302 1024 0.7084999680519104 -3.197817325592041 76
6303 1024 0.7132100462913513 -3.197964906692505 918
6304 1024 0.7089599967002869 -3.197997808456421 49
6305 1024 0.7052299380302429 -3.1980066299438477 557
6306 1024 0.7107101082801819 -3.1980295181274414 321
6307 1024 0.7111997604370117 -3.1986289024353027 40
6308 1024 0.7110500335693359 -3.1987762451171875 82
6309 1024 0.7104700207710266 -3.1990766525268555 342
6310 1024 0.71014004945755 -3.199334144592285 826
6311 1024 0.7120299339294434 -3.1995670795440674 814
6312 1024 0.7079700827598572 -3.1996772289276123 507
6313 1024 0.7124300003051758 -3.19972562789917 249
6314 1024 0.7087600827217102 -3.1997623443603516 675
6315 1024 0.711060106754303 -3.199888229370117 898
6316 1024 0.7099800705909729 -3.2002129554748535 236
6317 1024 0.7047699689865112 -3.200460910797119 93
6318 1024 0.7117599844932556 -3.200479030609131 838
6319 1024 0.7095500826835632 -3.200564384460449 109
6320 1024 0.7079499363899231 -3.2006869316101074 768
6321 1024 0.7082201242446899 -3.200864553451538 136
6322 1024 0.7090702056884766 -3.200913906097412 465
6323 1024 0.7045300602912903 -3.201476573944092 623
6324 1024 0.7058601975440979 -3.201504707336426 375
6325 1024 0.7100902199745178 -3.2019715309143066 317
6326 1024 0.7031402587890625 -3.2020444869995117 660
6327 1024 0.7073099613189697 -3.2022464275360107 490
6328 1024 0.7090500593185425 -3.2023394107818604 1016
6329 1024 0.7073302268981934 -3.2024831771850586 581
6330 1024 0.7081001996994019 -3.202610492706299 803
6331 1024 0.7056201696395874 -3.202641010284424 582
6332 1024 0.7093300223350525 -3.2028861045837402 690
6333 1024 0.7060100436210632 -3.20296573638916 887
6334 1024 0.7073200345039368 -3.2031712532043457 903
6335 1024 0.7039700746536255 -3.2036683559417725 720
6336 1024 0.7029199600219727 -3.203892230987549 868
6337 1024 0.7066598534584045 -3.2041215896606445 963
6338 1024 0.7044399976730347 -3.204301357269287 161
6339 1024 0.7078999876976013 -3.2043979167938232 681
6340 1024 0.7081299424171448 -3.2047200202941895 14
6341 1024 0.7046000361442566 -3.204819917678833 977
6342 1024 0.7032200694084167 -3.2050342559814453 770
6343 1024 0.7057800889015198 -3.205193042755127 941
6344 1024 0.7041100859642029 -3.205364227294922 229
6345 1024 0.7055901885032654 -3.2054009437561035 90
6346 1024 0.7033801078796387 -3.205413341522217 422
6347 1024 0.7044299840927124 -3.2054195404052734 607
6348 1024 0.7053501605987549 -3.2054715156555176 517
6349 1024 0.7079302072525024 -3.205613851547241 471
6350 1024 0.7052700519561768 -3.205656051635742 312
6351 1024 0.70399010181427 -3.2061309814453125 1018
6352 1024 0.7046601176261902 -3.2063045501708984 807
6353 1024 0.7062001824378967 -3.2063088417053223 570
6354 1024 0.704520046710968 -3.206435203552246 151
6355 1024 0.7003999352455139 -3.206573486328125 584
6356 1024 0.7020100355148315 -3.206643581390381 986
6357 1024 0.7025100588798523 -3.2068333625793457 701
6358 1024 0.7063100934028625 -3.2070472240448 693
6359 1024 0.705269992351532 -3.2072460651397705 389
6360 1024 0.7028099894523621 -3.2072548866271973 504
6361 1024 0.7022401094436646 -3.2073562145233154 75
6362 1024 0.7044000625610352 -3.2073569297790527 408
6363 1024 0.7020999193191528 -3.2075018882751465 121
6364 1024 0.7027199268341064 -3.2075161933898926 686
6365 1024 0.703900158405304 -3.208223819732666 291
6366 1024 0.7014700174331665 -3.2082459926605225 64
6367 1024 0.7049400806427002 -3.20829176902771 381
6368 1024 0.7037299871444702 -3.2083516120910645 303
6369 1024 0.700760006904602 -3.2084319591522217 607
6370 1024 0.705190122127533 -3.2088146209716797 727
6371 1024 0.7007200717926025 -3.208883285522461 571
6372 1024 0.7047702074050903 -3.2088990211486816 289
6373 1024 0.6989302039146423 -3.209057092666626 643
6374 1024 0.7022503018379211 -3.2091197967529297 446
6375 1024 0.7024699449539185 -3.2091522216796875 675
6376 1024 0.6982500553131104 -3.209426164627075 38
6377 1024 0.7005000710487366 -3.2094504833221436 458
6378 1024 0.699940025806427 -3.2094950675964355 138
6379 1024 0.6982901096343994 -3.2096614837646484 299
6380 1024 0.7000601291656494 -3.209803819656372 547
6381 1024 0.7054600119590759 -3.210026264190674 1006
6382 1024 0.7006002068519592 -3.2102200984954834 877
6383 1024 0.6996000409126282 -3.210505962371826 639
6384 1024 0.701170027256012 -3.2107605934143066 176
6385 1024 0.7031101584434509 -3.2117881774902344 884
6386 1024 0.6973599791526794 -3.211811065673828 545
6387 1024 0.7002800107002258 -3.2118895053863525 92
6388 1024 0.6961801648139954 -3.2119452953338623 700
6389 1024 0.6929899454116821 -3.2121634483337402 733
6390 1024 0.6956501603126526 -3.2121920585632324 550
6391 1024 0.6981601715087891 -3.212246894836426 771
6392 1024 0.7012901306152344 -3.2126026153564453 603
6393 1024 0.6985700130462646 -3.2126047611236572 838
6394 1024 0.6997200846672058 -3.2130517959594727 141
6395 1024 0.6978699564933777 -3.2130584716796875 958
6396 1024 0.7002102732658386 -3.213066816329956 1004
6397 1024 0.6976398825645447 -3.213158369064331 948
6398 1024 0.6931302547454834 -3.2132112979888916 660
6399 1024 0.6955100893974304 -3.213247776031494 744
6400 1024 0.6991499662399292 -3.213332176208496 312
6401 1024 0.6997201442718506 -3.2134244441986084 215
6402 1024 0.696570098400116 -3.213430881500244 909
6403 1024 0.6951103210449219 -3.2134788036346436 71
6404 1024 0.6983300447463989 -3.2136898040771484 485
6405 1024 0.6946700215339661 -3.213773727416992 861
6406 1024 0.6967199444770813 -3.213833808898926 403
6407 1024 0.6968299746513367 -3.213901996612549 521
6408 1024 0.6916698813438416 -3.214019536972046 659
6409 1024 0.6966199278831482 -3.214061737060547 104
6410 1024 0.695439875125885 -3.214254140853882 967
6411 1024 0.6977601647377014 -3.214555263519287 803
6412 1024 0.691860020160675 -3.214616060256958 500
6413 1024 0.693049967288971 -3.2146291732788086 750
6414 1024 0.6922599673271179 -3.2147154808044434 54
6415 1024 0.6896499395370483 -3.214742660522461 194
6416 1024 0.6977899074554443 -3.214797019958496 383
6417 1024 0.6972599625587463 -3.2149643898010254 845
6418 1024 0.6949501633644104 -3.214966297149658 820
6419 1024 0.6948301792144775 -3.2149691581726074 157
6420 1024 0.6929997801780701 -3.215043067932129 74
6421 1024 0.6958000659942627 -3.2151427268981934 261
6422 1024 0.691160261631012 -3.2154746055603027 975
6423 1024 0.6945600509643555 -3.2155401706695557 879
6424 1024 0.6940300464630127 -3.2155914306640625 549
6425 1024 0.6919001340866089 -3.2156009674072266 296
6426 1024 0.6975300312042236 -3.215688705444336 512
6427 1024 0.6928300261497498 -3.2157773971557617 625
6428 1024 0.6970899105072021 -3.2158851623535156 925
6429 1024 0.6912100315093994 -3.2163426876068115 460
6430 1024 0.6913498044013977 -3.2164456844329834 873
6431 1024 0.694110095500946 -3.216487169265747 83
6432 1024 0.691230058670044 -3.2165186405181885 430
6433 1024 0.6913201212882996 -3.216629981994629 1001
6434 1024 0.6902803182601929 -3.216681480407715 57
6435 1024 0.6930700540542603 -3.2169246673583984 487
6436 1024 0.691860020160675 -3.2169437408447266 470
6437 1024 0.6914800405502319 -3.216978073120117 23
6438 1024 0.6918101906776428 -3.2171823978424072 936
6439 1024 0.6924301981925964 -3.217398166656494 937
6440 1024 0.6931100487709045 -3.217642307281494 948
6441 1024 0.6953498721122742 -3.217740058898926 717
6442 1024 0.6921099424362183 -3.218120813369751 758
6443 1024 0.6898099184036255 -3.2183382511138916 881
6444 1024 0.6915900111198425 -3.2183775901794434 542
6445 1024 0.6932801008224487 -3.2184853553771973 221
6446 1024 0.6895900368690491 -3.218571662902832 72
6447 1024 0.6926900148391724 -3.2185845375061035 212
6448 1024 0.6910600066184998 -3.2186317443847656 350
6449 1024 0.6902199983596802 -3.218743324279785 249
6450 1024 0.6898700594902039 -3.2191848754882812 762
6451 1024 0.6922501921653748 -3.2196998596191406 353
6452 1024 0.6883201599121094 -3.2198243141174316 199
6453 1024 0.6906799674034119 -3.2198410034179688 153
6454 1024 0.6910300850868225 -3.2198853492736816 502
6455 1024 0.6891400814056396 -3.2198967933654785 999
6456 1024 0.6926801204681396 -3.2199103832244873 487
6457 1024 0.6888501048088074 -3.2199206352233887 738
6458 1024 0.6892499923706055 -3.219954013824463 264
6459 1024 0.6855900287628174 -3.2199747562408447 824
6460 1024 0.6931700706481934 -3.220064640045166 923
6461 1024 0.6888100504875183 -3.220311164855957 535
6462 1024 0.6867501139640808 -3.220369577407837 853
6463 1024 0.689210057258606 -3.220529079437256 371
6464 1024 0.6899001002311707 -3.220672130584717 245
6465 1024 0.6884300708770752 -3.220832347869873 139
6466 1024 0.6880100965499878 -3.2209553718566895 779
6467 1024 0.682930052280426 -3.2210893630981445 466
6468 1024 0.6876299977302551 -3.221149444580078 987
6469 1024 0.6864599585533142 -3.221188545227051 394
6470 1024 0.686970055103302 -3.221252918243408 171
6471 1024 0.6872600317001343 -3.2213134765625 150
6472 1024 0.6912798881530762 -3.221395969390869 163
6473 1024 0.6884501576423645 -3.2217671871185303 670
6474 1024 0.6876801252365112 -3.2219719886779785 490
6475 1024 0.6891102194786072 -3.2220072746276855 60
6476 1024 0.6899499893188477 -3.2222421169281006 719
6477 1024 0.6883299946784973 -3.22226619720459 849
6478 1024 0.6903800964355469 -3.22230863571167 667
6479 1024 0.6889700889587402 -3.2223336696624756 66
6480 1024 0.6872098445892334 -3.222529411315918 281
6481 1024 0.6858599781990051 -3.2225685119628906 61
6482 1024 0.6866399049758911 -3.222611904144287 717
6483 1024 0.6875799894332886 -3.2229971885681152 23
6484 1024 0.6876700520515442 -3.2230372428894043 633
6485 1024 0.6886300444602966 -3.223052501678467 841
6486 1024 0.6856900453567505 -3.223076820373535 986
6487 1024 0.6846100687980652 -3.223360776901245 62
6488 1024 0.6865198612213135 -3.223419666290283 684
6489 1024 0.6848899722099304 -3.2235617637634277 74
6490 1024 0.685200035572052 -3.2236218452453613 972
6491 1024 0.688289999961853 -3.2239301204681396 522
6492 1024 0.6859299540519714 -3.223965883255005 580
6493 1024 0.6868199706077576 -3.2241415977478027 694
6494 1024 0.6859602332115173 -3.2242491245269775 442
6495 1024 0.6840602159500122 -3.2245609760284424 557
6496 1024 0.6854199767112732 -3.2245888710021973 136
6497 1024 0.6837199926376343 -3.2246384620666504 460
6498 1024 0.6862000226974487 -3.224682331085205 652
6499 1024 0.6831800937652588 -3.2247490882873535 831
6500 1024 0.6830499172210693 -3.224883556365967 616
6501 1024 0.6825700402259827 -3.224916934967041 546
6502 1024 0.6829099655151367 -3.2249321937561035 391
6503 1024 0.6829602122306824 -3.224984645843506 981
6504 1024 0.6869100332260132 -3.2250444889068604 759
6505 1024 0.6813498735427856 -3.2254719734191895 120
6506 1024 0.683449923992157 -3.2255802154541016 436
6507 1024 0.6812000274658203 -3.2256364822387695 547
6508 1024 0.6846699118614197 -3.225693941116333 615
6509 1024 0.6793099045753479 -3.225964307785034 514
6510 1024 0.6814602017402649 -3.2259902954101562 168
6511 1024 0.6832599639892578 -3.2260422706604004 885
6512 1024 0.6858599781990051 -3.226201057434082 374
6513 1024 0.6819299459457397 -3.2262961864471436 640
6514 1024 0.6822600960731506 -3.2263693809509277 402
6515 1024 0.6853799819946289 -3.226369857788086 878
6516 1024 0.680570125579834 -3.2264647483825684 766
6517 1024 0.6837900876998901 -3.2266035079956055 41
6518 1024 0.6814301013946533 -3.22662091255188 597
6519 1024 0.6781699061393738 -3.2267374992370605 461
6520 1024 0.6807900667190552 -3.226752519607544 644
6521 1024 0.6800000071525574 -3.2268619537353516 804
6522 1024 0.6818900108337402 -3.2269887924194336 432
6523 1024 0.6818201541900635 -3.2270922660827637 9
6524 1024 0.6812801361083984 -3.22709321975708 440
6525 1024 0.6822099089622498 -3.2272002696990967 364
6526 1024 0.6813300251960754 -3.2272472381591797 890
6527 1024 0.6819300055503845 -3.227356195449829 908
6528 1024 0.6830500364303589 -3.227365016937256 692
6529 1024 0.6797999143600464 -3.2273755073547363 677
6530 1024 0.6804398894309998 -3.227555751800537 217
6531 1024 0.6808399558067322 -3.2275707721710205 1021
6532 1024 0.6813499331474304 -3.227678060531616 403
6533 1024 0.6826602220535278 -3.227749824523926 606
6534 1024 0.6810201406478882 -3.2280678749084473 339
6535 1024 0.6819300651550293 -3.2281200885772705 197
6536 1024 0.6817501187324524 -3.2283878326416016 118
6537 1024 0.6781499981880188 -3.2285079956054688 879
6538 1024 0.68190997838974 -3.2285149097442627 500
6539 1024 0.6813099384307861 -3.228671073913574 162
6540 1024 0.6769300699234009 -3.2287065982818604 383
6541 1024 0.6801199913024902 -3.22872257232666 66
6542 1024 0.6814598441123962 -3.2287538051605225 181
6543 1024 0.6830599904060364 -3.2288613319396973 556
6544 1024 0.6777200698852539 -3.2289068698883057 429
6545 1024 0.6810899972915649 -3.228971242904663 241
6546 1024 0.6806800961494446 -3.229039192199707 492
6547 1024 0.6756299734115601 -3.229072093963623 692
6548 1024 0.6780199408531189 -3.229407548904419 612
6549 1024 0.6805700063705444 -3.2296435832977295 379
6550 1024 0.6791799068450928 -3.229764461517334 96
6551 1024 0.6781300902366638 -3.2297780513763428 986
6552 1024 0.6755499839782715 -3.2298696041107178 834
6553 1024 0.6814600825309753 -3.229912281036377 185
6554 1024 0.6787600517272949 -3.2299399375915527 890
6555 1024 0.6768999099731445 -3.23002552986145 910
6556 1024 0.67482990026474 -3.2300543785095215 151
6557 1024 0.6769500374794006 -3.2301199436187744 711
6558 1024 0.678570032119751 -3.2301483154296875 376
6559 1024 0.6794600486755371 -3.2301926612854004 159
6560 1024 0.6794500350952148 -3.2302260398864746 789
6561 1024 0.6787000298500061 -3.2302627563476562 815
6562 1024 0.6768000721931458 -3.230380058288574 659
6563 1024 0.6758701205253601 -3.230846643447876 506
6564 1024 0.6798700094223022 -3.2310047149658203 192
6565 1024 0.6767502427101135 -3.2310354709625244 672
6566 1024 0.6790300011634827 -3.2311971187591553 811
6567 1024 0.676470160484314 -3.231229782104492 672
6568 1024 0.6793599724769592 -3.2312569618225098 303
6569 1024 0.6739100217819214 -3.231266975402832 785
6570 1024 0.67684006690979 -3.2313172817230225 448
6571 1024 0.6720901131629944 -3.231476306915283 598
6572 1024 0.676800012588501 -3.2314774990081787 927
6573 1024 0.6779699325561523 -3.231516122817993 253
6574 1024 0.6777698993682861 -3.2315189838409424 967
6575 1024 0.6760801076889038 -3.2315776348114014 640
6576 1024 0.6734500527381897 -3.2316033840179443 753
6577 1024 0.6763399839401245 -3.231691837310791 82
6578 1024 0.6727598905563354 -3.231753349304199 713
6579 1024 0.6788299679756165 -3.231776714324951 152
6580 1024 0.6802499294281006 -3.2318177223205566 861
6581 1024 0.6751500368118286 -3.231823444366455 983
6582 1024 0.6748101711273193 -3.231874942779541 294
6583 1024 0.6748499274253845 -3.2319726943969727 780
6584 1024 0.674720048904419 -3.2320456504821777 724
6585 1024 0.6782000660896301 -3.2322463989257812 172
6586 1024 0.6741101741790771 -3.2323250770568848 66
6587 1024 0.6719501614570618 -3.232417106628418 339
6588 1024 0.6754099726676941 -3.232577323913574 656
6589 1024 0.6715699434280396 -3.2327237129211426 659
6590 1024 0.6766799092292786 -3.23276424407959 317
6591 1024 0.6738401055335999 -3.232980251312256 744
6592 1024 0.6738499999046326 -3.233032464981079 164
6593 1024 0.6747300624847412 -3.2331526279449463 853
6594 1024 0.6732499599456787 -3.233389377593994 963
6595 1024 0.6729501485824585 -3.2334389686584473 718
6596 1024 0.6762399673461914 -3.2335000038146973 492
6597 1024 0.6751599907875061 -3.233771324157715 487
6598 1024 0.67277991771698 -3.2339353561401367 396
6599 1024 0.6732199788093567 -3.234062671661377 729
6600 1024 0.6713700890541077 -3.234199047088623 231
6601 1024 0.6700099110603333 -3.234353542327881 965
6602 1024 0.6701501607894897 -3.2344272136688232 951
6603 1024 0.6690499782562256 -3.2345130443573 870
6604 1024 0.6737800240516663 -3.2347519397735596 368
6605 1024 0.6712799072265625 -3.235046625137329 1001
6606 1024 0.6716300249099731 -3.2352969646453857 974
6607 1024 0.6675800085067749 -3.2353310585021973 939
6608 1024 0.6684101819992065 -3.2356700897216797 630
6609 1024 0.6708897948265076 -3.235685348510742 951
6610 1024 0.6700700521469116 -3.2357802391052246 936
6611 1024 0.6693497896194458 -3.2359507083892822 646
6612 1024 0.6703199744224548 -3.236098051071167 333
6613 1024 0.6722701191902161 -3.236159324645996 906
6614 1024 0.6707701086997986 -3.236386775970459 978
6615 1024 0.6692301630973816 -3.2364513874053955 719
6616 1024 0.6689000725746155 -3.236483097076416 393
6617 1024 0.6688600182533264 -3.23652720451355 929
6618 1024 0.6670700907707214 -3.2366504669189453 514
6619 1024 0.6724699139595032 -3.236934185028076 713
6620 1024 0.665929913520813 -3.2370519638061523 976
6621 1024 0.671019971370697 -3.2370758056640625 685
6622 1024 0.6667199730873108 -3.2371044158935547 327
6623 1024 0.6708201169967651 -3.237121105194092 996
6624 1024 0.6699098348617554 -3.237200975418091 374
6625 1024 0.6666799783706665 -3.2373790740966797 442
6626 1024 0.6662499904632568 -3.2374343872070312 105
6627 1024 0.6685298681259155 -3.2374987602233887 690
6628 1024 0.6637497544288635 -3.237515687942505 348
6629 1024 0.6700999140739441 -3.2377517223358154 180
6630 1024 0.6684999465942383 -3.2377729415893555 497
6631 1024 0.6712599992752075 -3.237797498703003 324
6632 1024 0.6662499904632568 -3.2380757331848145 304
6633 1024 0.6679001450538635 -3.2383954524993896 693
6634 1024 0.6667597889900208 -3.2384939193725586 476
6635 1024 0.6669699549674988 -3.238609790802002 605
6636 1024 0.6670699715614319 -3.2387962341308594 272
6637 1024 0.6655898690223694 -3.238811731338501 991
6638 1024 0.6671300530433655 -3.2388620376586914 393
6639 1024 0.6619098782539368 -3.2389183044433594 331
6640 1024 0.6671099066734314 -3.23907470703125 361
6641 1024 0.6644400358200073 -3.239173650741577 856
6642 1024 0.6633199453353882 -3.2392380237579346 162
6643 1024 0.6650800108909607 -3.2393102645874023 664
6644 1024 0.6650200486183167 -3.2393338680267334 727
6645 1024 0.6651099324226379 -3.2394697666168213 93
6646 1024 0.6665499210357666 -3.239488124847412 762
6647 1024 0.6655299067497253 -3.239591598510742 73
6648 1024 0.6647899746894836 -3.239684581756592 434
6649 1024 0.6655499935150146 -3.239780902862549 552
6650 1024 0.6620397567749023 -3.2398829460144043 421
6651 1024 0.6628499627113342 -3.240265369415283 38
6652 1024 0.663830041885376 -3.2403740882873535 540
6653 1024 0.6650701761245728 -3.2406296730041504 490
6654 1024 0.6651700735092163 -3.240689754486084 571
6655 1024 0.6614097356796265 -3.2407774925231934 589
6656 1024 0.6633701324462891 -3.2408394813537598 6
6657 1024 0.6658797264099121 -3.240943193435669 97
6658 1024 0.6597900986671448 -3.240946054458618 700
6659 1024 0.664680004119873 -3.2409462928771973 593
6660 1024 0.6628600358963013 -3.240973472595215 585
6661 1024 0.6675000786781311 -3.2410147190093994 452
6662 1024 0.6644099354743958 -3.241070508956909 55
6663 1024 0.6608600616455078 -3.2412235736846924 839
6664 1024 0.6643200516700745 -3.2413229942321777 934
6665 1024 0.6601197719573975 -3.241338014602661 730
6666 1024 0.6614899039268494 -3.2415170669555664 161
6667 1024 0.6629499793052673 -3.2416205406188965 857
6668 1024 0.6638298630714417 -3.2416605949401855 886
6669 1024 0.6639900207519531 -3.2416727542877197 310
6670 1024 0.66416996717453 -3.2419848442077637 97
6671 1024 0.6606200933456421 -3.2420833110809326 865
6672 1024 0.6614300608634949 -3.242103338241577 507
6673 1024 0.6630800366401672 -3.24214506149292 185
6674 1024 0.6606199741363525 -3.242330551147461 574
6675 1024 0.6612200140953064 -3.2425575256347656 442
6676 1024 0.6591399908065796 -3.2426412105560303 716
6677 1024 0.6613000631332397 -3.2427256107330322 110
6678 1024 0.6628698706626892 -3.242875576019287 916
6679 1024 0.6597699522972107 -3.2429141998291016 25
6680 1024 0.6608500480651855 -3.2430171966552734 285
6681 1024 0.6593400239944458 -3.2432241439819336 694
6682 1024 0.6558900475502014 -3.2436575889587402 664
6683 1024 0.658889889717102 -3.2437233924865723 430
6684 1024 0.6605499982833862 -3.243729591369629 105
6685 1024 0.6584001183509827 -3.2438111305236816 339
6686 1024 0.6585999131202698 -3.2438669204711914 567
6687 1024 0.6578498482704163 -3.2439050674438477 694
6688 1024 0.656829833984375 -3.2439944744110107 434
6689 1024 0.6575998663902283 -3.2442269325256348 600
6690 1024 0.6607198715209961 -3.244354724884033 248
6691 1024 0.660610020160675 -3.244478225708008 158
6692 1024 0.65802001953125 -3.2445411682128906 928
6693 1024 0.657049834728241 -3.244593620300293 668
6694 1024 0.6610900163650513 -3.244825601577759 19
6695 1024 0.6624298095703125 -3.2450027465820312 353
6696 1024 0.6573999524116516 -3.2450199127197266 737
6697 1024 0.6571900248527527 -3.245039939880371 703
6698 1024 0.6606400012969971 -3.2450809478759766 430
6699 1024 0.6576101779937744 -3.2451510429382324 50
6700 1024 0.661609947681427 -3.2451789379119873 847
6701 1024 0.6577998399734497 -3.245208263397217 797
6702 1024 0.6579200625419617 -3.245370388031006 775
6703 1024 0.6570197939872742 -3.245391368865967 294
6704 1024 0.6558900475502014 -3.245844841003418 768
6705 1024 0.6597999334335327 -3.2458553314208984 700
6706 1024 0.6583101749420166 -3.2458555698394775 753
6707 1024 0.6554499864578247 -3.245861530303955 755
6708 1024 0.6537998914718628 -3.245927333831787 393
6709 1024 0.6564800143241882 -3.246030807495117 363
6710 1024 0.6539599299430847 -3.246150493621826 229
6711 1024 0.6571499705314636 -3.24619197845459 902
6712 1024 0.6575101613998413 -3.246335983276367 669
6713 1024 0.6555697321891785 -3.2467710971832275 884
6714 1024 0.6581999063491821 -3.24687123298645 104
6715 1024 0.6560798287391663 -3.247018575668335 681
6716 1024 0.6532900333404541 -3.2470650672912598 942
6717 1024 0.6495800018310547 -3.247086524963379 81
6718 1024 0.6572998762130737 -3.2472825050354004 500
6719 1024 0.6539700031280518 -3.2473418712615967 943
6720 1024 0.6566100716590881 -3.247385025024414 546
6721 1024 0.654650092124939 -3.2474822998046875 19
6722 1024 0.6525099873542786 -3.2475509643554688 171
6723 1024 0.6535400152206421 -3.2475528717041016 353
6724 1024 0.654819905757904 -3.247619390487671 1020
6725 1024 0.6562498807907104 -3.2476582527160645 937
6726 1024 0.6531499624252319 -3.2478837966918945 463
6727 1024 0.6487197875976562 -3.248020648956299 921
6728 1024 0.6555098295211792 -3.2480268478393555 208
6729 1024 0.6505300998687744 -3.248096466064453 821
6730 1024 0.6547500491142273 -3.248157024383545 45
6731 1024 0.655799925327301 -3.248289108276367 748
6732 1024 0.6527398824691772 -3.2484235763549805 246
6733 1024 0.6531898975372314 -3.2487339973449707 557
6734 1024 0.6506999135017395 -3.248897075653076 23
6735 1024 0.6554399132728577 -3.249119997024536 861
6736 1024 0.6513000130653381 -3.2491202354431152 727
6737 1024 0.6551798582077026 -3.2491559982299805 382
6738 1024 0.6502199172973633 -3.249220848083496 578
6739 1024 0.6515399217605591 -3.249293327331543 974
6740 1024 0.6513898968696594 -3.2493481636047363 950
6741 1024 0.6498299241065979 -3.2497379779815674 276
6742 1024 0.650350034236908 -3.249861240386963 25
6743 1024 0.6505599021911621 -3.250171184539795 380
6744 1024 0.6507498621940613 -3.2501745223999023 6
6745 1024 0.6505899429321289 -3.250214099884033 159
6746 1024 0.6468999981880188 -3.250277519226074 787
6747 1024 0.6474098563194275 -3.250281572341919 31
6748 1024 0.647729754447937 -3.2503128051757812 737
6749 1024 0.6504198908805847 -3.2504618167877197 996
6750 1024 0.6487399935722351 -3.250643491744995 426
6751 1024 0.6504399180412292 -3.2508466243743896 896
6752 1024 0.649709939956665 -3.2508859634399414 574
6753 1024 0.6486300230026245 -3.2509655952453613 190
6754 1024 0.646449863910675 -3.2510719299316406 210
6755 1024 0.6461101174354553 -3.2512872219085693 564
6756 1024 0.6476099491119385 -3.251500368118286 979
6757 1024 0.6481098532676697 -3.251558780670166 965
6758 1024 0.6486200094223022 -3.2516489028930664 367
6759 1024 0.6511698961257935 -3.2516512870788574 344
6760 1024 0.6466500163078308 -3.251737594604492 984
6761 1024 0.6466799974441528 -3.252105712890625 36
6762 1024 0.6452100276947021 -3.252326488494873 104
6763 1024 0.6468498110771179 -3.25234317779541 40
6764 1024 0.6444699764251709 -3.252377986907959 475
6765 1024 0.6482898592948914 -3.2524218559265137 676
6766 1024 0.6469100117683411 -3.25258207321167 318
6767 1024 0.646179735660553 -3.2526533603668213 11
6768 1024 0.6427599787712097 -3.2526848316192627 62
6769 1024 0.6479098200798035 -3.25276517868042 200
6770 1024 0.6471299529075623 -3.252842426300049 319
6771 1024 0.645039975643158 -3.2529358863830566 699
6772 1024 0.6412700414657593 -3.2530174255371094 762
6773 1024 0.6407599449157715 -3.2530324459075928 574
6774 1024 0.6448199152946472 -3.253500461578369 614
6775 1024 0.6406599283218384 -3.253563404083252 239
6776 1024 0.6448698043823242 -3.253690719604492 527
6777 1024 0.6450098752975464 -3.2537150382995605 105
6778 1024 0.6439398527145386 -3.2537426948547363 747
6779 1024 0.6414101123809814 -3.2537550926208496 653
6780 1024 0.6407199501991272 -3.2539050579071045 871
6781 1024 0.6457399725914001 -3.253920555114746 33
6782 1024 0.6450499296188354 -3.253953456878662 764
6783 1024 0.6423699855804443 -3.2539751529693604 832
6784 1024 0.6446799039840698 -3.2542648315429688 346
6785 1024 0.641659677028656 -3.2544045448303223 569
6786 1024 0.644629955291748 -3.254500150680542 920
6787 1024 0.6440901160240173 -3.254545211791992 172
6788 1024 0.6451200246810913 -3.2546160221099854 1009
6789 1024 0.6396898627281189 -3.2549076080322266 790
6790 1024 0.6408199071884155 -3.255063056945801 932
6791 1024 0.6409099698066711 -3.255180835723877 810
6792 1024 0.6437500715255737 -3.255199432373047 594
6793 1024 0.6411300301551819 -3.2552289962768555 914
6794 1024 0.6433199644088745 -3.2553470134735107 945
6795 1024 0.6430099606513977 -3.2554454803466797 594
6796 1024 0.6405898928642273 -3.2556045055389404 346
6797 1024 0.6425800323486328 -3.255852699279785 150
6798 1024 0.6384999752044678 -3.2559032440185547 86
6799 1024 0.6410999894142151 -3.2559189796447754 197
6800 1024 0.6378400921821594 -3.2559564113616943 235
6801 1024 0.6382500529289246 -3.2559635639190674 758
6802 1024 0.6418699026107788 -3.256007194519043 304
6803 1024 0.6398898959159851 -3.2563281059265137 958
6804 1024 0.6412500739097595 -3.256394863128662 911
6805 1024 0.6403699517250061 -3.256605625152588 688
6806 1024 0.6396299600601196 -3.25663161277771 1009
6807 1024 0.6387499570846558 -3.256715774536133 562
6808 1024 0.6381698846817017 -3.2567577362060547 510
6809 1024 0.6376599073410034 -3.256884813308716 692
6810 1024 0.6362999677658081 -3.2569117546081543 459
6811 1024 0.6396300792694092 -3.256948471069336 490
6812 1024 0.6378099918365479 -3.2569570541381836 889
6813 1024 0.6392399668693542 -3.257017135620117 222
6814 1024 0.6423200368881226 -3.2572498321533203 284
6815 1024 0.6368401050567627 -3.2572617530822754 293
6816 1024 0.6381800770759583 -3.2572638988494873 841
6817 1024 0.6412599086761475 -3.257333278656006 165
6818 1024 0.6353300213813782 -3.2573440074920654 400
6819 1024 0.6396299004554749 -3.257382392883301 444
6820 1024 0.63714998960495 -3.2574899196624756 266
6821 1024 0.6377100348472595 -3.2574949264526367 842
6822 1024 0.6351600289344788 -3.2575674057006836 423
6823 1024 0.6384899020195007 -3.2577452659606934 298
6824 1024 0.6355900764465332 -3.2577481269836426 172
6825 1024 0.6351000070571899 -3.257782459259033 422
6826 1024 0.638670027256012 -3.2578132152557373 669
6827 1024 0.6368300914764404 -3.257816791534424 574
6828 1024 0.6345499157905579 -3.257899284362793 62
6829 1024 0.6321300268173218 -3.2579002380371094 874
6830 1024 0.6370899677276611 -3.2580437660217285 804
6831 1024 0.6355699300765991 -3.258061408996582 525
6832 1024 0.6365098357200623 -3.258296489715576 728
6833 1024 0.6344398260116577 -3.258321762084961 847
6834 1024 0.6312100291252136 -3.258455514907837 276
6835 1024 0.6362400650978088 -3.258574962615967 477
6836 1024 0.6389500498771667 -3.2587385177612305 528
6837 1024 0.6344699263572693 -3.2587389945983887 284
6838 1024 0.6351399421691895 -3.2587523460388184 47
6839 1024 0.638209879398346 -3.2589504718780518 700
6840 1024 0.6325000524520874 -3.258979082107544 730
6841 1024 0.6372899413108826 -3.2590956687927246 25
6842 1024 0.6365800499916077 -3.2593297958374023 760
6843 1024 0.6283800601959229 -3.2593350410461426 1008
6844 1024 0.6355199813842773 -3.259359836578369 668
6845 1024 0.6320399045944214 -3.259432554244995 311
6846 1024 0.6341398358345032 -3.259587287902832 763
6847 1024 0.6364999413490295 -3.2596685886383057 556
6848 1024 0.635499894618988 -3.259751558303833 84
6849 1024 0.6336098909378052 -3.25978422164917 409
6850 1024 0.6309700012207031 -3.259850025177002 260
6851 1024 0.6354299783706665 -3.259934663772583 999
6852 1024 0.6336100101470947 -3.259998321533203 480
6853 1024 0.6313600540161133 -3.260018825531006 113
6854 1024 0.6356598734855652 -3.2600393295288086 441
6855 1024 0.6330400109291077 -3.2601308822631836 922
6856 1024 0.6352599263191223 -3.260183334350586 51
6857 1024 0.6369599103927612 -3.260239601135254 80
6858 1024 0.6314999461174011 -3.2602591514587402 419
6859 1024 0.6355600953102112 -3.260322332382202 465
6860 1024 0.6319899559020996 -3.26047945022583 130
6861 1024 0.6285099983215332 -3.2606842517852783 1013
6862 1024 0.6318998336791992 -3.260751485824585 52
6863 1024 0.6316699981689453 -3.260794162750244 62
6864 1024 0.6294300556182861 -3.2608742713928223 460
6865 1024 0.6376898884773254 -3.2609214782714844 99
6866 1024 0.6344199776649475 -3.2609260082244873 592
6867 1024 0.6316299438476562 -3.2609410285949707 894
6868 1024 0.6344500184059143 -3.261249303817749 696
6869 1024 0.631890058517456 -3.2612557411193848 742
6870 1024 0.6273799538612366 -3.261317253112793 976
6871 1024 0.6340100169181824 -3.2613697052001953 752
6872 1024 0.6278400421142578 -3.261380672454834 320
6873 1024 0.6312898397445679 -3.261486530303955 671
6874 1024 0.6324799060821533 -3.261589765548706 504
6875 1024 0.633139967918396 -3.26161527633667 659
6876 1024 0.6319199800491333 -3.261690139770508 209
6877 1024 0.626710057258606 -3.2617640495300293 730
6878 1024 0.6320499777793884 -3.261837959289551 653
6879 1024 0.6331800222396851 -3.2620372772216797 179
6880 1024 0.6271899938583374 -3.2621827125549316 477
6881 1024 0.6261299252510071 -3.2622063159942627 333
6882 1024 0.6305801272392273 -3.262272834777832 32
6883 1024 0.6262999176979065 -3.2624101638793945 265
6884 1024 0.631339967250824 -3.2626140117645264 128
6885 1024 0.6253400444984436 -3.262784481048584 364
6886 1024 0.627590000629425 -3.2628397941589355 120
6887 1024 0.628570020198822 -3.2629342079162598 14
6888 1024 0.6246700286865234 -3.262963056564331 116
6889 1024 0.6261999607086182 -3.2629995346069336 478
6890 1024 0.6297199726104736 -3.263188362121582 523
6891 1024 0.6276000738143921 -3.263277053833008 678
6892 1024 0.6237400770187378 -3.2633442878723145 420
6893 1024 0.6269400715827942 -3.2634565830230713 436
6894 1024 0.6253700256347656 -3.2634902000427246 179
6895 1024 0.6251400113105774 -3.2635281085968018 816
6896 1024 0.6282599568367004 -3.263831377029419 550
6897 1024 0.6231300830841064 -3.2638416290283203 120
6898 1024 0.6302499771118164 -3.264089584350586 403
6899 1024 0.6209099292755127 -3.2643094062805176 146
6900 1024 0.6267699003219604 -3.264431953430176 527
6901 1024 0.6252500414848328 -3.2645654678344727 772
6902 1024 0.6258999109268188 -3.2646069526672363 15
6903 1024 0.6225700378417969 -3.2646946907043457 29
6904 1024 0.6254299283027649 -3.2648627758026123 288
6905 1024 0.6251901984214783 -3.2648749351501465 533
6906 1024 0.6231799721717834 -3.264918565750122 44
6907 1024 0.6207799315452576 -3.2649779319763184 165
6908 1024 0.6248999834060669 -3.265366554260254 727
6909 1024 0.621239960193634 -3.265669822692871 587
6910 1024 0.6197700500488281 -3.2656922340393066 539
6911 1024 0.620029866695404 -3.2657270431518555 465
6912 1024 0.627619743347168 -3.265839099884033 820
6913 1024 0.6233199834823608 -3.265878438949585 298
6914 1024 0.6207799911499023 -3.2659707069396973 684
6915 1024 0.6213600635528564 -3.2660329341888428 272
6916 1024 0.6219700574874878 -3.266089916229248 226
6917 1024 0.6207098364830017 -3.2663419246673584 353
6918 1024 0.6197999715805054 -3.266383171081543 597
6919 1024 0.6235799789428711 -3.2665207386016846 153
6920 1024 0.6193299889564514 -3.266599655151367 724
6921 1024 0.6234099864959717 -3.2666592597961426 777
6922 1024 0.6193999648094177 -3.2666995525360107 269
6923 1024 0.6220500469207764 -3.2667746543884277 820
6924 1024 0.6230100393295288 -3.266937255859375 177
6925 1024 0.6216800808906555 -3.2670116424560547 536
6926 1024 0.6201599836349487 -3.267064332962036 458
6927 1024 0.6167101263999939 -3.2672462463378906 917
6928 1024 0.6202601194381714 -3.2673802375793457 632
6929 1024 0.6209999918937683 -3.267418384552002 48
6930 1024 0.6186399459838867 -3.2675652503967285 152
6931 1024 0.6148000955581665 -3.267648220062256 760
6932 1024 0.6158799529075623 -3.2676494121551514 675
6933 1024 0.6186699867248535 -3.2676501274108887 223
6934 1024 0.6180101037025452 -3.267705202102661 822
6935 1024 0.6205899119377136 -3.2678167819976807 194
6936 1024 0.6208299994468689 -3.2679569721221924 973
6937 1024 0.6168199777603149 -3.268080711364746 309
6938 1024 0.6168802380561829 -3.2681312561035156 20
6939 1024 0.6180499196052551 -3.2683348655700684 960
6940 1024 0.6204001307487488 -3.268354654312134 578
6941 1024 0.6175201535224915 -3.2685914039611816 929
6942 1024 0.617340087890625 -3.2686572074890137 426
6943 1024 0.6166898012161255 -3.2687153816223145 380
6944 1024 0.6140801310539246 -3.2687926292419434 271
6945 1024 0.6176599860191345 -3.2688121795654297 119
6946 1024 0.6172202229499817 -3.268838405609131 100
6947 1024 0.6135300397872925 -3.2690229415893555 1023
6948 1024 0.6119099259376526 -3.2690329551696777 610
6949 1024 0.6166099309921265 -3.269064426422119 760
6950 1024 0.610270082950592 -3.2691307067871094 452
6951 1024 0.6183200478553772 -3.269253730773926 106
6952 1024 0.6156700253486633 -3.269310474395752 276
6953 1024 0.6153799891471863 -3.2693610191345215 471
6954 1024 0.6167501211166382 -3.269470453262329 402
6955 1024 0.6141700148582458 -3.269519329071045 3
6956 1024 0.611210286617279 -3.2696034908294678 451
6957 1024 0.6116501688957214 -3.2696375846862793 56
6958 1024 0.6146000623703003 -3.2697243690490723 639
6959 1024 0.6123602390289307 -3.2697296142578125 41
6960 1024 0.614270031452179 -3.269740581512451 255
6961 1024 0.6165600419044495 -3.269761562347412 984
6962 1024 0.6145599484443665 -3.2698068618774414 798
6963 1024 0.6152200698852539 -3.269819736480713 44
6964 1024 0.6147099137306213 -3.2698774337768555 61
6965 1024 0.6116000413894653 -3.2699317932128906 465
6966 1024 0.613550066947937 -3.2699713706970215 895
6967 1024 0.6134698390960693 -3.2699756622314453 152
6968 1024 0.6176599264144897 -3.270068407058716 517
6969 1024 0.6139301657676697 -3.270092725753784 433
6970 1024 0.6139997243881226 -3.2703561782836914 854
6971 1024 0.6129200458526611 -3.2705798149108887 185
6972 1024 0.6113699078559875 -3.2705888748168945 184
6973 1024 0.6128599643707275 -3.2705984115600586 727
6974 1024 0.6100701093673706 -3.2706263065338135 120
6975 1024 0.6114102005958557 -3.2706961631774902 737
6976 1024 0.6141300797462463 -3.270699977874756 623
6977 1024 0.6125099658966064 -3.270843029022217 905
6978 1024 0.6120499968528748 -3.2709975242614746 91
6979 1024 0.6090299487113953 -3.2711381912231445 757
6980 1024 0.6114300489425659 -3.271218776702881 370
6981 1024 0.6098499894142151 -3.271307945251465 635
6982 1024 0.6117798686027527 -3.271366596221924 988
6983 1024 0.6114199161529541 -3.2713723182678223 86
6984 1024 0.6137000322341919 -3.271507501602173 785
6985 1024 0.6126499176025391 -3.2715320587158203 158
6986 1024 0.611280083656311 -3.271599054336548 202
6987 1024 0.6108798980712891 -3.271641969680786 337
6988 1024 0.6107699275016785 -3.271717071533203 1003
6989 1024 0.6091700792312622 -3.271834373474121 159
6990 1024 0.6100000739097595 -3.2718400955200195 283
6991 1024 0.6102098822593689 -3.271878242492676 619
6992 1024 0.6126201152801514 -3.271915912628174 551
6993 1024 0.6048800349235535 -3.2720046043395996 325
6994 1024 0.611780047416687 -3.2720284461975098 461
6995 1024 0.6106499433517456 -3.2720866203308105 291
6996 1024 0.6128999590873718 -3.2721686363220215 411
6997 1024 0.6064499616622925 -3.2722420692443848 478
6998 1024 0.6095401048660278 -3.272291421890259 729
6999 1024 0.6103900671005249 -3.2723586559295654 863
7000 1024 0.6086499691009521 -3.272423267364502 212
7001 1024 0.6124700903892517 -3.272508144378662 942
7002 1024 0.6047800183296204 -3.272531509399414 210
7003 1024 0.6089600324630737 -3.272886276245117 672
7004 1024 0.6053501963615417 -3.2728893756866455 1016
7005 1024 0.6073401570320129 -3.273247241973877 978
7006 1024 0.6101999878883362 -3.2732925415039062 910
7007 1024 0.6092200875282288 -3.2733330726623535 662
7008 1024 0.6063200831413269 -3.27344012260437 472
7009 1024 0.6069300174713135 -3.2735652923583984 131
7010 1024 0.6062301397323608 -3.2736105918884277 958
7011 1024 0.6066399216651917 -3.2736597061157227 907
7012 1024 0.6051899790763855 -3.273702621459961 39
7013 1024 0.6054000854492188 -3.273728847503662 590
7014 1024 0.6076801419258118 -3.2737984657287598 741
7015 1024 0.6085400581359863 -3.2739081382751465 842
7016 1024 0.6045399308204651 -3.2740652561187744 247
7017 1024 0.604960024356842 -3.2741496562957764 951
7018 1024 0.6020202040672302 -3.2742209434509277 31
7019 1024 0.6039400100708008 -3.274228572845459 796
7020 1024 0.6069799661636353 -3.2742819786071777 314
7021 1024 0.6038101315498352 -3.274296998977661 833
7022 1024 0.6050999760627747 -3.2744271755218506 297
7023 1024 0.6024001240730286 -3.274479866027832 531
7024 1024 0.6077499985694885 -3.274566650390625 137
7025 1024 0.6046801209449768 -3.2745776176452637 467
7026 1024 0.6055200695991516 -3.2747130393981934 650
7027 1024 0.6001100540161133 -3.2747697830200195 759
7028 1024 0.6030600070953369 -3.2748255729675293 736
7029 1024 0.6037599444389343 -3.2748422622680664 596
7030 1024 0.5995699763298035 -3.2748594284057617 997
7031 1024 0.6035601496696472 -3.2749063968658447 76
7032 1024 0.6041001081466675 -3.275057315826416 103
7033 1024 0.6009000539779663 -3.275113821029663 412
7034 1024 0.5994399785995483 -3.2751708030700684 852
7035 1024 0.6058601140975952 -3.275543212890625 82
7036 1024 0.5993300676345825 -3.275576114654541 784
7037 1024 0.5987501740455627 -3.2755916118621826 77
7038 1024 0.5984800457954407 -3.2757232189178467 641
7039 1024 0.6022400856018066 -3.275731086730957 161
7040 1024 0.5999400019645691 -3.275754928588867 316
7041 1024 0.6014500856399536 -3.2759222984313965 128
7042 1024 0.6003700494766235 -3.275984764099121 152
7043 1024 0.6009401082992554 -3.276106357574463 830
7044 1024 0.5987701416015625 -3.276162624359131 990
7045 1024 0.5991001725196838 -3.276212215423584 888
7046 1024 0.598859965801239 -3.2762131690979004 247
7047 1024 0.5998499393463135 -3.27651309967041 974
7048 1024 0.5976001024246216 -3.2765212059020996 201
7049 1024 0.5996701121330261 -3.2766215801239014 981
7050 1024 0.6024299263954163 -3.2766408920288086 616
7051 1024 0.6014102101325989 -3.2766542434692383 632
7052 1024 0.6000900268554688 -3.2767231464385986 928
7053 1024 0.6002600193023682 -3.276756763458252 616
7054 1024 0.5968900322914124 -3.2768611907958984 698
7055 1024 0.5971300601959229 -3.277036190032959 1023
7056 1024 0.5962599515914917 -3.2770633697509766 822
7057 1024 0.5970200300216675 -3.2772436141967773 228
7058 1024 0.5988501310348511 -3.2772717475891113 712
7059 1024 0.595180094242096 -3.277492046356201 991
7060 1024 0.5949599146842957 -3.277524471282959 318
7061 1024 0.5988002419471741 -3.277657985687256 324
7062 1024 0.5979600548744202 -3.2777059078216553 146
7063 1024 0.5983799695968628 -3.2777156829833984 581
7064 1024 0.5955600738525391 -3.2777252197265625 1016
7065 1024 0.5970999598503113 -3.277827262878418 597
7066 1024 0.5949300527572632 -3.2778825759887695 266
7067 1024 0.5944400429725647 -3.2778947353363037 834
7068 1024 0.5934901237487793 -3.2779388427734375 663
7069 1024 0.5921400785446167 -3.277998447418213 350
7070 1024 0.5969400405883789 -3.2780094146728516 344
7071 1024 0.5941900610923767 -3.2780704498291016 551
7072 1024 0.5927301645278931 -3.27817440032959 958
7073 1024 0.5960800647735596 -3.278191566467285 360
7074 1024 0.5943199992179871 -3.27824068069458 914
7075 1024 0.5927000641822815 -3.2782773971557617 992
7076 1024 0.5939900279045105 -3.2782998085021973 126
7077 1024 0.5952000617980957 -3.2784318923950195 452
7078 1024 0.5960200428962708 -3.278534412384033 298
7079 1024 0.5952001214027405 -3.27858829498291 599
7080 1024 0.5937501192092896 -3.278747081756592 653
7081 1024 0.5941603183746338 -3.278757333755493 377
7082 1024 0.5933800339698792 -3.27876615524292 687
7083 1024 0.5890000462532043 -3.2787890434265137 504
7084 1024 0.5974199175834656 -3.278804302215576 900
7085 1024 0.594180166721344 -3.278820514678955 963
7086 1024 0.59617018699646 -3.2788689136505127 156
7087 1024 0.5921100378036499 -3.278879165649414 48
7088 1024 0.5907600522041321 -3.278907299041748 811
7089 1024 0.592960000038147 -3.2789089679718018 586
7090 1024 0.5943298935890198 -3.2789132595062256 941
7091 1024 0.5923700928688049 -3.27900767326355 910
7092 1024 0.5941100716590881 -3.2790393829345703 61
7093 1024 0.5953300595283508 -3.2790520191192627 544
7094 1024 0.5914000272750854 -3.279090642929077 194
7095 1024 0.5920501351356506 -3.2791271209716797 555
7096 1024 0.592400074005127 -3.2791290283203125 788
7097 1024 0.5906200408935547 -3.2792086601257324 221
7098 1024 0.5964799523353577 -3.279232978820801 212
7099 1024 0.5926501154899597 -3.279268741607666 620
7100 1024 0.5921499729156494 -3.2792723178863525 412
7101 1024 0.5931702256202698 -3.279287815093994 269
7102 1024 0.5919700860977173 -3.2792911529541016 947
7103 1024 0.5916701555252075 -3.2793493270874023 636
7104 1024 0.5913301110267639 -3.2793524265289307 844
7105 1024 0.5902199745178223 -3.27946138381958 703
7106 1024 0.5887000560760498 -3.2794852256774902 43
7107 1024 0.5924100875854492 -3.279524803161621 294
7108 1024 0.5910900235176086 -3.27974009513855 599
7109 1024 0.5897700190544128 -3.2797558307647705 666
7110 1024 0.5922901630401611 -3.279763698577881 421
7111 1024 0.5916000008583069 -3.2799015045166016 401
7112 1024 0.5893000364303589 -3.2800002098083496 80
7113 1024 0.5884101986885071 -3.2800140380859375 603
7114 1024 0.5942100882530212 -3.280193567276001 364
7115 1024 0.588080108165741 -3.280196189880371 477
7116 1024 0.5892800092697144 -3.2802038192749023 553
7117 1024 0.5896299481391907 -3.2802681922912598 130
7118 1024 0.5876900553703308 -3.2802743911743164 933
7119 1024 0.5861999988555908 -3.2802865505218506 360
7120 1024 0.5883200168609619 -3.280496597290039 635
7121 1024 0.5882101058959961 -3.2805261611938477 804
7122 1024 0.590390145778656 -3.280545234680176 175
7123 1024 0.5906801223754883 -3.2806501388549805 134
7124 1024 0.5923599600791931 -3.2809224128723145 221
7125 1024 0.5863901972770691 -3.2809348106384277 751
7126 1024 0.5858501195907593 -3.2809531688690186 999
7127 1024 0.5857799649238586 -3.2809948921203613 711
7128 1024 0.5894501209259033 -3.281148910522461 979
7129 1024 0.5872300267219543 -3.281174659729004 941
7130 1024 0.5855399966239929 -3.2812371253967285 531
7131 1024 0.5884700417518616 -3.2812700271606445 52
7132 1024 0.5863502025604248 -3.281324863433838 817
7133 1024 0.5833501219749451 -3.2813467979431152 913
7134 1024 0.588150143623352 -3.28151535987854 446
7135 1024 0.5864101052284241 -3.2815182209014893 1016
7136 1024 0.5901200175285339 -3.2817111015319824 48
7137 1024 0.5873900055885315 -3.281721353530884 514
7138 1024 0.5863499045372009 -3.281759262084961 165
7139 1024 0.5845399498939514 -3.2817840576171875 951
7140 1024 0.586370050907135 -3.281815767288208 244
7141 1024 0.5877100825309753 -3.281838893890381 890
7142 1024 0.5859700441360474 -3.2818503379821777 895
7143 1024 0.5871200561523438 -3.2819690704345703 266
7144 1024 0.5849800109863281 -3.281994342803955 207
7145 1024 0.5859501361846924 -3.2820615768432617 931
7146 1024 0.584559977054596 -3.282078981399536 445
7147 1024 0.5843502283096313 -3.282212018966675 164
7148 1024 0.5832100510597229 -3.282214879989624 1012
7149 1024 0.5846401453018188 -3.2822389602661133 841
7150 1024 0.5846499800682068 -3.2822935581207275 542
7151 1024 0.582520067691803 -3.2823147773742676 797
7152 1024 0.5851200819015503 -3.2823994159698486 300
7153 1024 0.5814400315284729 -3.282410144805908 442
7154 1024 0.5831501483917236 -3.2824840545654297 408
7155 1024 0.5835400819778442 -3.2825303077697754 664
7156 1024 0.5830102562904358 -3.282546043395996 159
7157 1024 0.5856902003288269 -3.282588481903076 464
7158 1024 0.5846499800682068 -3.2826147079467773 836
7159 1024 0.5816701650619507 -3.2826497554779053 589
7160 1024 0.5812501907348633 -3.282835006713867 339
7161 1024 0.5828999876976013 -3.2828469276428223 6
7162 1024 0.5839300155639648 -3.282963752746582 11
7163 1024 0.5821901559829712 -3.283046007156372 584
7164 1024 0.5861800909042358 -3.2832117080688477 569
7165 1024 0.5840699076652527 -3.2833995819091797 152
7166 1024 0.5820100903511047 -3.283432960510254 591
7167 1024 0.5821501612663269 -3.2834935188293457 311
7168 1024 0.5800800919532776 -3.283527374267578 564
7169 1024 0.5825701355934143 -3.283567428588867 982
7170 1024 0.5795800685882568 -3.283571720123291 68
7171 1024 0.5795800685882568 -3.2835893630981445 668
7172 1024 0.5829600691795349 -3.2837727069854736 885
7173 1024 0.5829300880432129 -3.283825635910034 271
7174 1024 0.5809000134468079 -3.2839927673339844 610
7175 1024 0.5797701478004456 -3.2839999198913574 556
7176 1024 0.580720067024231 -3.284040927886963 295
7177 1024 0.5785301327705383 -3.2843170166015625 1012
7178 1024 0.5796200037002563 -3.28432559967041 385
7179 1024 0.5804100036621094 -3.2843875885009766 333
7180 1024 0.5795601010322571 -3.284618377685547 748
7181 1024 0.5794801712036133 -3.2847604751586914 104
7182 1024 0.5750401020050049 -3.284780979156494 681
7183 1024 0.5808299779891968 -3.2848072052001953 660
7184 1024 0.5735200047492981 -3.2848098278045654 323
7185 1024 0.5763500332832336 -3.2848496437072754 332
7186 1024 0.5779100060462952 -3.284898281097412 172
7187 1024 0.5768501162528992 -3.28493595123291 835
7188 1024 0.5735200047492981 -3.285038709640503 794
7189 1024 0.5764902234077454 -3.285114288330078 27
7190 1024 0.5764799118041992 -3.285287857055664 447
7191 1024 0.5776300430297852 -3.2854294776916504 508
7192 1024 0.5735301375389099 -3.2854771614074707 733
7193 1024 0.5737600922584534 -3.2855207920074463 974
7194 1024 0.5751800537109375 -3.2856316566467285 501
7195 1024 0.5737501382827759 -3.285712718963623 268
7196 1024 0.5722799301147461 -3.2857236862182617 984
7197 1024 0.579759955406189 -3.2857413291931152 246
7198 1024 0.5759801268577576 -3.2858142852783203 510
7199 1024 0.5740101337432861 -3.285851001739502 594
7200 1024 0.5729801654815674 -3.2860116958618164 950
7201 1024 0.5723801851272583 -3.286081552505493 873
7202 1024 0.5751499533653259 -3.286151647567749 252
7203 1024 0.5768998861312866 -3.286280632019043 837
7204 1024 0.5729101300239563 -3.286303997039795 977
7205 1024 0.5744500160217285 -3.2865400314331055 464
7206 1024 0.5759500861167908 -3.2866053581237793 176
7207 1024 0.5756000280380249 -3.286632537841797 629
7208 1024 0.5750798583030701 -3.2867255210876465 279
7209 1024 0.5749402046203613 -3.2868857383728027 0
7210 1024 0.5698201656341553 -3.2870917320251465 422
7211 1024 0.5699399709701538 -3.2871389389038086 407
7212 1024 0.5689001083374023 -3.287214517593384 564
7213 1024 0.5715500712394714 -3.2872214317321777 901
7214 1024 0.569070041179657 -3.2872424125671387 66
7215 1024 0.5705499649047852 -3.2874679565429688 960
7216 1024 0.5722000002861023 -3.2874741554260254 200
7217 1024 0.5684499740600586 -3.2875866889953613 837
7218 1024 0.5727799534797668 -3.287606716156006 94
7219 1024 0.5671000480651855 -3.2876100540161133 99
7220 1024 0.5717000961303711 -3.287630796432495 968
7221 1024 0.5696601271629333 -3.2876415252685547 506
7222 1024 0.5709300637245178 -3.287689685821533 1009
7223 1024 0.5707999467849731 -3.28773832321167 962
7224 1024 0.5720600485801697 -3.2877793312072754 187
7225 1024 0.5685399770736694 -3.2878379821777344 523
7226 1024 0.5690900087356567 -3.287886142730713 930
7227 1024 0.5707400441169739 -3.287912368774414 457
7228 1024 0.5702799558639526 -3.288067102432251 271
7229 1024 0.5677701234817505 -3.2881507873535156 441
7230 1024 0.568139910697937 -3.288156032562256 235
7231 1024 0.5680801272392273 -3.288412094116211 638
7232 1024 0.5736000537872314 -3.2884597778320312 890
7233 1024 0.5682100057601929 -3.2884676456451416 429
7234 1024 0.5684701800346375 -3.2885406017303467 673
7235 1024 0.5656899213790894 -3.2885546684265137 787
7236 1024 0.5693199634552002 -3.2886695861816406 248
7237 1024 0.5702800154685974 -3.288680076599121 9
7238 1024 0.5663199424743652 -3.2887091636657715 937
7239 1024 0.5673101544380188 -3.288763999938965 824
7240 1024 0.5665102005004883 -3.2888927459716797 144
7241 1024 0.5664399862289429 -3.288954019546509 389
7242 1024 0.5697900652885437 -3.288986921310425 905
7243 1024 0.5642200112342834 -3.2892422676086426 443
7244 1024 0.5659900307655334 -3.289294719696045 790
7245 1024 0.5644101500511169 -3.2893788814544678 169
7246 1024 0.5607999563217163 -3.2893853187561035 825
7247 1024 0.5631299614906311 -3.2893989086151123 537
7248 1024 0.5659900307655334 -3.2894272804260254 709
7249 1024 0.5628600716590881 -3.2894582748413086 772
7250 1024 0.5626300573348999 -3.2896013259887695 484
7251 1024 0.5620198845863342 -3.289665699005127 425
7252 1024 0.5646000504493713 -3.289701461791992 147
7253 1024 0.5658300518989563 -3.2897777557373047 999
7254 1024 0.566770076751709 -3.289830207824707 142
7255 1024 0.5619200468063354 -3.289872169494629 528
7256 1024 0.5660499930381775 -3.28987979888916 174
7257 1024 0.5595600008964539 -3.2899410724639893 100
7258 1024 0.5602801442146301 -3.289961814880371 992
7259 1024 0.5636600852012634 -3.290003776550293 715
7260 1024 0.5633700489997864 -3.2900209426879883 696
7261 1024 0.5608401894569397 -3.2900969982147217 315
7262 1024 0.5633299350738525 -3.290135622024536 681
7263 1024 0.564470112323761 -3.290149211883545 825
7264 1024 0.5622401237487793 -3.2902321815490723 517
7265 1024 0.5621999502182007 -3.2902488708496094 553
7266 1024 0.5635600686073303 -3.290328025817871 108
7267 1024 0.562480092048645 -3.290363311767578 656
7268 1024 0.5621700286865234 -3.2904510498046875 906
7269 1024 0.5630199313163757 -3.29049015045166 473
7270 1024 0.5613500475883484 -3.2905502319335938 355
7271 1024 0.5588299036026001 -3.290564775466919 857
7272 1024 0.560960054397583 -3.2905726432800293 204
7273 1024 0.5614199638366699 -3.2906134128570557 990
7274 1024 0.560230016708374 -3.290654182434082 769
7275 1024 0.5580901503562927 -3.2908506393432617 116
7276 1024 0.5593299865722656 -3.2909293174743652 257
7277 1024 0.5631402134895325 -3.2910027503967285 15
7278 1024 0.5553601980209351 -3.291041851043701 281
7279 1024 0.5586100816726685 -3.2910642623901367 473
7280 1024 0.5608600378036499 -3.2912256717681885 356
7281 1024 0.5593000054359436 -3.2913122177124023 330
7282 1024 0.5616101622581482 -3.2913429737091064 770
7283 1024 0.5593199133872986 -3.29135799407959 300
7284 1024 0.558769941329956 -3.291454553604126 619
7285 1024 0.5592100620269775 -3.2915802001953125 269
7286 1024 0.5560701489448547 -3.2915945053100586 956
7287 1024 0.556429922580719 -3.2916362285614014 884
7288 1024 0.5578601360321045 -3.29171085357666 402
7289 1024 0.5618600249290466 -3.2917866706848145 578
7290 1024 0.559909999370575 -3.291788101196289 119
7291 1024 0.5580399036407471 -3.291912317276001 846
7292 1024 0.5585900545120239 -3.2919764518737793 585
7293 1024 0.5568200349807739 -3.2919909954071045 835
7294 1024 0.5557600855827332 -3.292050838470459 75
7295 1024 0.556209921836853 -3.292052745819092 274
7296 1024 0.5569499135017395 -3.2921884059906006 71
7297 1024 0.5566100478172302 -3.2922258377075195 335
7298 1024 0.5570901036262512 -3.292271137237549 397
7299 1024 0.556320071220398 -3.292355537414551 688
7300 1024 0.554050087928772 -3.29241943359375 690
7301 1024 0.5543201565742493 -3.2925286293029785 139
7302 1024 0.552550196647644 -3.292531728744507 698
7303 1024 0.5557600855827332 -3.292541980743408 431
7304 1024 0.5541399717330933 -3.2925572395324707 154
7305 1024 0.5553799271583557 -3.2926125526428223 597
7306 1024 0.5576001405715942 -3.292616128921509 856
7307 1024 0.5540299415588379 -3.2927334308624268 150
7308 1024 0.5515598654747009 -3.2929325103759766 47
7309 1024 0.5578300952911377 -3.292936325073242 458
7310 1024 0.5501099824905396 -3.293091058731079 687
7311 1024 0.555359959602356 -3.2930924892425537 462
7312 1024 0.5511899590492249 -3.293105363845825 633
7313 1024 0.5539698004722595 -3.293119430541992 173
7314 1024 0.5540298819541931 -3.2931771278381348 7
7315 1024 0.5562099814414978 -3.2932076454162598 415
7316 1024 0.5533199906349182 -3.293214797973633 824
7317 1024 0.5515300035476685 -3.293290615081787 576
7318 1024 0.5504699349403381 -3.29331636428833 982
7319 1024 0.5491300821304321 -3.2933530807495117 553
7320 1024 0.5547501444816589 -3.2934203147888184 887
7321 1024 0.5517299771308899 -3.2935404777526855 485
7322 1024 0.5497900247573853 -3.2936317920684814 326
7323 1024 0.552090048789978 -3.2936325073242188 428
7324 1024 0.5535001158714294 -3.2937979698181152 849
7325 1024 0.5544399619102478 -3.2938032150268555 790
7326 1024 0.5525799989700317 -3.2938060760498047 933
7327 1024 0.5501400828361511 -3.2939693927764893 676
7328 1024 0.5511000752449036 -3.2940306663513184 711
7329 1024 0.546989917755127 -3.2940380573272705 919
7330 1024 0.5516399145126343 -3.2940549850463867 364
7331 1024 0.5481200218200684 -3.2940750122070312 111
7332 1024 0.5481399893760681 -3.294135332107544 733
7333 1024 0.5500200390815735 -3.2941489219665527 234
7334 1024 0.5488900542259216 -3.294198989868164 447
7335 1024 0.5495001077651978 -3.294206142425537 42
7336 1024 0.5513700246810913 -3.2942097187042236 810
7337 1024 0.5476199388504028 -3.2942395210266113 101
7338 1024 0.5466899871826172 -3.2942452430725098 1007
7339 1024 0.5522400736808777 -3.2943506240844727 344
7340 1024 0.5480999946594238 -3.294393539428711 579
7341 1024 0.5485199093818665 -3.294529914855957 340
7342 1024 0.550059974193573 -3.294619560241699 559
7343 1024 0.5479100346565247 -3.2947683334350586 378
7344 1024 0.5516200661659241 -3.2947840690612793 694
7345 1024 0.5471300482749939 -3.2949399948120117 358
7346 1024 0.5460699200630188 -3.295069456100464 593
7347 1024 0.5453500747680664 -3.295077323913574 148
7348 1024 0.5505198836326599 -3.295081615447998 869
7349 1024 0.5457000136375427 -3.2951345443725586 330
7350 1024 0.5482399463653564 -3.2951488494873047 719
7351 1024 0.5489200353622437 -3.2951810359954834 926
7352 1024 0.543989896774292 -3.2954320907592773 397
7353 1024 0.5472898483276367 -3.295449733734131 591
7354 1024 0.5465800166130066 -3.2955360412597656 396
7355 1024 0.545259952545166 -3.295544385910034 195
7356 1024 0.5469799637794495 -3.2955915927886963 795
7357 1024 0.5482000708580017 -3.295665740966797 2
7358 1024 0.5423200726509094 -3.295693874359131 58
7359 1024 0.542479932308197 -3.295748233795166 737
7360 1024 0.5427900552749634 -3.295835494995117 386
7361 1024 0.5451301336288452 -3.29586124420166 839
7362 1024 0.5465599298477173 -3.2959704399108887 58
7363 1024 0.5431499481201172 -3.2959985733032227 777
7364 1024 0.5430498719215393 -3.2960000038146973 536
7365 1024 0.5420799851417542 -3.2960407733917236 867
7366 1024 0.5454399585723877 -3.296052932739258 289
7367 1024 0.5441398620605469 -3.2960667610168457 801
7368 1024 0.5441399812698364 -3.2962281703948975 272
7369 1024 0.5445500612258911 -3.2963128089904785 910
7370 1024 0.5414999723434448 -3.2963619232177734 381
7371 1024 0.540570080280304 -3.2964892387390137 908
7372 1024 0.5430601239204407 -3.2965221405029297 110
7373 1024 0.542669951915741 -3.296572208404541 175
7374 1024 0.5405398607254028 -3.2965970039367676 902
7375 1024 0.5392599105834961 -3.2966270446777344 438
7376 1024 0.5394399762153625 -3.2967286109924316 507
7377 1024 0.5428999066352844 -3.2967429161071777 957
7378 1024 0.5369499921798706 -3.296764373779297 975
7379 1024 0.5389999151229858 -3.2969088554382324 972
7380 1024 0.5360898375511169 -3.2969484329223633 528
7381 1024 0.5421198606491089 -3.296962261199951 636
7382 1024 0.5363499522209167 -3.2970149517059326 167
7383 1024 0.5406599640846252 -3.2970285415649414 12
7384 1024 0.5396199226379395 -3.2970504760742188 958
7385 1024 0.540410041809082 -3.2971701622009277 446
7386 1024 0.5375999808311462 -3.297222137451172 646
7387 1024 0.5433800220489502 -3.2972912788391113 563
7388 1024 0.5394200682640076 -3.297313928604126 348
7389 1024 0.5384398698806763 -3.2974369525909424 443
7390 1024 0.5375701189041138 -3.297494411468506 476
7391 1024 0.5392200946807861 -3.2976598739624023 602
7392 1024 0.5408200621604919 -3.297698497772217 608
7393 1024 0.5379800796508789 -3.2977781295776367 495
7394 1024 0.5409600138664246 -3.297882556915283 717
7395 1024 0.5398999452590942 -3.297884941101074 446
7396 1024 0.5361199975013733 -3.2980237007141113 784
7397 1024 0.5384998917579651 -3.298035144805908 798
7398 1024 0.535319983959198 -3.2980737686157227 614
7399 1024 0.5368601083755493 -3.298130989074707 869
7400 1024 0.5361599922180176 -3.298175096511841 531
7401 1024 0.5340501070022583 -3.2982940673828125 1013
7402 1024 0.536069929599762 -3.298340320587158 523
7403 1024 0.5340799689292908 -3.2983741760253906 328
7404 1024 0.5341800451278687 -3.2984585762023926 893
7405 1024 0.5357999801635742 -3.2986085414886475 315
7406 1024 0.5348199605941772 -3.298658609390259 804
7407 1024 0.5304598212242126 -3.298750162124634 171
7408 1024 0.533609926700592 -3.298926830291748 675
7409 1024 0.5345398783683777 -3.298936128616333 731
7410 1024 0.5329799652099609 -3.2989819049835205 246
7411 1024 0.533270001411438 -3.2990851402282715 181
7412 1024 0.5345399975776672 -3.299386739730835 1015
7413 1024 0.5308299660682678 -3.2993874549865723 928
7414 1024 0.5299800634384155 -3.2994308471679688 474
7415 1024 0.531749963760376 -3.2996413707733154 452
7416 1024 0.5266798734664917 -3.299694299697876 792
7417 1024 0.53152996301651 -3.299800157546997 675
7418 1024 0.5287198424339294 -3.299811840057373 416
7419 1024 0.5277599692344666 -3.2998316287994385 1020
7420 1024 0.5286999344825745 -3.2998385429382324 659
7421 1024 0.5314300060272217 -3.299929141998291 746
7422 1024 0.5283499360084534 -3.300008773803711 864
7423 1024 0.5316201448440552 -3.3000411987304688 737
7424 1024 0.5292099714279175 -3.3000855445861816 102
7425 1024 0.5256098508834839 -3.3001227378845215 556
7426 1024 0.5320300459861755 -3.3001232147216797 533
7427 1024 0.528219997882843 -3.3001506328582764 831
7428 1024 0.5289599299430847 -3.300173759460449 399
7429 1024 0.5293999910354614 -3.300201416015625 955
7430 1024 0.527720034122467 -3.300230026245117 3
7431 1024 0.5281099677085876 -3.30025577545166 439
7432 1024 0.5311797857284546 -3.300355911254883 414
7433 1024 0.526159942150116 -3.300382137298584 249
7434 1024 0.5265599489212036 -3.3004465103149414 707
7435 1024 0.5278099179267883 -3.300501823425293 1023
7436 1024 0.5275500416755676 -3.3006339073181152 303
7437 1024 0.525679886341095 -3.300687074661255 816
7438 1024 0.5238198637962341 -3.300692558288574 983
7439 1024 0.5289499759674072 -3.300704002380371 772
7440 1024 0.5296100378036499 -3.300891399383545 1014
7441 1024 0.5258100032806396 -3.300928831100464 87
7442 1024 0.5233100056648254 -3.3009681701660156 187
7443 1024 0.5225400328636169 -3.3010644912719727 873
7444 1024 0.5265299677848816 -3.301222801208496 189
7445 1024 0.5227001309394836 -3.3012263774871826 654
7446 1024 0.5229501128196716 -3.3012521266937256 980
7447 1024 0.5245400667190552 -3.30127215385437 998
7448 1024 0.5223497748374939 -3.3015050888061523 681
7449 1024 0.5254400968551636 -3.3015074729919434 629
7450 1024 0.5239399671554565 -3.3016304969787598 569
7451 1024 0.5215499401092529 -3.3016369342803955 295
7452 1024 0.522429883480072 -3.301659107208252 300
7453 1024 0.5224300026893616 -3.30171275138855 911
7454 1024 0.5243601202964783 -3.301748514175415 695
7455 1024 0.5234599709510803 -3.3017830848693848 272
7456 1024 0.5230299234390259 -3.301823139190674 814
7457 1024 0.5213499069213867 -3.3019700050354004 140
7458 1024 0.5214199423789978 -3.3020286560058594 861
7459 1024 0.5225099921226501 -3.3020660877227783 162
7460 1024 0.5158100128173828 -3.3020668029785156 1012
7461 1024 0.5188199281692505 -3.3020925521850586 914
7462 1024 0.5173000693321228 -3.3021397590637207 583
7463 1024 0.5217198729515076 -3.302246570587158 160
7464 1024 0.5219600200653076 -3.3022549152374268 638
7465 1024 0.5206798911094666 -3.3022632598876953 573
7466 1024 0.5214899182319641 -3.3023009300231934 1009
7467 1024 0.5191299915313721 -3.302330493927002 588
7468 1024 0.5177100300788879 -3.3023722171783447 731
7469 1024 0.5196098685264587 -3.3023862838745117 761
7470 1024 0.5202898383140564 -3.302436351776123 928
7471 1024 0.5222700238227844 -3.3024373054504395 541
7472 1024 0.5174799561500549 -3.3025009632110596 450
7473 1024 0.5181099772453308 -3.302520990371704 585
7474 1024 0.5189399719238281 -3.302546977996826 753
7475 1024 0.5204299092292786 -3.302591323852539 684
7476 1024 0.520039975643158 -3.3026514053344727 834
7477 1024 0.5155300498008728 -3.3026576042175293 989
7478 1024 0.5180100798606873 -3.302689790725708 89
7479 1024 0.5201500058174133 -3.3027076721191406 446
7480 1024 0.521060049533844 -3.302733898162842 637
7481 1024 0.5182702541351318 -3.3028042316436768 548
7482 1024 0.5141300559043884 -3.302825450897217 26
7483 1024 0.5186499953269958 -3.302891492843628 566
7484 1024 0.5175999402999878 -3.302903175354004 850
7485 1024 0.5195899605751038 -3.3029401302337646 691
7486 1024 0.5186300277709961 -3.3029472827911377 291
7487 1024 0.5213700532913208 -3.302978038787842 197
7488 1024 0.5209599733352661 -3.3030457496643066 302
7489 1024 0.5156898498535156 -3.3030614852905273 833
7490 1024 0.5175500512123108 -3.3030714988708496 114
7491 1024 0.5169499516487122 -3.3030874729156494 707
7492 1024 0.5173400640487671 -3.303149700164795 798
7493 1024 0.5172898769378662 -3.303175926208496 891
7494 1024 0.5151498913764954 -3.303176164627075 104
7495 1024 0.5156899690628052 -3.3032937049865723 832
7496 1024 0.5165499448776245 -3.303399085998535 518
7497 1024 0.5151299834251404 -3.3034605979919434 124
7498 1024 0.5146499276161194 -3.3035359382629395 255
7499 1024 0.5150599479675293 -3.303701162338257 915
7500 1024 0.5181399583816528 -3.3037285804748535 264
7501 1024 0.5127099752426147 -3.3037426471710205 479
7502 1024 0.5132099390029907 -3.303762674331665 18
7503 1024 0.5109999179840088 -3.3038198947906494 779
7504 1024 0.5143699645996094 -3.303823947906494 710
7505 1024 0.5110201239585876 -3.3038277626037598 720
7506 1024 0.516499936580658 -3.3040544986724854 834
7507 1024 0.5149400234222412 -3.3040642738342285 134
7508 1024 0.5146899819374084 -3.3043594360351562 292
7509 1024 0.513480007648468 -3.3044819831848145 272
7510 1024 0.5098900198936462 -3.304502010345459 236
7511 1024 0.5086700320243835 -3.3045566082000732 408
7512 1024 0.5107199549674988 -3.3045568466186523 684
7513 1024 0.5131399631500244 -3.304598808288574 594
7514 1024 0.5092499256134033 -3.304603099822998 461
7515 1024 0.5089600086212158 -3.304645299911499 142
7516 1024 0.50652015209198 -3.3046696186065674 842
7517 1024 0.5103902220726013 -3.304739475250244 652
7518 1024 0.5073400735855103 -3.3047938346862793 316
7519 1024 0.5097199082374573 -3.304807662963867 298
7520 1024 0.5092599987983704 -3.3048083782196045 979
7521 1024 0.5101699829101562 -3.304816961288452 899
7522 1024 0.5105300545692444 -3.3048362731933594 226
7523 1024 0.50972980260849 -3.3049445152282715 157
7524 1024 0.513489842414856 -3.3050100803375244 266
7525 1024 0.5103499293327332 -3.3050103187561035 74
7526 1024 0.5081400871276855 -3.3050589561462402 943
7527 1024 0.5080100297927856 -3.305065870285034 678
7528 1024 0.5109500885009766 -3.305115222930908 154
7529 1024 0.5078699588775635 -3.3051486015319824 721
7530 1024 0.5080200433731079 -3.3051717281341553 578
7531 1024 0.5102099776268005 -3.305206775665283 152
7532 1024 0.5107799172401428 -3.305215358734131 355
7533 1024 0.5063601136207581 -3.305241584777832 602
7534 1024 0.5073798894882202 -3.305316925048828 860
7535 1024 0.5076799392700195 -3.3053476810455322 805
7536 1024 0.5032499432563782 -3.305391788482666 709
7537 1024 0.5081300139427185 -3.305403709411621 955
7538 1024 0.5034100413322449 -3.3054251670837402 697
7539 1024 0.5056799054145813 -3.305432081222534 517
7540 1024 0.5084400773048401 -3.305558681488037 780
7541 1024 0.5080899596214294 -3.3058385848999023 57
7542 1024 0.5056601166725159 -3.306048631668091 766
7543 1024 0.5035001039505005 -3.306201934814453 837
7544 1024 0.5039899349212646 -3.30621600151062 1009
7545 1024 0.5031799077987671 -3.3062973022460938 487
7546 1024 0.502549946308136 -3.306386947631836 827
7547 1024 0.504810094833374 -3.306461811065674 541
7548 1024 0.5052399039268494 -3.3064634799957275 416
7549 1024 0.502629816532135 -3.306490659713745 172
7550 1024 0.5005800127983093 -3.306492805480957 90
7551 1024 0.504300057888031 -3.3065185546875 952
7552 1024 0.49709001183509827 -3.3065271377563477 282
7553 1024 0.7406499981880188 -3.3065905570983887 1016
7554 1024 0.7398199439048767 -3.3066823482513428 838
7555 1024 0.740670382976532 -3.306828260421753 213
7556 1024 0.7363999485969543 -3.306844711303711 692
7557 1024 0.7410802841186523 -3.30684757232666 186
7558 1024 0.7381601333618164 -3.3068833351135254 728
7559 1024 0.736470103263855 -3.3069043159484863 208
7560 1024 0.7381399869918823 -3.3069472312927246 341
7561 1024 0.7403898239135742 -3.30698561668396 576
7562 1024 0.7424200177192688 -3.307011604309082 765
7563 1024 0.7420199513435364 -3.3070311546325684 111
7564 1024 0.740460216999054 -3.3070459365844727 1023
7565 1024 0.7400500178337097 -3.3070616722106934 263
7566 1024 0.7423502206802368 -3.3071155548095703 481
7567 1024 0.73499995470047 -3.3072402477264404 419
7568 1024 0.7401399612426758 -3.3072445392608643 337
7569 1024 0.7409000992774963 -3.3072853088378906 116
7570 1024 0.7384701371192932 -3.3073272705078125 833
7571 1024 0.7403398752212524 -3.3073461055755615 589
7572 1024 0.7360401749610901 -3.307361125946045 603
7573 1024 0.7348501682281494 -3.307435989379883 656
7574 1024 0.7364597916603088 -3.30745792388916 834
7575 1024 0.7393401861190796 -3.3075366020202637 522
7576 1024 0.7393399477005005 -3.3075613975524902 40
7577 1024 0.7388401031494141 -3.307666540145874 823
7578 1024 0.7397698760032654 -3.3076930046081543 139
7579 1024 0.7372599840164185 -3.3077194690704346 223
7580 1024 0.7363000512123108 -3.3077406883239746 729
7581 1024 0.7387200593948364 -3.3078088760375977 95
7582 1024 0.7342401742935181 -3.3078341484069824 844
7583 1024 0.7389400601387024 -3.3078651428222656 160
7584 1024 0.7356998920440674 -3.3079311847686768 372
7585 1024 0.7398297786712646 -3.307974100112915 775
7586 1024 0.7396200895309448 -3.308030605316162 543
7587 1024 0.7397399544715881 -3.3080313205718994 155
7588 1024 0.7368900179862976 -3.308131694793701 607
7589 1024 0.7393900156021118 -3.3081560134887695 813
7590 1024 0.733780026435852 -3.308212995529175 961
7591 1024 0.7341802716255188 -3.3083102703094482 849
7592 1024 0.7382700443267822 -3.3083367347717285 325
7593 1024 0.7358599901199341 -3.3083391189575195 919
7594 1024 0.7374200820922852 -3.308391809463501 838
7595 1024 0.7360901236534119 -3.3084774017333984 435
7596 1024 0.7337499260902405 -3.3085083961486816 975
7597 1024 0.7392702102661133 -3.308633804321289 222
7598 1024 0.7369900941848755 -3.3086681365966797 141
7599 1024 0.7374200224876404 -3.308692216873169 561
7600 1024 0.739349901676178 -3.308790683746338 43
7601 1024 0.7344200015068054 -3.308802366256714 939
7602 1024 0.7332699298858643 -3.3088207244873047 801
7603 1024 0.7334499955177307 -3.308879852294922 96
7604 1024 0.7358199954032898 -3.3088912963867188 551
7605 1024 0.7352200746536255 -3.308915376663208 287
7606 1024 0.7349298596382141 -3.308959484100342 917
7607 1024 0.7329800128936768 -3.309006690979004 760
7608 1024 0.736990213394165 -3.3090124130249023 711
7609 1024 0.7309401035308838 -3.3091156482696533 770
7610 1024 0.731160044670105 -3.3091492652893066 543
7611 1024 0.7332799434661865 -3.3091657161712646 902
7612 1024 0.7340799570083618 -3.309243679046631 328
7613 1024 0.7358700633049011 -3.309264659881592 429
7614 1024 0.7351698875427246 -3.3092901706695557 774
7615 1024 0.7331598997116089 -3.309296131134033 233
7616 1024 0.7335701584815979 -3.3093302249908447 989
7617 1024 0.7338001728057861 -3.3093760013580322 290
7618 1024 0.7347399592399597 -3.309394598007202 331
7619 1024 0.7348801493644714 -3.3095169067382812 497
7620 1024 0.7377499938011169 -3.309576988220215 334
7621 1024 0.7327701449394226 -3.3095788955688477 122
7622 1024 0.7323600053787231 -3.3097922801971436 201
7623 1024 0.73170006275177 -3.309965133666992 773
7624 1024 0.7313597202301025 -3.310027599334717 597
7625 1024 0.7343200445175171 -3.310030460357666 456
7626 1024 0.7334699034690857 -3.3100838661193848 872
7627 1024 0.7333199977874756 -3.3100857734680176 359
7628 1024 0.7335202097892761 -3.310204029083252 186
7629 1024 0.7325201034545898 -3.310206413269043 63
7630 1024 0.7355697751045227 -3.3103599548339844 302
7631 1024 0.7278099060058594 -3.3103787899017334 161
7632 1024 0.7298600673675537 -3.310436248779297 391
7633 1024 0.7293497920036316 -3.310549736022949 45
7634 1024 0.7325600385665894 -3.3105521202087402 384
7635 1024 0.7269499897956848 -3.310560464859009 882
7636 1024 0.7289499640464783 -3.310588836669922 936
7637 1024 0.7262800335884094 -3.3106091022491455 966
7638 1024 0.7327900528907776 -3.3106377124786377 381
7639 1024 0.7287901043891907 -3.3106977939605713 526
7640 1024 0.7293499708175659 -3.310728073120117 309
7641 1024 0.7282100319862366 -3.3107399940490723 569
7642 1024 0.7280400395393372 -3.3107786178588867 434
7643 1024 0.7298097610473633 -3.310790538787842 382
7644 1024 0.727820098400116 -3.3108887672424316 175
7645 1024 0.7246400117874146 -3.310900926589966 449
7646 1024 0.7275200486183167 -3.310915231704712 933
7647 1024 0.7318400144577026 -3.310953140258789 550
7648 1024 0.7293400168418884 -3.310983657836914 504
7649 1024 0.7287300825119019 -3.3110194206237793 826
7650 1024 0.7271801829338074 -3.3110413551330566 434
7651 1024 0.7292999625205994 -3.3110783100128174 116
7652 1024 0.7277200818061829 -3.311103343963623 464
7653 1024 0.7291799187660217 -3.311108350753784 69
7654 1024 0.7266598343849182 -3.3112335205078125 193
7655 1024 0.7290998697280884 -3.3113255500793457 670
7656 1024 0.7260898351669312 -3.3113551139831543 278
7657 1024 0.729430079460144 -3.3114614486694336 816
7658 1024 0.7269900441169739 -3.3114795684814453 310
7659 1024 0.726300060749054 -3.3114845752716064 794
7660 1024 0.7303799986839294 -3.311521053314209 740
7661 1024 0.7207701802253723 -3.3115503787994385 971
7662 1024 0.7275099158287048 -3.311605453491211 600
7663 1024 0.7270999550819397 -3.3116090297698975 227
7664 1024 0.7260501980781555 -3.3116588592529297 179
7665 1024 0.7248502969741821 -3.31174373626709 615
7666 1024 0.7246901392936707 -3.3118300437927246 325
7667 1024 0.7268002033233643 -3.311830997467041 731
7668 1024 0.7266501188278198 -3.3118650913238525 215
7669 1024 0.721839964389801 -3.3118879795074463 724
7670 1024 0.7278099060058594 -3.3119301795959473 775
7671 1024 0.7214499711990356 -3.3119988441467285 461
7672 1024 0.72614985704422 -3.3120079040527344 156
7673 1024 0.7240999341011047 -3.3120689392089844 588
7674 1024 0.7242699861526489 -3.3121085166931152 417
7675 1024 0.7256300449371338 -3.3122005462646484 165
7676 1024 0.7246198058128357 -3.312356472015381 997
7677 1024 0.7229102253913879 -3.312391519546509 3
7678 1024 0.7251299023628235 -3.312403678894043 15
7679 1024 0.7241700291633606 -3.312410831451416 485
7680 1024 0.7248401641845703 -3.312464714050293 209
7681 1024 0.7218499779701233 -3.3124985694885254 597
7682 1024 0.7259601950645447 -3.3125715255737305 418
7683 1024 0.7262601256370544 -3.3125901222229004 273
7684 1024 0.7240500450134277 -3.3126301765441895 331
7685 1024 0.7232899069786072 -3.312650203704834 501
7686 1024 0.7260001301765442 -3.3126964569091797 412
7687 1024 0.7257299423217773 -3.312714099884033 683
7688 1024 0.7224600315093994 -3.3127660751342773 217
7689 1024 0.7235699892044067 -3.3128795623779297 552
7690 1024 0.7252200245857239 -3.3129193782806396 324
7691 1024 0.7257099747657776 -3.3129563331604004 358
7692 1024 0.7229302525520325 -3.3129723072052 880
7693 1024 0.7237001657485962 -3.312979221343994 862
7694 1024 0.7208899259567261 -3.312983989715576 990
7695 1024 0.7227600812911987 -3.313052177429199 982
7696 1024 0.7214600443840027 -3.313070774078369 150
7697 1024 0.7202900052070618 -3.3131275177001953 553
7698 1024 0.7238600850105286 -3.3133134841918945 249
7699 1024 0.7211900353431702 -3.313338279724121 919
7700 1024 0.7213801145553589 -3.3133492469787598 101
7701 1024 0.7190702557563782 -3.3133528232574463 519
7702 1024 0.7230300903320312 -3.3133578300476074 985
7703 1024 0.7198601961135864 -3.313474178314209 644
7704 1024 0.7217400670051575 -3.313560962677002 587
7705 1024 0.721439778804779 -3.313565731048584 20
7706 1024 0.7217400670051575 -3.3135805130004883 245
7707 1024 0.7187399864196777 -3.3135859966278076 785
7708 1024 0.722589910030365 -3.313603162765503 990
7709 1024 0.7155600786209106 -3.31361722946167 328
7710 1024 0.7189800143241882 -3.313656806945801 17
7711 1024 0.7185800671577454 -3.3136587142944336 228
7712 1024 0.7196600437164307 -3.313671112060547 969
7713 1024 0.720099925994873 -3.313676357269287 276
7714 1024 0.7215799689292908 -3.3137307167053223 760
7715 1024 0.7178601026535034 -3.3137645721435547 72
7716 1024 0.7246801853179932 -3.3138020038604736 939
7717 1024 0.7183701395988464 -3.3138294219970703 722
7718 1024 0.7169301509857178 -3.3138575553894043 443
7719 1024 0.7198500037193298 -3.3138864040374756 997
7720 1024 0.720300018787384 -3.313948154449463 603
7721 1024 0.7199399471282959 -3.3139824867248535 116
7722 1024 0.7173701524734497 -3.3140039443969727 871
7723 1024 0.7195000052452087 -3.314023971557617 319
7724 1024 0.7220699787139893 -3.3140244483947754 382
7725 1024 0.7200899124145508 -3.314056634902954 506
7726 1024 0.7198901772499084 -3.3140809535980225 356
7727 1024 0.7184099555015564 -3.314126968383789 558
7728 1024 0.7170401811599731 -3.314138412475586 911
7729 1024 0.7184402942657471 -3.314166784286499 753
7730 1024 0.718670129776001 -3.3141696453094482 499
7731 1024 0.7207498550415039 -3.314213752746582 17
7732 1024 0.7223400473594666 -3.314225196838379 563
7733 1024 0.7175200581550598 -3.3142268657684326 321
7734 1024 0.7221099734306335 -3.314229726791382 474
7735 1024 0.7176299691200256 -3.3143177032470703 984
7736 1024 0.7195098996162415 -3.314342737197876 84
7737 1024 0.7165102362632751 -3.314378499984741 769
7738 1024 0.7180401682853699 -3.3144917488098145 776
7739 1024 0.7170801162719727 -3.314493179321289 15
7740 1024 0.7180700302124023 -3.314509868621826 86
7741 1024 0.7137500643730164 -3.3145129680633545 988
7742 1024 0.7136203050613403 -3.3145809173583984 595
7743 1024 0.7162699103355408 -3.314602851867676 303
7744 1024 0.7209901213645935 -3.314646005630493 124
7745 1024 0.7150202989578247 -3.314805030822754 235
7746 1024 0.7154000401496887 -3.3148293495178223 176
7747 1024 0.7160099148750305 -3.3148393630981445 532
7748 1024 0.7144500017166138 -3.3148691654205322 918
7749 1024 0.7151100635528564 -3.314879894256592 941
7750 1024 0.7163999676704407 -3.314927816390991 677
7751 1024 0.7183498740196228 -3.3150107860565186 371
7752 1024 0.7140101194381714 -3.315127372741699 426
7753 1024 0.7145100235939026 -3.315135955810547 1007
7754 1024 0.7188500761985779 -3.315173625946045 282
7755 1024 0.7160601019859314 -3.315208911895752 17
7756 1024 0.7156898975372314 -3.3153040409088135 11
7757 1024 0.7162401676177979 -3.315305471420288 275
7758 1024 0.7162200808525085 -3.315321207046509 324
7759 1024 0.715330183506012 -3.315368413925171 54
7760 1024 0.7117301225662231 -3.315387010574341 732
7761 1024 0.7135900855064392 -3.3155250549316406 388
7762 1024 0.7164700627326965 -3.3155412673950195 835
7763 1024 0.7135001420974731 -3.315558433532715 370
7764 1024 0.7130200862884521 -3.315573215484619 748
7765 1024 0.7149301171302795 -3.3155746459960938 640
7766 1024 0.7122300267219543 -3.3155956268310547 994
7767 1024 0.7134198546409607 -3.315605640411377 810
7768 1024 0.7148200273513794 -3.3156490325927734 649
7769 1024 0.7137099504470825 -3.315720558166504 837
7770 1024 0.7110700607299805 -3.315746307373047 458
7771 1024 0.7168100476264954 -3.3157618045806885 652
7772 1024 0.711929976940155 -3.315765380859375 794
7773 1024 0.7162999510765076 -3.315769672393799 135
7774 1024 0.7122797966003418 -3.315786361694336 535
7775 1024 0.7123201489448547 -3.315803050994873 180
7776 1024 0.7135099768638611 -3.315969467163086 133
7777 1024 0.7117499113082886 -3.3159828186035156 801
7778 1024 0.7110400795936584 -3.315986394882202 721
7779 1024 0.7135401964187622 -3.3160595893859863 919
7780 1024 0.7146300077438354 -3.316067934036255 761
7781 1024 0.7119500041007996 -3.3160886764526367 139
7782 1024 0.7097901701927185 -3.3161253929138184 640
7783 1024 0.7145900726318359 -3.316132068634033 72
7784 1024 0.7132200598716736 -3.3161535263061523 408
7785 1024 0.7137401700019836 -3.3162221908569336 792
7786 1024 0.7083398103713989 -3.3162310123443604 690
7787 1024 0.7104500532150269 -3.31624698638916 984
7788 1024 0.7120999693870544 -3.316248893737793 942
7789 1024 0.7116900682449341 -3.3163113594055176 322
7790 1024 0.7123401761054993 -3.316314697265625 497
7791 1024 0.7106903195381165 -3.316319704055786 970
7792 1024 0.7109799981117249 -3.3163297176361084 70
7793 1024 0.710590124130249 -3.316359043121338 381
7794 1024 0.7094500660896301 -3.3163743019104004 765
7795 1024 0.7103798985481262 -3.3164024353027344 907
7796 1024 0.7090498805046082 -3.316411018371582 169
7797 1024 0.708899974822998 -3.3164687156677246 257
7798 1024 0.710129976272583 -3.3164873123168945 551
7799 1024 0.712860107421875 -3.316567897796631 399
7800 1024 0.7109500765800476 -3.316612720489502 936
7801 1024 0.7083801031112671 -3.31661319732666 809
7802 1024 0.7078402042388916 -3.316627264022827 562
7803 1024 0.7117900848388672 -3.3166286945343018 38
7804 1024 0.7096301317214966 -3.316640853881836 81
7805 1024 0.7123699188232422 -3.3166515827178955 463
7806 1024 0.7094399929046631 -3.316685199737549 931
7807 1024 0.7095097899436951 -3.3167614936828613 862
7808 1024 0.708829939365387 -3.3167788982391357 107
7809 1024 0.7105000019073486 -3.316803455352783 180
7810 1024 0.7100198268890381 -3.3168387413024902 887
7811 1024 0.7110798954963684 -3.316866159439087 650
7812 1024 0.7096301913261414 -3.316922664642334 640
7813 1024 0.7076500654220581 -3.3170807361602783 895
7814 1024 0.7055800557136536 -3.3170864582061768 936
7815 1024 0.7103700041770935 -3.3170881271362305 348
7816 1024 0.7059102654457092 -3.3171794414520264 955
7817 1024 0.7051900029182434 -3.3171963691711426 68
7818 1024 0.7079800963401794 -3.3172173500061035 66
7819 1024 0.7105600833892822 -3.317225217819214 7
7820 1024 0.7082101106643677 -3.317225456237793 518
7821 1024 0.7064102292060852 -3.31728458404541 876
7822 1024 0.7096201181411743 -3.3173141479492188 621
7823 1024 0.7122699618339539 -3.3173747062683105 770
7824 1024 0.709320068359375 -3.3174612522125244 486
7825 1024 0.7083001732826233 -3.317488670349121 999
7826 1024 0.7060198783874512 -3.317538261413574 700
7827 1024 0.7090800404548645 -3.317547082901001 734
7828 1024 0.7095299363136292 -3.317601442337036 30
7829 1024 0.7073899507522583 -3.3176469802856445 632
7830 1024 0.7090400457382202 -3.317781925201416 753
7831 1024 0.7070497870445251 -3.3178646564483643 615
7832 1024 0.7041899561882019 -3.317899227142334 242
7833 1024 0.7076399326324463 -3.31791615486145 479
7834 1024 0.7057602405548096 -3.317939281463623 989
7835 1024 0.7055100798606873 -3.3179519176483154 702
7836 1024 0.7022101283073425 -3.317983388900757 855
7837 1024 0.7057400941848755 -3.3179919719696045 402
7838 1024 0.7032201290130615 -3.317995548248291 60
7839 1024 0.7044802904129028 -3.318004846572876 132
7840 1024 0.7040902376174927 -3.318024158477783 589
7841 1024 0.7062801122665405 -3.3180246353149414 1018
7842 1024 0.7054103016853333 -3.318113327026367 48
7843 1024 0.70632004737854 -3.318115234375 674
7844 1024 0.7063800692558289 -3.318145751953125 577
7845 1024 0.7048901319503784 -3.3183867931365967 990
7846 1024 0.7056900858879089 -3.3183884620666504 810
7847 1024 0.7053300142288208 -3.3184003829956055 684
7848 1024 0.7012999653816223 -3.3184118270874023 994
7849 1024 0.7039699554443359 -3.3184127807617188 541
7850 1024 0.7034203410148621 -3.318425416946411 10
7851 1024 0.7041500210762024 -3.318448305130005 768
7852 1024 0.7028200626373291 -3.318451404571533 769
7853 1024 0.7009800672531128 -3.3184661865234375 196
7854 1024 0.7032699584960938 -3.3184738159179688 639
7855 1024 0.7020501494407654 -3.3184781074523926 635
7856 1024 0.7053300142288208 -3.3185081481933594 751
7857 1024 0.7043400406837463 -3.3185598850250244 288
7858 1024 0.7032402157783508 -3.3185653686523438 654
7859 1024 0.7045900821685791 -3.318577289581299 307
7860 1024 0.7003201246261597 -3.3185906410217285 858
7861 1024 0.7054800391197205 -3.318629264831543 16
7862 1024 0.7015198469161987 -3.3186306953430176 144
7863 1024 0.7030399441719055 -3.3187003135681152 466
7864 1024 0.7064501047134399 -3.3187031745910645 757
7865 1024 0.7019201517105103 -3.318704605102539 694
7866 1024 0.703630268573761 -3.3187875747680664 837
7867 1024 0.7024199366569519 -3.31882381439209 858
7868 1024 0.7038901448249817 -3.318876266479492 430
7869 1024 0.701210081577301 -3.318894386291504 267
7870 1024 0.7000200748443604 -3.3189711570739746 355
7871 1024 0.7022501230239868 -3.3189783096313477 588
7872 1024 0.7008698582649231 -3.318991184234619 7
7873 1024 0.698870062828064 -3.318997621536255 127
7874 1024 0.700360119342804 -3.3190054893493652 2
7875 1024 0.6990302205085754 -3.3190131187438965 49
7876 1024 0.7012901306152344 -3.319063663482666 752
7877 1024 0.7022402882575989 -3.3190736770629883 979
7878 1024 0.7011800408363342 -3.3190956115722656 672
7879 1024 0.7025098204612732 -3.3191070556640625 154
7880 1024 0.702019989490509 -3.3191099166870117 193
7881 1024 0.7005400061607361 -3.319180488586426 55
7882 1024 0.7015999555587769 -3.3191933631896973 740
7883 1024 0.7000100612640381 -3.3191964626312256 404
7884 1024 0.7068200707435608 -3.3192567825317383 637
7885 1024 0.7050200700759888 -3.319322347640991 430
7886 1024 0.7009501457214355 -3.319326877593994 569
7887 1024 0.7008201479911804 -3.319338798522949 274
7888 1024 0.7011200785636902 -3.319349527359009 265
7889 1024 0.6955199837684631 -3.3194010257720947 670
7890 1024 0.6997900009155273 -3.319424629211426 181
7891 1024 0.6995400190353394 -3.3194475173950195 465
7892 1024 0.6986201405525208 -3.319453239440918 950
7893 1024 0.7001299858093262 -3.3194539546966553 725
7894 1024 0.7004801630973816 -3.319455146789551 192
7895 1024 0.698310136795044 -3.3195199966430664 389
7896 1024 0.7019599676132202 -3.3195390701293945 404
7897 1024 0.6972699761390686 -3.3195924758911133 364
7898 1024 0.6974200010299683 -3.319615602493286 763
7899 1024 0.7030700445175171 -3.319629192352295 809
7900 1024 0.7018800377845764 -3.3196396827697754 704
7901 1024 0.7016499638557434 -3.31965708732605 664
7902 1024 0.6989800930023193 -3.3196778297424316 774
7903 1024 0.7010599970817566 -3.3197364807128906 691
7904 1024 0.7010098099708557 -3.3198351860046387 481
7905 1024 0.6975701451301575 -3.3199217319488525 684
7906 1024 0.7000100612640381 -3.3199234008789062 315
7907 1024 0.6973900198936462 -3.320049285888672 400
7908 1024 0.7010000944137573 -3.3200697898864746 759
7909 1024 0.6990601420402527 -3.320096969604492 883
7910 1024 0.6964302062988281 -3.3201823234558105 645
7911 1024 0.7009901404380798 -3.320199966430664 152
7912 1024 0.7010399699211121 -3.320211410522461 330
7913 1024 0.6948201060295105 -3.32025146484375 560
7914 1024 0.6944699883460999 -3.3202621936798096 633
7915 1024 0.695050060749054 -3.320270538330078 350
7916 1024 0.6970300078392029 -3.320277690887451 1017
7917 1024 0.6959500908851624 -3.3203463554382324 918
7918 1024 0.6924100518226624 -3.3204023838043213 23
7919 1024 0.6943201422691345 -3.3204195499420166 179
7920 1024 0.7002201080322266 -3.3205041885375977 283
7921 1024 0.692870020866394 -3.320507049560547 896
7922 1024 0.6948800683021545 -3.3205196857452393 924
7923 1024 0.6922799348831177 -3.3205370903015137 902
7924 1024 0.6987900137901306 -3.3206005096435547 739
7925 1024 0.6954401731491089 -3.3206820487976074 16
7926 1024 0.6920599937438965 -3.3207502365112305 773
7927 1024 0.6892298460006714 -3.320765495300293 109
7928 1024 0.6949299573898315 -3.3207693099975586 81
7929 1024 0.6957599520683289 -3.3207898139953613 904
7930 1024 0.6952000856399536 -3.3208184242248535 724
7931 1024 0.6966502070426941 -3.320857048034668 617
7932 1024 0.6954700350761414 -3.320927619934082 1018
7933 1024 0.6989399790763855 -3.3209571838378906 168
7934 1024 0.6950700283050537 -3.320988893508911 129
7935 1024 0.6963499784469604 -3.3210132122039795 178
7936 1024 0.6935600638389587 -3.3210415840148926 1010
7937 1024 0.6946699619293213 -3.3210692405700684 800
7938 1024 0.6961899995803833 -3.3211112022399902 589
7939 1024 0.6933398246765137 -3.321126937866211 301
7940 1024 0.6926801204681396 -3.321187973022461 255
7941 1024 0.6932300925254822 -3.321214199066162 33
7942 1024 0.6885300874710083 -3.321221351623535 175
7943 1024 0.6921000480651855 -3.321268081665039 265
7944 1024 0.6916002035140991 -3.321298599243164 169
7945 1024 0.6941201090812683 -3.321310520172119 199
7946 1024 0.6915199756622314 -3.3213319778442383 964
7947 1024 0.6932001113891602 -3.321333885192871 386
7948 1024 0.6986901164054871 -3.3213424682617188 477
7949 1024 0.6910700798034668 -3.321342945098877 122
7950 1024 0.6941601634025574 -3.3213696479797363 191
7951 1024 0.6944701075553894 -3.3214073181152344 292
7952 1024 0.6859598159790039 -3.321495294570923 1018
7953 1024 0.6889400482177734 -3.3215482234954834 212
7954 1024 0.6878201365470886 -3.3216071128845215 784
7955 1024 0.6950600147247314 -3.321636199951172 204
7956 1024 0.6934201121330261 -3.3216500282287598 511
7957 1024 0.6885300874710083 -3.3216640949249268 721
7958 1024 0.6883600354194641 -3.321687698364258 1013
7959 1024 0.6922999620437622 -3.321711540222168 430
7960 1024 0.6880000829696655 -3.3217148780822754 248
7961 1024 0.6936101317405701 -3.321728229522705 890
7962 1024 0.6886900663375854 -3.3217520713806152 320
7963 1024 0.6907799243927002 -3.32185697555542 616
7964 1024 0.6878701448440552 -3.3218650817871094 877
7965 1024 0.6886803507804871 -3.321871757507324 179
7966 1024 0.6915700435638428 -3.3218817710876465 59
7967 1024 0.6919800639152527 -3.3219101428985596 122
7968 1024 0.6912201642990112 -3.3219194412231445 573
7969 1024 0.6862799525260925 -3.321932315826416 245
7970 1024 0.6925899982452393 -3.321934223175049 91
7971 1024 0.6887499690055847 -3.321941614151001 266
7972 1024 0.6900801658630371 -3.322028160095215 184
7973 1024 0.6898902058601379 -3.3221068382263184 970
7974 1024 0.6876599788665771 -3.322108745574951 327
7975 1024 0.6888101100921631 -3.322113513946533 329
7976 1024 0.6913700103759766 -3.322129726409912 941
7977 1024 0.6884400248527527 -3.3221311569213867 981
7978 1024 0.6889700293540955 -3.322136163711548 431
7979 1024 0.6888101696968079 -3.3221654891967773 996
7980 1024 0.6887902617454529 -3.322185516357422 778
7981 1024 0.6863400340080261 -3.3222603797912598 180
7982 1024 0.6912002563476562 -3.3223321437835693 870
7983 1024 0.6887600421905518 -3.3223695755004883 47
7984 1024 0.6833899617195129 -3.3223752975463867 600
7985 1024 0.6856501698493958 -3.3224759101867676 607
7986 1024 0.6832200288772583 -3.3225560188293457 990
7987 1024 0.6903899908065796 -3.322612762451172 120
7988 1024 0.6824300289154053 -3.322645664215088 141
7989 1024 0.6848700642585754 -3.3226754665374756 824
7990 1024 0.6853499412536621 -3.322798252105713 235
7991 1024 0.6879501938819885 -3.322859764099121 49
7992 1024 0.6855601072311401 -3.3228728771209717 682
7993 1024 0.6884300112724304 -3.322906970977783 127
7994 1024 0.6843698620796204 -3.32291841506958 79
7995 1024 0.6843101382255554 -3.3229315280914307 803
7996 1024 0.6863501071929932 -3.3230133056640625 997
7997 1024 0.6857201457023621 -3.323025941848755 93
7998 1024 0.6834600567817688 -3.3230295181274414 823
7999 1024 0.6843799948692322 -3.3230843544006348 669
8000 1024 0.6855800747871399 -3.3231403827667236 304
8001 1024 0.6855199933052063 -3.3231821060180664 282
8002 1024 0.6871898770332336 -3.3232216835021973 883
8003 1024 0.6837900876998901 -3.323234796524048 453
8004 1024 0.6846899390220642 -3.323248863220215 886
8005 1024 0.6794900298118591 -3.3233284950256348 880
8006 1024 0.6849598288536072 -3.323340654373169 917
8007 1024 0.6832598447799683 -3.3234264850616455 95
8008 1024 0.6868199706077576 -3.323427200317383 285
8009 1024 0.6862300634384155 -3.323455810546875 85
8010 1024 0.6838101148605347 -3.3234729766845703 349
8011 1024 0.6810900568962097 -3.323507308959961 837
8012 1024 0.6845300793647766 -3.3235554695129395 433
8013 1024 0.6797699332237244 -3.3235952854156494 610
8014 1024 0.6830801963806152 -3.323610305786133 557
8015 1024 0.6805099844932556 -3.3236374855041504 795
8016 1024 0.6821399331092834 -3.323652744293213 781
8017 1024 0.685309886932373 -3.3236732482910156 143
8018 1024 0.6812801361083984 -3.3236756324768066 76
8019 1024 0.6838700175285339 -3.3237297534942627 735
8020 1024 0.6784799695014954 -3.3237483501434326 181
8021 1024 0.6818700432777405 -3.32374906539917 970
8022 1024 0.6812600493431091 -3.32376766204834 609
8023 1024 0.6805000305175781 -3.3237791061401367 195
8024 1024 0.6808400750160217 -3.323829174041748 83
8025 1024 0.6806899905204773 -3.323868751525879 970
8026 1024 0.681050181388855 -3.3238942623138428 806
8027 1024 0.6798497438430786 -3.323915719985962 463
8028 1024 0.6808000802993774 -3.323917865753174 15
8029 1024 0.6797600388526917 -3.3239901065826416 737
8030 1024 0.6792899370193481 -3.32401442527771 975
8031 1024 0.6796000599861145 -3.3240599632263184 66
8032 1024 0.6823599934577942 -3.324066638946533 90
8033 1024 0.680040180683136 -3.324068069458008 560
8034 1024 0.6749499440193176 -3.3240885734558105 352
8035 1024 0.6782600283622742 -3.324093818664551 675
8036 1024 0.6787999868392944 -3.3241045475006104 101
8037 1024 0.6815298795700073 -3.324131488800049 411
8038 1024 0.6829099059104919 -3.324164628982544 625
8039 1024 0.6795498728752136 -3.324164867401123 507
8040 1024 0.6820900440216064 -3.3242218494415283 777
8041 1024 0.6754902005195618 -3.3243489265441895 400
8042 1024 0.6813201904296875 -3.324403762817383 828
8043 1024 0.6759600043296814 -3.3244857788085938 417
8044 1024 0.6769698262214661 -3.3245015144348145 826
8045 1024 0.6813398599624634 -3.3245677947998047 522
8046 1024 0.6726200580596924 -3.3245794773101807 813
8047 1024 0.6793298721313477 -3.3245811462402344 24
8048 1024 0.6775900721549988 -3.324582576751709 181
8049 1024 0.677219808101654 -3.324589490890503 967
8050 1024 0.6737701296806335 -3.3246231079101562 579
8051 1024 0.6780600547790527 -3.3246467113494873 885
8052 1024 0.6764000058174133 -3.324681043624878 455
8053 1024 0.678100049495697 -3.324693202972412 114
8054 1024 0.6737499237060547 -3.3247196674346924 570
8055 1024 0.6744999289512634 -3.324723243713379 483
8056 1024 0.677590012550354 -3.3247339725494385 937
8057 1024 0.6756200790405273 -3.3247461318969727 1022
8058 1024 0.680310070514679 -3.3247742652893066 869
8059 1024 0.6788100004196167 -3.3247756958007812 646
8060 1024 0.6780998706817627 -3.324782609939575 332
8061 1024 0.6733600497245789 -3.3247828483581543 470
8062 1024 0.6757698655128479 -3.3248515129089355 415
8063 1024 0.6757799983024597 -3.3248705863952637 933
8064 1024 0.6767699122428894 -3.3248744010925293 311
8065 1024 0.6745900511741638 -3.324920177459717 326
8066 1024 0.6759300231933594 -3.3249471187591553 402
8067 1024 0.6763100028038025 -3.3250114917755127 137
8068 1024 0.6718700528144836 -3.325021743774414 795
8069 1024 0.6751000285148621 -3.3250644207000732 220
8070 1024 0.6746499538421631 -3.3251287937164307 683
8071 1024 0.6744000911712646 -3.325145959854126 650
8072 1024 0.6758699417114258 -3.325164556503296 462
8073 1024 0.6734001040458679 -3.3251986503601074 1003
8074 1024 0.6736301183700562 -3.325317859649658 120
8075 1024 0.6736099720001221 -3.325329065322876 360
8076 1024 0.6694599986076355 -3.3253297805786133 713
8077 1024 0.6728101372718811 -3.3253517150878906 614
8078 1024 0.6734499335289001 -3.3253731727600098 217
8079 1024 0.675649881362915 -3.325417995452881 884
8080 1024 0.6735799908638 -3.325456142425537 423
8081 1024 0.6722801327705383 -3.3254647254943848 842
8082 1024 0.6705700755119324 -3.3254919052124023 252
8083 1024 0.6743499040603638 -3.3255138397216797 841
8084 1024 0.6745200157165527 -3.3255414962768555 783
8085 1024 0.6743901968002319 -3.3255677223205566 438
8086 1024 0.6751800179481506 -3.3255951404571533 279
8087 1024 0.6723299026489258 -3.3255972862243652 174
8088 1024 0.670940101146698 -3.3256421089172363 381
8089 1024 0.6712900400161743 -3.3256425857543945 1000
8090 1024 0.6726698875427246 -3.325669527053833 70
8091 1024 0.6692500114440918 -3.325683116912842 735
8092 1024 0.671180009841919 -3.325697898864746 520
8093 1024 0.669689953327179 -3.325746774673462 533
8094 1024 0.6704598069190979 -3.32576847076416 30
8095 1024 0.6714299917221069 -3.3257951736450195 404
8096 1024 0.6701900362968445 -3.3258039951324463 923
8097 1024 0.6729099750518799 -3.325817584991455 448
8098 1024 0.6691898703575134 -3.3259029388427734 260
8099 1024 0.6691099405288696 -3.325911283493042 736
8100 1024 0.6697301268577576 -3.325911521911621 830
8101 1024 0.6715399622917175 -3.325914144515991 765
8102 1024 0.6733798980712891 -3.3259506225585938 916
8103 1024 0.6727998852729797 -3.325960636138916 558
8104 1024 0.6728700399398804 -3.325965642929077 228
8105 1024 0.6717501878738403 -3.3260936737060547 98
8106 1024 0.6721901297569275 -3.3260974884033203 830
8107 1024 0.6694101691246033 -3.32612943649292 691
8108 1024 0.670440137386322 -3.3261358737945557 101
8109 1024 0.6681299209594727 -3.326150894165039 415
8110 1024 0.6696398854255676 -3.3261687755584717 661
8111 1024 0.6698398590087891 -3.3261916637420654 923
8112 1024 0.668709933757782 -3.3262417316436768 171
8113 1024 0.6670898795127869 -3.3262476921081543 894
8114 1024 0.6708700656890869 -3.326270341873169 934
8115 1024 0.6714600324630737 -3.326354742050171 972
8116 1024 0.6718900203704834 -3.3263626098632812 104
8117 1024 0.6681900024414062 -3.3263847827911377 103
8118 1024 0.6694700717926025 -3.326422691345215 613
8119 1024 0.6634296774864197 -3.3264245986938477 568
8120 1024 0.6685699224472046 -3.326429843902588 398
8121 1024 0.6664597988128662 -3.3264331817626953 90
8122 1024 0.6686797738075256 -3.326449394226074 993
8123 1024 0.6655699610710144 -3.326497793197632 882
8124 1024 0.6643800139427185 -3.3265509605407715 983
8125 1024 0.6686599850654602 -3.326559066772461 903
8126 1024 0.6692500114440918 -3.326591968536377 646
8127 1024 0.6675699353218079 -3.326603651046753 996
8128 1024 0.6643600463867188 -3.3266165256500244 683
8129 1024 0.6717798709869385 -3.3266172409057617 587
8130 1024 0.6693798899650574 -3.326618194580078 504
8131 1024 0.6707298755645752 -3.326639175415039 734
8132 1024 0.669140100479126 -3.3266611099243164 688
8133 1024 0.6665999293327332 -3.3266701698303223 573
8134 1024 0.6682300567626953 -3.3266725540161133 555
8135 1024 0.6642801761627197 -3.3267009258270264 66
8136 1024 0.667759895324707 -3.3267054557800293 1012
8137 1024 0.6690800189971924 -3.326707363128662 745
8138 1024 0.6617900729179382 -3.3267312049865723 1022
8139 1024 0.6617198586463928 -3.3267321586608887 540
8140 1024 0.6664799451828003 -3.3267364501953125 934
8141 1024 0.6660400032997131 -3.326748847961426 953
8142 1024 0.6676998734474182 -3.3267569541931152 308
8143 1024 0.66798996925354 -3.3267955780029297 616
8144 1024 0.6574999094009399 -3.326803207397461 189
8145 1024 0.6672198176383972 -3.3268282413482666 194
8146 1024 0.663569986820221 -3.326836109161377 117
8147 1024 0.6678400039672852 -3.326857089996338 229
8148 1024 0.6667299270629883 -3.3268682956695557 895
8149 1024 0.6658300161361694 -3.3269712924957275 341
8150 1024 0.6648698449134827 -3.3269777297973633 323
8151 1024 0.6618398427963257 -3.3269786834716797 716
8152 1024 0.6638198494911194 -3.3269829750061035 153
8153 1024 0.6626301407814026 -3.327024459838867 722
8154 1024 0.6640099287033081 -3.327030658721924 522
8155 1024 0.6602797508239746 -3.327031373977661 436
8156 1024 0.6633299589157104 -3.32706356048584 461
8157 1024 0.6639401316642761 -3.3270654678344727 717
8158 1024 0.6650201082229614 -3.32711124420166 707
8159 1024 0.6651901006698608 -3.327136993408203 285
8160 1024 0.6642599105834961 -3.327195644378662 460
8161 1024 0.6646499633789062 -3.3272743225097656 252
8162 1024 0.661659836769104 -3.3273143768310547 348
8163 1024 0.6626698970794678 -3.3273391723632812 435
8164 1024 0.6601499915122986 -3.327354907989502 649
8165 1024 0.6629999876022339 -3.3273720741271973 399
8166 1024 0.6627600193023682 -3.327390193939209 214
8167 1024 0.6625600457191467 -3.3273987770080566 699
8168 1024 0.6623499989509583 -3.327399730682373 915
8169 1024 0.6582399606704712 -3.327408790588379 1006
8170 1024 0.662839949131012 -3.327439785003662 819
8171 1024 0.6642999649047852 -3.3274447917938232 920
8172 1024 0.6642797589302063 -3.3274664878845215 70
8173 1024 0.6624799370765686 -3.327540397644043 913
8174 1024 0.6591799259185791 -3.3275580406188965 829
8175 1024 0.6578498482704163 -3.327558994293213 81
8176 1024 0.6636699438095093 -3.327641487121582 470
8177 1024 0.661199688911438 -3.327646255493164 11
8178 1024 0.6604900360107422 -3.3276848793029785 340
8179 1024 0.6614298820495605 -3.3278403282165527 278
8180 1024 0.6590999364852905 -3.3278796672821045 962
8181 1024 0.6578699350357056 -3.327888011932373 155
8182 1024 0.6600699424743652 -3.3278889656066895 929
8183 1024 0.6570999622344971 -3.3279004096984863 137
8184 1024 0.6613698601722717 -3.3279311656951904 284
8185 1024 0.6625400185585022 -3.3279829025268555 968
8186 1024 0.6598700284957886 -3.327986240386963 474
8187 1024 0.657559871673584 -3.328012466430664 476
8188 1024 0.6600202322006226 -3.328037738800049 583
8189 1024 0.6572898626327515 -3.3280482292175293 854
8190 1024 0.6553399562835693 -3.3280858993530273 514
8191 1024 0.6555600762367249 -3.3281235694885254 510
8192 1024 0.6580398678779602 -3.3281288146972656 216
8193 1024 0.6579800248146057 -3.3281383514404297 172
8194 1024 0.6562900543212891 -3.328139305114746 301
8195 1024 0.6591799259185791 -3.3281450271606445 548
8196 1024 0.6584100127220154 -3.3281593322753906 386
8197 1024 0.658099889755249 -3.3282203674316406 656
8198 1024 0.6578000783920288 -3.3282241821289062 382
8199 1024 0.6570000052452087 -3.3283047676086426 206
8200 1024 0.6562999486923218 -3.3283066749572754 221
8201 1024 0.656760036945343 -3.3283088207244873 372
8202 1024 0.656489908695221 -3.328329086303711 436
8203 1024 0.6567898988723755 -3.328341484069824 441
8204 1024 0.6566398739814758 -3.3283960819244385 903
8205 1024 0.6587200164794922 -3.32843017578125 907
8206 1024 0.6571099758148193 -3.3284976482391357 284
8207 1024 0.6588799357414246 -3.328502655029297 427
8208 1024 0.6536598205566406 -3.3285062313079834 341
8209 1024 0.6559800505638123 -3.32852840423584 379
8210 1024 0.656999945640564 -3.3285512924194336 518
8211 1024 0.6564498543739319 -3.3285534381866455 131
8212 1024 0.6543297171592712 -3.328554153442383 256
8213 1024 0.6546999216079712 -3.328599452972412 490
8214 1024 0.655069887638092 -3.3285999298095703 609
8215 1024 0.6575401425361633 -3.3286314010620117 722
8216 1024 0.656719982624054 -3.328639507293701 835
8217 1024 0.6531399488449097 -3.3286547660827637 368
8218 1024 0.6551300883293152 -3.3287558555603027 530
8219 1024 0.6573799848556519 -3.328779458999634 149
8220 1024 0.6559298038482666 -3.3287978172302246 16
8221 1024 0.6535500288009644 -3.328835964202881 401
8222 1024 0.6506697535514832 -3.328899383544922 619
8223 1024 0.6535799503326416 -3.328967571258545 764
8224 1024 0.6582797765731812 -3.328996181488037 900
8225 1024 0.6507399082183838 -3.3289990425109863 294
8226 1024 0.6531699299812317 -3.3290252685546875 435
8227 1024 0.6522999405860901 -3.3290324211120605 485
8228 1024 0.653469979763031 -3.329044818878174 205
8229 1024 0.6534799933433533 -3.3290634155273438 285
8230 1024 0.6501799821853638 -3.329119920730591 322
8231 1024 0.6511200666427612 -3.329153060913086 372
8232 1024 0.6537498235702515 -3.329211473464966 568
8233 1024 0.6496100425720215 -3.329232931137085 409
8234 1024 0.6498498916625977 -3.3292388916015625 47
8235 1024 0.6479499936103821 -3.32926082611084 858
8236 1024 0.6479099988937378 -3.3292629718780518 456
8237 1024 0.6510399580001831 -3.3292922973632812 988
8238 1024 0.6527299880981445 -3.3293323516845703 47
8239 1024 0.6493498682975769 -3.3293991088867188 147
8240 1024 0.6538699269294739 -3.3294358253479004 17
8241 1024 0.6479100584983826 -3.3294429779052734 307
8242 1024 0.6497601270675659 -3.3294496536254883 741
8243 1024 0.6523901224136353 -3.3294830322265625 533
8244 1024 0.6483699083328247 -3.329500436782837 912
8245 1024 0.6493499875068665 -3.3295390605926514 425
8246 1024 0.6498200297355652 -3.329559087753296 256
8247 1024 0.6492800116539001 -3.3295705318450928 318
8248 1024 0.6502699255943298 -3.329580783843994 147
8249 1024 0.6495099663734436 -3.3296022415161133 676
8250 1024 0.6523699760437012 -3.329653739929199 253
8251 1024 0.6502599120140076 -3.3296613693237305 243
8252 1024 0.6485299468040466 -3.3296749591827393 820
8253 1024 0.6513299942016602 -3.3296964168548584 942
8254 1024 0.6496000289916992 -3.329747200012207 603
8255 1024 0.649639904499054 -3.329782485961914 784
8256 1024 0.647429883480072 -3.329831123352051 944
8257 1024 0.6511499881744385 -3.3298537731170654 127
8258 1024 0.6473001837730408 -3.329908847808838 63
8259 1024 0.6493198871612549 -3.329916477203369 335
8260 1024 0.6465900540351868 -3.3299202919006348 678
8261 1024 0.6447601914405823 -3.3299224376678467 893
8262 1024 0.6443600058555603 -3.3299684524536133 591
8263 1024 0.6424498558044434 -3.3299689292907715 841
8264 1024 0.6468999981880188 -3.329995632171631 458
8265 1024 0.6490700244903564 -3.330000400543213 381
8266 1024 0.647379994392395 -3.3300182819366455 105
8267 1024 0.6473098397254944 -3.3300528526306152 3
8268 1024 0.6481301188468933 -3.3300669193267822 118
8269 1024 0.6457899808883667 -3.3301072120666504 345
8270 1024 0.645969808101654 -3.3301119804382324 186
8271 1024 0.6458399891853333 -3.3301212787628174 755
8272 1024 0.6477997303009033 -3.3301634788513184 214
8273 1024 0.6448700428009033 -3.330207347869873 314
8274 1024 0.6456400156021118 -3.3302102088928223 999
8275 1024 0.6464499235153198 -3.330216884613037 622
8276 1024 0.642279863357544 -3.330233573913574 930
8277 1024 0.6441100239753723 -3.3302431106567383 861
8278 1024 0.6491798162460327 -3.3302741050720215 697
8279 1024 0.6450600028038025 -3.3302793502807617 564
8280 1024 0.6419999003410339 -3.330349922180176 421
8281 1024 0.6396898627281189 -3.330418825149536 765
8282 1024 0.6421001553535461 -3.3304452896118164 152
8283 1024 0.6397900581359863 -3.3304691314697266 664
8284 1024 0.6432300209999084 -3.330486297607422 579
8285 1024 0.6422899961471558 -3.3304989337921143 652
8286 1024 0.6406899094581604 -3.33050537109375 859
8287 1024 0.6411100625991821 -3.3305130004882812 188
8288 1024 0.6434099674224854 -3.3305273056030273 629
8289 1024 0.6453699469566345 -3.3305704593658447 951
8290 1024 0.6414699554443359 -3.3305740356445312 298
8291 1024 0.6440799832344055 -3.330584764480591 564
8292 1024 0.6427299380302429 -3.3305931091308594 22
8293 1024 0.6436898112297058 -3.3306193351745605 699
8294 1024 0.6408599019050598 -3.3306291103363037 735
8295 1024 0.6430500745773315 -3.3306519985198975 961
8296 1024 0.6430398225784302 -3.3306593894958496 697
8297 1024 0.6434099674224854 -3.330702066421509 844
8298 1024 0.6404499411582947 -3.3307693004608154 245
8299 1024 0.6447999477386475 -3.330803871154785 340
8300 1024 0.6402400135993958 -3.3308236598968506 930
8301 1024 0.6424899101257324 -3.3308305740356445 120
8302 1024 0.6407898664474487 -3.3308393955230713 383
8303 1024 0.6387401223182678 -3.3308451175689697 859
8304 1024 0.6426799893379211 -3.3309226036071777 794
8305 1024 0.6394899487495422 -3.330928087234497 365
8306 1024 0.6414000391960144 -3.330928325653076 556
8307 1024 0.6385700106620789 -3.3310117721557617 928
8308 1024 0.6435800790786743 -3.331026077270508 516
8309 1024 0.639959990978241 -3.3310608863830566 804
8310 1024 0.6426399350166321 -3.3311400413513184 195
8311 1024 0.6349697113037109 -3.331162691116333 501
8312 1024 0.6364299058914185 -3.3311901092529297 659
8313 1024 0.6384300589561462 -3.3312020301818848 495
8314 1024 0.6397199034690857 -3.331214189529419 465
8315 1024 0.6374500393867493 -3.331216812133789 810
8316 1024 0.6394400000572205 -3.3312182426452637 200
8317 1024 0.636139988899231 -3.3312931060791016 645
8318 1024 0.6407798528671265 -3.331294059753418 331
8319 1024 0.6395700573921204 -3.3313486576080322 728
8320 1024 0.6383299231529236 -3.3313894271850586 597
8321 1024 0.638180136680603 -3.331390380859375 491
8322 1024 0.6344999074935913 -3.3314108848571777 711
8323 1024 0.6394599676132202 -3.331434726715088 459
8324 1024 0.632000207901001 -3.3315060138702393 135
8325 1024 0.6330800652503967 -3.331531524658203 162
8326 1024 0.6366000771522522 -3.3315353393554688 775
8327 1024 0.6335999369621277 -3.331596851348877 151
8328 1024 0.6335100531578064 -3.331608295440674 905
8329 1024 0.6386899352073669 -3.3316450119018555 810
8330 1024 0.6370300650596619 -3.331676959991455 446
8331 1024 0.633400022983551 -3.33168625831604 240
8332 1024 0.6368700265884399 -3.3317270278930664 922
8333 1024 0.6369500756263733 -3.331733465194702 1014
8334 1024 0.6343898773193359 -3.331744909286499 569
8335 1024 0.6343300938606262 -3.331747055053711 907
8336 1024 0.6355001330375671 -3.3317835330963135 155
8337 1024 0.634850025177002 -3.3318514823913574 463
8338 1024 0.634939968585968 -3.331864833831787 497
8339 1024 0.6357000470161438 -3.3319129943847656 270
8340 1024 0.632949948310852 -3.3319191932678223 69
8341 1024 0.6339199542999268 -3.3319594860076904 928
8342 1024 0.6333601474761963 -3.3319995403289795 632
8343 1024 0.6380200982093811 -3.3320207595825195 969
8344 1024 0.6311900615692139 -3.332024097442627 218
8345 1024 0.6299697756767273 -3.332030773162842 912
8346 1024 0.634630024433136 -3.3320393562316895 435
8347 1024 0.632159948348999 -3.3320436477661133 746
8348 1024 0.632659912109375 -3.332066059112549 166
8349 1024 0.6339698433876038 -3.3321776390075684 150
8350 1024 0.6288700103759766 -3.3321995735168457 556
8351 1024 0.6268800497055054 -3.332231044769287 466
8352 1024 0.6296899914741516 -3.3322372436523438 363
8353 1024 0.6316699385643005 -3.332273006439209 905
8354 1024 0.6321500539779663 -3.3322911262512207 238
8355 1024 0.6301199793815613 -3.3322970867156982 211
8356 1024 0.6290600895881653 -3.3323171138763428 583
8357 1024 0.6251198649406433 -3.3323535919189453 298
8358 1024 0.6288299560546875 -3.3323707580566406 958
8359 1024 0.6278899908065796 -3.3324315547943115 614
8360 1024 0.6322300434112549 -3.3324356079101562 464
8361 1024 0.6325399875640869 -3.3324403762817383 519
8362 1024 0.6302497982978821 -3.3324716091156006 752
8363 1024 0.6268400549888611 -3.33247447013855 873
8364 1024 0.6301300525665283 -3.332475185394287 305
8365 1024 0.6292499899864197 -3.3324947357177734 749
8366 1024 0.6335098743438721 -3.33258318901062 300
8367 1024 0.6279599666595459 -3.3326268196105957 484
8368 1024 0.627549946308136 -3.332641839981079 829
8369 1024 0.6306800246238708 -3.332667589187622 1020
8370 1024 0.6284399628639221 -3.3327527046203613 822
8371 1024 0.6260600686073303 -3.332770347595215 904
8372 1024 0.6244699954986572 -3.332810401916504 642
8373 1024 0.6267499923706055 -3.332824945449829 213
8374 1024 0.6265600323677063 -3.332831859588623 787
8375 1024 0.6268500685691833 -3.3328499794006348 157
8376 1024 0.6214999556541443 -3.332850933074951 644
8377 1024 0.6244601011276245 -3.3328514099121094 133
8378 1024 0.6267199516296387 -3.3328664302825928 379
8379 1024 0.6214998960494995 -3.3328793048858643 485
8380 1024 0.6272299289703369 -3.3329005241394043 572
8381 1024 0.6266000270843506 -3.3329553604125977 695
8382 1024 0.6266498565673828 -3.333010673522949 770
8383 1024 0.6228801608085632 -3.333012104034424 199
8384 1024 0.6246600151062012 -3.3330259323120117 184
8385 1024 0.6267898678779602 -3.333066940307617 519
8386 1024 0.6234800219535828 -3.3330724239349365 247
8387 1024 0.6251999735832214 -3.333082675933838 936
8388 1024 0.6234099268913269 -3.3330907821655273 195
8389 1024 0.6248899102210999 -3.333179473876953 963
8390 1024 0.6228099465370178 -3.3331828117370605 73
8391 1024 0.6263300776481628 -3.333184003829956 404
8392 1024 0.6213998794555664 -3.3331985473632812 970
8393 1024 0.6252799034118652 -3.333228349685669 271
8394 1024 0.6242299675941467 -3.333232879638672 703
8395 1024 0.6249401569366455 -3.3332386016845703 816
8396 1024 0.6232300996780396 -3.333244800567627 576
8397 1024 0.6246499419212341 -3.333246946334839 292
8398 1024 0.6254998445510864 -3.333253860473633 1009
8399 1024 0.6220200061798096 -3.333261489868164 699
8400 1024 0.624019980430603 -3.3332676887512207 849
8401 1024 0.625809907913208 -3.3333191871643066 62
8402 1024 0.6230900287628174 -3.3333513736724854 479
8403 1024 0.6219198703765869 -3.3333892822265625 1016
8404 1024 0.6231199502944946 -3.3334286212921143 118
8405 1024 0.6174599528312683 -3.3334314823150635 753
8406 1024 0.6235600113868713 -3.333441734313965 494
8407 1024 0.6212999820709229 -3.333514451980591 897
8408 1024 0.6200698614120483 -3.3335423469543457 939
8409 1024 0.6209501028060913 -3.3335514068603516 190
8410 1024 0.62298983335495 -3.333570957183838 855
8411 1024 0.6190099120140076 -3.3335752487182617 928
8412 1024 0.6194000244140625 -3.333594799041748 205
8413 1024 0.6233000755310059 -3.333601474761963 683
8414 1024 0.6239400506019592 -3.3336188793182373 755
8415 1024 0.6183000802993774 -3.333632469177246 304
8416 1024 0.6200699806213379 -3.3336639404296875 475
8417 1024 0.6222599744796753 -3.3336668014526367 460
8418 1024 0.6206200122833252 -3.333691120147705 163
8419 1024 0.6189000010490417 -3.33371639251709 178
8420 1024 0.6228101253509521 -3.3337268829345703 476
8421 1024 0.6199100613594055 -3.333735466003418 262
8422 1024 0.6187700033187866 -3.333740472793579 720
8423 1024 0.6183200478553772 -3.3337578773498535 511
8424 1024 0.6187300086021423 -3.3338027000427246 135
8425 1024 0.6167799830436707 -3.3338048458099365 792
8426 1024 0.6195299625396729 -3.333812713623047 841
8427 1024 0.6172298789024353 -3.333829879760742 503
8428 1024 0.618520200252533 -3.3338570594787598 378
8429 1024 0.6181201338768005 -3.3338804244995117 253
8430 1024 0.6182400584220886 -3.3338866233825684 371
8431 1024 0.6191499829292297 -3.3338913917541504 880
8432 1024 0.6216400861740112 -3.3339436054229736 933
8433 1024 0.619979977607727 -3.3339648246765137 278
8434 1024 0.6150900721549988 -3.333977699279785 333
8435 1024 0.6188100576400757 -3.3339829444885254 367
8436 1024 0.6182801127433777 -3.3339991569519043 738
8437 1024 0.614300012588501 -3.334044933319092 450
8438 1024 0.6136899590492249 -3.3341050148010254 857
8439 1024 0.6166199445724487 -3.334157943725586 757
8440 1024 0.6189501881599426 -3.334164619445801 882
8441 1024 0.6134600639343262 -3.334205150604248 965
8442 1024 0.6172899603843689 -3.3342368602752686 3
8443 1024 0.6147100329399109 -3.334261417388916 864
8444 1024 0.6164501309394836 -3.3342719078063965 584
8445 1024 0.6152799725532532 -3.334291934967041 576
8446 1024 0.6153200268745422 -3.3343000411987305 76
8447 1024 0.6147698760032654 -3.334303379058838 996
8448 1024 0.6163600087165833 -3.334312677383423 224
8449 1024 0.6139901876449585 -3.3343214988708496 134
8450 1024 0.6156599521636963 -3.3343863487243652 538
8451 1024 0.6143900752067566 -3.3344199657440186 429
8452 1024 0.6109699606895447 -3.334427833557129 796
8453 1024 0.6158502101898193 -3.33443546295166 221
8454 1024 0.6131700873374939 -3.334439277648926 160
8455 1024 0.6131500601768494 -3.3344497680664062 336
8456 1024 0.6172001361846924 -3.3344626426696777 114
8457 1024 0.6149899959564209 -3.3344807624816895 587
8458 1024 0.6152500510215759 -3.3345203399658203 462
8459 1024 0.6127300262451172 -3.3345985412597656 812
8460 1024 0.6107701063156128 -3.3346152305603027 603
8461 1024 0.610010027885437 -3.3346667289733887 71
8462 1024 0.6108798980712891 -3.3346939086914062 245
8463 1024 0.61257004737854 -3.3347058296203613 804
8464 1024 0.6116400361061096 -3.334710121154785 854
8465 1024 0.6137100458145142 -3.3347418308258057 278
8466 1024 0.6101199984550476 -3.3348262310028076 201
8467 1024 0.6103200912475586 -3.334834575653076 7
8468 1024 0.6124599575996399 -3.334846019744873 220
8469 1024 0.6115599870681763 -3.334852695465088 756
8470 1024 0.6078900694847107 -3.334857940673828 396
8471 1024 0.6117101907730103 -3.3348703384399414 635
8472 1024 0.60944002866745 -3.33488130569458 671
8473 1024 0.6098399758338928 -3.3348875045776367 61
8474 1024 0.607990026473999 -3.334904193878174 895
8475 1024 0.6095200181007385 -3.3349242210388184 948
8476 1024 0.6082901358604431 -3.334930658340454 169
8477 1024 0.6090800166130066 -3.3349342346191406 803
8478 1024 0.6112099885940552 -3.334956645965576 276
8479 1024 0.6108599901199341 -3.3349661827087402 500
8480 1024 0.6083900332450867 -3.3349978923797607 591
8481 1024 0.6091001629829407 -3.3350181579589844 629
8482 1024 0.6100801229476929 -3.335026264190674 26
8483 1024 0.6078599691390991 -3.3351125717163086 1014
8484 1024 0.6055601239204407 -3.335114002227783 878
8485 1024 0.6080300807952881 -3.3351237773895264 738
8486 1024 0.6074599027633667 -3.3351306915283203 141
8487 1024 0.6102099418640137 -3.3351352214813232 662
8488 1024 0.6065801382064819 -3.3351387977600098 586
8489 1024 0.6111900210380554 -3.3351402282714844 612
8490 1024 0.6093700528144836 -3.3351495265960693 182
8491 1024 0.6051100492477417 -3.3351550102233887 271
8492 1024 0.607960045337677 -3.335165500640869 837
8493 1024 0.6078100800514221 -3.3351683616638184 981
8494 1024 0.6055800318717957 -3.3351709842681885 981
8495 1024 0.6077901721000671 -3.3351924419403076 525
8496 1024 0.6028800010681152 -3.3351988792419434 810
8497 1024 0.608739972114563 -3.335294246673584 762
8498 1024 0.6069199442863464 -3.3353052139282227 870
8499 1024 0.6052702069282532 -3.3353466987609863 874
8500 1024 0.6045899987220764 -3.335378408432007 36
8501 1024 0.6050099730491638 -3.3353826999664307 560
8502 1024 0.6031799912452698 -3.33540415763855 61
8503 1024 0.604080080986023 -3.3354127407073975 710
8504 1024 0.601120114326477 -3.3354384899139404 497
8505 1024 0.6095100045204163 -3.33544921875 845
8506 1024 0.6026700735092163 -3.3354899883270264 851
8507 1024 0.6053199768066406 -3.335521697998047 103
8508 1024 0.6006801724433899 -3.3355441093444824 924
8509 1024 0.6048699617385864 -3.33554744720459 701
8510 1024 0.6056599617004395 -3.3355557918548584 865
8511 1024 0.6017501354217529 -3.3355798721313477 932
8512 1024 0.603380024433136 -3.3356173038482666 511
8513 1024 0.6020401120185852 -3.335618734359741 431
8514 1024 0.6042699813842773 -3.3356685638427734 929
8515 1024 0.6035500764846802 -3.3356688022613525 762
8516 1024 0.6007700562477112 -3.3356828689575195 822
8517 1024 0.6073000431060791 -3.3357174396514893 634
8518 1024 0.6029599905014038 -3.335732936859131 208
8519 1024 0.601610004901886 -3.3357510566711426 764
8520 1024 0.6066899299621582 -3.3357601165771484 776
8521 1024 0.6030501127243042 -3.335782527923584 95
8522 1024 0.6011799573898315 -3.3358402252197266 385
8523 1024 0.6029701232910156 -3.33587908744812 773
8524 1024 0.6017098426818848 -3.3359107971191406 565
8525 1024 0.6026700139045715 -3.335932731628418 710
8526 1024 0.5984300374984741 -3.3359856605529785 315
8527 1024 0.6009101867675781 -3.335994243621826 1005
8528 1024 0.5985601544380188 -3.336033582687378 296
8529 1024 0.5988801717758179 -3.336097240447998 315
8530 1024 0.5979400873184204 -3.3361029624938965 94
8531 1024 0.5999599695205688 -3.3361122608184814 276
8532 1024 0.5958699584007263 -3.336132287979126 568
8533 1024 0.6016601920127869 -3.3361339569091797 73
8534 1024 0.5985600352287292 -3.3361458778381348 493
8535 1024 0.5982500910758972 -3.3361706733703613 533
8536 1024 0.5998201966285706 -3.3362064361572266 801
8537 1024 0.5987699627876282 -3.3362224102020264 954
8538 1024 0.5979299545288086 -3.3362252712249756 806
8539 1024 0.5979301333427429 -3.336239814758301 223
8540 1024 0.5979401469230652 -3.336270809173584 138
8541 1024 0.5949199795722961 -3.336326837539673 271
8542 1024 0.5968400239944458 -3.3363394737243652 724
8543 1024 0.5975000858306885 -3.336350440979004 546
8544 1024 0.5975400805473328 -3.336359739303589 449
8545 1024 0.5966600775718689 -3.3363733291625977 498
8546 1024 0.5946600437164307 -3.3363869190216064 969
8547 1024 0.5966300964355469 -3.336390972137451 399
8548 1024 0.5975001454353333 -3.336395502090454 495
8549 1024 0.595220148563385 -3.3363986015319824 434
8550 1024 0.5948600172996521 -3.336404800415039 231
8551 1024 0.5993200540542603 -3.336413860321045 568
8552 1024 0.5953900814056396 -3.336459159851074 347
8553 1024 0.591990053653717 -3.3364639282226562 441
8554 1024 0.5936201214790344 -3.336465358734131 854
8555 1024 0.5965200066566467 -3.3365156650543213 349
8556 1024 0.5963100790977478 -3.336519718170166 861
8557 1024 0.5942201614379883 -3.3365371227264404 299
8558 1024 0.5942000150680542 -3.336561441421509 345
8559 1024 0.5960102081298828 -3.336582899093628 289
8560 1024 0.5966501235961914 -3.3366312980651855 84
8561 1024 0.5939301252365112 -3.3366358280181885 921
8562 1024 0.5938400030136108 -3.3366446495056152 750
8563 1024 0.5926499962806702 -3.3366518020629883 178
8564 1024 0.5952301025390625 -3.3366715908050537 701
8565 1024 0.5924099683761597 -3.336731433868408 115
8566 1024 0.5922099351882935 -3.336740255355835 544
8567 1024 0.5977301597595215 -3.3367486000061035 973
8568 1024 0.5933799743652344 -3.3367502689361572 467
8569 1024 0.5929701328277588 -3.336751937866211 650
8570 1024 0.5915000438690186 -3.3367717266082764 341
8571 1024 0.5940099954605103 -3.336775779724121 503
8572 1024 0.593160092830658 -3.336787700653076 125
8573 1024 0.5903400182723999 -3.336794376373291 588
8574 1024 0.5930299758911133 -3.3368144035339355 906
8575 1024 0.5930700898170471 -3.33681583404541 769
8576 1024 0.5901299118995667 -3.336819648742676 772
8577 1024 0.5900499820709229 -3.336833953857422 873
8578 1024 0.5906499624252319 -3.3368945121765137 10
8579 1024 0.591920018196106 -3.336897850036621 883
8580 1024 0.5926101207733154 -3.3369133472442627 50
8581 1024 0.5930399894714355 -3.336970806121826 1020
8582 1024 0.5885100960731506 -3.3369734287261963 548
8583 1024 0.5937801599502563 -3.337031841278076 869
8584 1024 0.59347003698349 -3.337034225463867 884
8585 1024 0.5914201140403748 -3.337075710296631 817
8586 1024 0.5918300747871399 -3.3370792865753174 506
8587 1024 0.5915098190307617 -3.337092161178589 261
8588 1024 0.5878600478172302 -3.337094306945801 998
8589 1024 0.5885502099990845 -3.3371009826660156 20
8590 1024 0.589660108089447 -3.337106466293335 921
8591 1024 0.5860501527786255 -3.337125062942505 514
8592 1024 0.5905099511146545 -3.337135076522827 291
8593 1024 0.5877999663352966 -3.337150812149048 535
8594 1024 0.5918298959732056 -3.337151527404785 881
8595 1024 0.5897600650787354 -3.337161064147949 780
8596 1024 0.5884301066398621 -3.3371663093566895 947
8597 1024 0.5884301066398621 -3.3371822834014893 873
8598 1024 0.589380145072937 -3.3371829986572266 165
8599 1024 0.5880900621414185 -3.337188720703125 162
8600 1024 0.5897201299667358 -3.3372068405151367 789
8601 1024 0.5889801383018494 -3.3372249603271484 404
8602 1024 0.5876201391220093 -3.3372268676757812 575
8603 1024 0.587920069694519 -3.3372323513031006 75
8604 1024 0.5870601534843445 -3.3372437953948975 524
8605 1024 0.5929701924324036 -3.3372581005096436 436
8606 1024 0.5880400538444519 -3.337278127670288 914
8607 1024 0.5885701775550842 -3.33729887008667 732
8608 1024 0.5859100818634033 -3.337364673614502 369
8609 1024 0.5868901014328003 -3.337388515472412 354
8610 1024 0.5872200131416321 -3.337401866912842 661
8611 1024 0.5838600397109985 -3.3374037742614746 178
8612 1024 0.5841099619865417 -3.337404251098633 127
8613 1024 0.5886101126670837 -3.3374814987182617 452
8614 1024 0.5884300470352173 -3.337484836578369 135
8615 1024 0.5872400999069214 -3.337489604949951 910
8616 1024 0.5879601240158081 -3.3374924659729004 578
8617 1024 0.5859600305557251 -3.3374991416931152 642
8618 1024 0.581339955329895 -3.337501049041748 187
8619 1024 0.5912498831748962 -3.337501287460327 827
8620 1024 0.589870035648346 -3.337519884109497 652
8621 1024 0.5838099718093872 -3.3375320434570312 995
8622 1024 0.5850400328636169 -3.3375356197357178 984
8623 1024 0.5831400752067566 -3.3375391960144043 1007
8624 1024 0.5887998938560486 -3.3375542163848877 559
8625 1024 0.5870901346206665 -3.337569236755371 525
8626 1024 0.5880699157714844 -3.337583065032959 918
8627 1024 0.5841301679611206 -3.3376035690307617 583
8628 1024 0.5819500684738159 -3.3376786708831787 721
8629 1024 0.5861899256706238 -3.337681770324707 814
8630 1024 0.5822600722312927 -3.3376832008361816 450
8631 1024 0.5832801461219788 -3.337740182876587 781
8632 1024 0.580440104007721 -3.337751865386963 573
8633 1024 0.5837699770927429 -3.337759494781494 613
8634 1024 0.5858401656150818 -3.337790012359619 578
8635 1024 0.5854600667953491 -3.337794542312622 536
8636 1024 0.5824700593948364 -3.3378052711486816 416
8637 1024 0.5805900692939758 -3.3378262519836426 874
8638 1024 0.5778099894523621 -3.3378303050994873 506
8639 1024 0.5790900588035583 -3.3378591537475586 80
8640 1024 0.5827001929283142 -3.337885856628418 783
8641 1024 0.5826000571250916 -3.33792781829834 111
8642 1024 0.5777000188827515 -3.337944984436035 137
8643 1024 0.5785301327705383 -3.3379697799682617 773
8644 1024 0.5835599899291992 -3.3380026817321777 668
8645 1024 0.5794000029563904 -3.3380370140075684 545
8646 1024 0.5838200449943542 -3.3380391597747803 923
8647 1024 0.5797700881958008 -3.3380446434020996 220
8648 1024 0.5785902142524719 -3.3380508422851562 177
8649 1024 0.5795502066612244 -3.3380722999572754 952
8650 1024 0.5821802020072937 -3.338102102279663 118
8651 1024 0.5770901441574097 -3.338118076324463 331
8652 1024 0.5791400074958801 -3.338128089904785 724
8653 1024 0.5798301100730896 -3.338141918182373 827
8654 1024 0.5811399817466736 -3.3381543159484863 507
8655 1024 0.5795301198959351 -3.3381564617156982 939
8656 1024 0.5793299674987793 -3.338163375854492 962
8657 1024 0.5795402526855469 -3.338167667388916 645
8658 1024 0.5817501544952393 -3.338167905807495 741
8659 1024 0.5776000618934631 -3.3381762504577637 184
8660 1024 0.5797800421714783 -3.338183641433716 460
8661 1024 0.5800701379776001 -3.3382110595703125 12
8662 1024 0.5790901184082031 -3.3382606506347656 155
8663 1024 0.5814200639724731 -3.3382630348205566 131
8664 1024 0.5754501223564148 -3.3382692337036133 4
8665 1024 0.5772001147270203 -3.338275194168091 531
8666 1024 0.5756000280380249 -3.3382816314697266 309
8667 1024 0.5756700038909912 -3.3382949829101562 931
8668 1024 0.5764500498771667 -3.3383023738861084 1012
8669 1024 0.5769401788711548 -3.338325023651123 574
8670 1024 0.5775500535964966 -3.338329553604126 996
8671 1024 0.5763002038002014 -3.3383309841156006 332
8672 1024 0.5796501636505127 -3.338334560394287 733
8673 1024 0.5767500400543213 -3.3383431434631348 514
8674 1024 0.5782699584960938 -3.338376045227051 248
8675 1024 0.5733001828193665 -3.338379383087158 743
8676 1024 0.5759700536727905 -3.338421106338501 79
8677 1024 0.5756900906562805 -3.338444709777832 923
8678 1024 0.5735200643539429 -3.3384768962860107 438
8679 1024 0.573430061340332 -3.338501453399658 196
8680 1024 0.5771899819374084 -3.3385024070739746 780
8681 1024 0.5770300626754761 -3.3385119438171387 437
8682 1024 0.5767900347709656 -3.3385298252105713 409
8683 1024 0.5693800449371338 -3.338531017303467 789
8684 1024 0.574550211429596 -3.338531255722046 159
8685 1024 0.5716500878334045 -3.3385469913482666 26
8686 1024 0.574470043182373 -3.3385629653930664 599
8687 1024 0.5749900341033936 -3.3385767936706543 285
8688 1024 0.5725402235984802 -3.338578462600708 22
8689 1024 0.5780700445175171 -3.3385839462280273 816
8690 1024 0.5740900635719299 -3.3385977745056152 1007
8691 1024 0.5718801617622375 -3.33859920501709 223
8692 1024 0.5736401081085205 -3.3386542797088623 237
8693 1024 0.5706900954246521 -3.3386614322662354 617
8694 1024 0.5717800855636597 -3.3386950492858887 329
8695 1024 0.5725001096725464 -3.338695764541626 581
8696 1024 0.5764500498771667 -3.3387131690979004 852
8697 1024 0.5726900100708008 -3.3387317657470703 735
8698 1024 0.5745900869369507 -3.3387346267700195 911
8699 1024 0.571570098400116 -3.338742256164551 244
8700 1024 0.5732601284980774 -3.3387551307678223 631
8701 1024 0.5718300342559814 -3.3387632369995117 246
8702 1024 0.5711400508880615 -3.338782787322998 206
8703 1024 0.5719000101089478 -3.3387889862060547 937
8704 1024 0.5715600848197937 -3.338797092437744 465
8705 1024 0.5665600299835205 -3.3388216495513916 478
8706 1024 0.5734699368476868 -3.3388266563415527 77
8707 1024 0.5726401209831238 -3.338827610015869 323
8708 1024 0.5700200796127319 -3.338838815689087 599
8709 1024 0.5711200833320618 -3.3388960361480713 550
8710 1024 0.5742801427841187 -3.3389174938201904 204
8711 1024 0.5703200697898865 -3.3389315605163574 479
8712 1024 0.5694500207901001 -3.3389618396759033 859
8713 1024 0.567020058631897 -3.338966131210327 604
8714 1024 0.5682501196861267 -3.339017391204834 38
8715 1024 0.5688100457191467 -3.339066505432129 448
8716 1024 0.5697000622749329 -3.3390820026397705 661
8717 1024 0.5649899840354919 -3.3390846252441406 97
8718 1024 0.5666701197624207 -3.3390865325927734 287
8719 1024 0.5661500692367554 -3.339089870452881 89
8720 1024 0.5670300126075745 -3.339090585708618 187
8721 1024 0.5675999522209167 -3.3390932083129883 330
8722 1024 0.5719900727272034 -3.3390934467315674 388
8723 1024 0.5704898834228516 -3.3391265869140625 772
8724 1024 0.567799985408783 -3.3391385078430176 684
8725 1024 0.5678600668907166 -3.339142084121704 343
8726 1024 0.5660700798034668 -3.339146137237549 369
8727 1024 0.5655800700187683 -3.3391480445861816 669
8728 1024 0.566860020160675 -3.339150905609131 812
8729 1024 0.564460039138794 -3.3391995429992676 897
8730 1024 0.5648499727249146 -3.339214324951172 211
8731 1024 0.5655600428581238 -3.3392293453216553 711
8732 1024 0.5663101077079773 -3.3392367362976074 966
8733 1024 0.5677700042724609 -3.339242458343506 753
8734 1024 0.5649598836898804 -3.3392696380615234 935
8735 1024 0.5636200308799744 -3.3393101692199707 164
8736 1024 0.566050112247467 -3.3393149375915527 466
8737 1024 0.5644600987434387 -3.339318037033081 252
8738 1024 0.5651900172233582 -3.339322328567505 982
8739 1024 0.5636100769042969 -3.3393373489379883 5
8740 1024 0.5634701251983643 -3.3393659591674805 567
8741 1024 0.5622798204421997 -3.339371681213379 11
8742 1024 0.563200056552887 -3.3393754959106445 664
8743 1024 0.5625799298286438 -3.339376449584961 169
8744 1024 0.5654700994491577 -3.33937931060791 960
8745 1024 0.5657200217247009 -3.339423894882202 442
8746 1024 0.565049946308136 -3.3394241333007812 603
8747 1024 0.5621200799942017 -3.339430332183838 51
8748 1024 0.564470112323761 -3.339442491531372 54
8749 1024 0.5660699605941772 -3.33945894241333 665
8750 1024 0.5646500587463379 -3.339465379714966 963
8751 1024 0.5604701638221741 -3.339493751525879 810
8752 1024 0.56166011095047 -3.339498281478882 828
8753 1024 0.5605400800704956 -3.3395156860351562 324
8754 1024 0.5649200677871704 -3.3395283222198486 76
8755 1024 0.5582099556922913 -3.3395397663116455 645
8756 1024 0.5646600723266602 -3.3395590782165527 221
8757 1024 0.5667999386787415 -3.339564323425293 690
8758 1024 0.5584501028060913 -3.339569568634033 775
8759 1024 0.5609700083732605 -3.339573860168457 283
8760 1024 0.5584201812744141 -3.3395962715148926 809
8761 1024 0.5629000663757324 -3.3396427631378174 909
8762 1024 0.5613498687744141 -3.3396527767181396 175
8763 1024 0.5624399185180664 -3.339667320251465 725
8764 1024 0.5601900815963745 -3.339682102203369 394
8765 1024 0.5621500611305237 -3.339702606201172 529
8766 1024 0.5600600242614746 -3.339712142944336 949
8767 1024 0.5618400573730469 -3.339712619781494 706
8768 1024 0.5589699149131775 -3.3397140502929688 75
8769 1024 0.5592998266220093 -3.3397254943847656 905
8770 1024 0.5583000183105469 -3.3397269248962402 622
8771 1024 0.5588099956512451 -3.3397607803344727 815
8772 1024 0.5568300485610962 -3.3398001194000244 563
8773 1024 0.5591301321983337 -3.3398056030273438 905
8774 1024 0.5597800612449646 -3.3398189544677734 631
8775 1024 0.5614099502563477 -3.339841365814209 1016
8776 1024 0.5598998665809631 -3.339843273162842 207
8777 1024 0.5580300688743591 -3.3398494720458984 274
8778 1024 0.5586599707603455 -3.3398704528808594 954
8779 1024 0.5557699799537659 -3.339878797531128 982
8780 1024 0.5566800236701965 -3.339921712875366 952
8781 1024 0.5636299252510071 -3.3399360179901123 741
8782 1024 0.5558600425720215 -3.3399434089660645 804
8783 1024 0.5579299330711365 -3.3399760723114014 745
8784 1024 0.5553401708602905 -3.339988946914673 982
8785 1024 0.5608200430870056 -3.3399946689605713 84
8786 1024 0.5571600794792175 -3.340039014816284 882
8787 1024 0.5530900359153748 -3.340047836303711 493
8788 1024 0.5565801858901978 -3.3400826454162598 584
8789 1024 0.554119884967804 -3.34009051322937 755
8790 1024 0.556369960308075 -3.3400983810424805 105
8791 1024 0.5542599558830261 -3.340127468109131 100
8792 1024 0.5523499846458435 -3.3401427268981934 359
8793 1024 0.5563599467277527 -3.340205192565918 452
8794 1024 0.5555999875068665 -3.3402607440948486 478
8795 1024 0.5528998970985413 -3.340270757675171 198
8796 1024 0.5511800050735474 -3.3402750492095947 491
8797 1024 0.5555800199508667 -3.3402907848358154 613
8798 1024 0.5521399974822998 -3.340299367904663 580
8799 1024 0.5525201559066772 -3.3403139114379883 166
8800 1024 0.5540500283241272 -3.3403263092041016 448
8801 1024 0.5533298850059509 -3.3403444290161133 175
8802 1024 0.5531501173973083 -3.3403587341308594 793
8803 1024 0.5512099862098694 -3.3403677940368652 73
8804 1024 0.5509200096130371 -3.340376377105713 851
8805 1024 0.5517398118972778 -3.3404078483581543 421
8806 1024 0.5516901016235352 -3.3404109477996826 826
8807 1024 0.5489298701286316 -3.34041166305542 1013
8808 1024 0.5524200797080994 -3.3404123783111572 668
8809 1024 0.5515100955963135 -3.340419292449951 188
8810 1024 0.5509500503540039 -3.34043550491333 350
8811 1024 0.5507400035858154 -3.340445041656494 430
8812 1024 0.547540009021759 -3.340453863143921 324
8813 1024 0.5475901365280151 -3.340487003326416 763
8814 1024 0.5486500263214111 -3.3405261039733887 786
8815 1024 0.5489999055862427 -3.340529441833496 964
8816 1024 0.5469399690628052 -3.3405303955078125 12
8817 1024 0.5501698851585388 -3.3405370712280273 588
8818 1024 0.5516900420188904 -3.340545415878296 984
8819 1024 0.5479199290275574 -3.3405468463897705 244
8820 1024 0.5518401265144348 -3.340548515319824 380
8821 1024 0.5510101318359375 -3.3405511379241943 363
8822 1024 0.5494899153709412 -3.3405539989471436 263
8823 1024 0.5492299199104309 -3.340569019317627 913
8824 1024 0.5493398308753967 -3.340588092803955 170
8825 1024 0.5491300225257874 -3.34061336517334 533
8826 1024 0.5491698980331421 -3.3406143188476562 6
8827 1024 0.549540102481842 -3.340623378753662 902
8828 1024 0.5510799884796143 -3.340634822845459 647
8829 1024 0.5473500490188599 -3.340655565261841 96
8830 1024 0.5521700382232666 -3.340656280517578 593
8831 1024 0.5492700934410095 -3.340693950653076 967
8832 1024 0.5484300255775452 -3.340709686279297 506
8833 1024 0.5455499291419983 -3.340752124786377 885
8834 1024 0.5474799871444702 -3.340782880783081 273
8835 1024 0.5471498966217041 -3.3408031463623047 694
8836 1024 0.544969916343689 -3.340820789337158 394
8837 1024 0.5455699563026428 -3.34084153175354 553
8838 1024 0.545009970664978 -3.340848445892334 916
8839 1024 0.5437899827957153 -3.3408493995666504 800
8840 1024 0.5456299185752869 -3.3408544063568115 953
8841 1024 0.5461298823356628 -3.34085750579834 642
8842 1024 0.5454300045967102 -3.3408660888671875 239
8843 1024 0.5455499887466431 -3.3408751487731934 1016
8844 1024 0.5449300408363342 -3.3408758640289307 241
8845 1024 0.5485400557518005 -3.340884208679199 362
8846 1024 0.5467601418495178 -3.340893030166626 452
8847 1024 0.5412699580192566 -3.34089732170105 185
8848 1024 0.5467000603675842 -3.3409061431884766 643
8849 1024 0.5461900234222412 -3.3409459590911865 34
8850 1024 0.5439500212669373 -3.3409509658813477 489
8851 1024 0.5447198748588562 -3.3409600257873535 256
8852 1024 0.5451700687408447 -3.3409767150878906 208
8853 1024 0.5433100461959839 -3.340991735458374 998
8854 1024 0.542509913444519 -3.3409924507141113 289
8855 1024 0.544279932975769 -3.3410181999206543 611
8856 1024 0.5441398620605469 -3.341038703918457 17
8857 1024 0.5456299185752869 -3.3410403728485107 643
8858 1024 0.5445600748062134 -3.3410463333129883 849
8859 1024 0.545509934425354 -3.3410561084747314 109
8860 1024 0.5420099496841431 -3.341059684753418 389
8861 1024 0.5374100208282471 -3.341094732284546 558
8862 1024 0.5416900515556335 -3.341179370880127 157
8863 1024 0.5440199375152588 -3.3411877155303955 98
8864 1024 0.5398500561714172 -3.341202735900879 364
8865 1024 0.5415198802947998 -3.341204881668091 748
8866 1024 0.5421798825263977 -3.341252326965332 736
8867 1024 0.5385000705718994 -3.3412606716156006 162
8868 1024 0.5412699580192566 -3.3412652015686035 412
8869 1024 0.5422699451446533 -3.341299295425415 182
8870 1024 0.542169988155365 -3.341301441192627 774
8871 1024 0.5400298833847046 -3.34130859375 848
8872 1024 0.5381898880004883 -3.341309070587158 541
8873 1024 0.5400599837303162 -3.3413093090057373 268
8874 1024 0.541459858417511 -3.3413820266723633 130
8875 1024 0.5384200811386108 -3.341383695602417 5
8876 1024 0.537929892539978 -3.341395854949951 950
8877 1024 0.5415399670600891 -3.3414077758789062 886
8878 1024 0.5355501174926758 -3.341414451599121 67
8879 1024 0.5363699793815613 -3.341444492340088 249
8880 1024 0.5390599966049194 -3.341446876525879 998
8881 1024 0.5359000563621521 -3.3414580821990967 398
8882 1024 0.5358001589775085 -3.341468334197998 165
8883 1024 0.5360497832298279 -3.3414764404296875 371
8884 1024 0.53656005859375 -3.3414807319641113 405
8885 1024 0.5349399447441101 -3.3414931297302246 963
8886 1024 0.5387201309204102 -3.3414969444274902 650
8887 1024 0.5397000908851624 -3.3415110111236572 243
8888 1024 0.5369200110435486 -3.341522693634033 596
8889 1024 0.5352599620819092 -3.341533899307251 680
8890 1024 0.5321800112724304 -3.3415350914001465 451
8891 1024 0.5364099144935608 -3.3415355682373047 970
8892 1024 0.5341100096702576 -3.341538190841675 786
8893 1024 0.537909984588623 -3.34158992767334 294
8894 1024 0.5345600247383118 -3.3416037559509277 958
8895 1024 0.5351399779319763 -3.3416311740875244 225
8896 1024 0.5309098958969116 -3.3416383266448975 639
8897 1024 0.5323299765586853 -3.341647148132324 56
8898 1024 0.5318400263786316 -3.341649055480957 673
8899 1024 0.5344398021697998 -3.341674327850342 165
8900 1024 0.5345498919487 -3.341676950454712 349
8901 1024 0.5357400178909302 -3.341696262359619 907
8902 1024 0.5323099493980408 -3.3417153358459473 262
8903 1024 0.5296298861503601 -3.341721296310425 361
8904 1024 0.5345699787139893 -3.341731071472168 202
8905 1024 0.5347300171852112 -3.341771125793457 646
8906 1024 0.5324198007583618 -3.3417739868164062 443
8907 1024 0.5342699885368347 -3.3417840003967285 1008
8908 1024 0.5322799682617188 -3.341798782348633 104
8909 1024 0.5342601537704468 -3.3418097496032715 436
8910 1024 0.5296899676322937 -3.3418307304382324 65
8911 1024 0.531790018081665 -3.341838836669922 279
8912 1024 0.5319800972938538 -3.3418445587158203 940
8913 1024 0.528179943561554 -3.3418493270874023 296
8914 1024 0.5308200716972351 -3.3418543338775635 755
8915 1024 0.5309000015258789 -3.341914176940918 274
8916 1024 0.5310499668121338 -3.3419201374053955 327
8917 1024 0.5316099524497986 -3.3419270515441895 817
8918 1024 0.5283600687980652 -3.3419480323791504 524
8919 1024 0.5295299887657166 -3.3419694900512695 647
8920 1024 0.5301799774169922 -3.3419837951660156 928
8921 1024 0.5308699607849121 -3.341987133026123 692
8922 1024 0.532309889793396 -3.342003107070923 602
8923 1024 0.5277099609375 -3.3420214653015137 100
8924 1024 0.5283201336860657 -3.342024564743042 93
8925 1024 0.5289799571037292 -3.3420538902282715 729
8926 1024 0.532289981842041 -3.3420681953430176 63
8927 1024 0.5277000665664673 -3.342069149017334 605
8928 1024 0.5279600620269775 -3.3420796394348145 950
8929 1024 0.5288000106811523 -3.3420958518981934 962
8930 1024 0.526759922504425 -3.34210205078125 704
8931 1024 0.5263799428939819 -3.342127561569214 663
8932 1024 0.5262901186943054 -3.3421318531036377 373
8933 1024 0.529949963092804 -3.3421387672424316 552
8934 1024 0.5281399488449097 -3.3421716690063477 312
8935 1024 0.5266398787498474 -3.3421859741210938 915
8936 1024 0.5275300741195679 -3.3421950340270996 80
8937 1024 0.5287500619888306 -3.3422019481658936 732
8938 1024 0.5269600749015808 -3.342207908630371 856
8939 1024 0.5244398713111877 -3.342219352722168 220
8940 1024 0.5240599513053894 -3.3422698974609375 21
8941 1024 0.5262400507926941 -3.342270851135254 527
8942 1024 0.5253700017929077 -3.3423008918762207 462
8943 1024 0.5209400057792664 -3.342308521270752 387
8944 1024 0.5269998908042908 -3.3423218727111816 96
8945 1024 0.5241899490356445 -3.3423290252685547 572
8946 1024 0.5273500680923462 -3.342336416244507 302
8947 1024 0.525409996509552 -3.3423566818237305 372
8948 1024 0.5274900197982788 -3.3423776626586914 281
8949 1024 0.5230500102043152 -3.3423891067504883 444
8950 1024 0.5232000350952148 -3.342404365539551 513
8951 1024 0.522659957408905 -3.342412233352661 714
8952 1024 0.521790087223053 -3.3424179553985596 602
8953 1024 0.5210999250411987 -3.3424344062805176 959
8954 1024 0.5209799408912659 -3.342440605163574 750
8955 1024 0.5227100253105164 -3.342463493347168 120
8956 1024 0.520389974117279 -3.342468738555908 816
8957 1024 0.5226399898529053 -3.342486619949341 178
8958 1024 0.52034991979599 -3.34251070022583 956
8959 1024 0.5221099853515625 -3.3425235748291016 387
8960 1024 0.5240999460220337 -3.3425650596618652 972
8961 1024 0.5221799612045288 -3.3425865173339844 137
8962 1024 0.5223000049591064 -3.342587471008301 10
8963 1024 0.52034991979599 -3.3425893783569336 206
8964 1024 0.5186999440193176 -3.342597484588623 360
8965 1024 0.5208200216293335 -3.3426222801208496 456
8966 1024 0.5179200172424316 -3.342644214630127 872
8967 1024 0.5197098851203918 -3.3426897525787354 1005
8968 1024 0.5159000158309937 -3.342694044113159 198
8969 1024 0.5189299583435059 -3.342756748199463 201
8970 1024 0.5168600082397461 -3.342784881591797 38
8971 1024 0.5138699412345886 -3.3427963256835938 589
8972 1024 0.5187498927116394 -3.342797040939331 803
8973 1024 0.5161601305007935 -3.3428092002868652 112
8974 1024 0.5162699818611145 -3.3428099155426025 890
8975 1024 0.5180701613426208 -3.342823028564453 49
8976 1024 0.5142199397087097 -3.3428611755371094 753
8977 1024 0.5178699493408203 -3.3428642749786377 877
8978 1024 0.5160000920295715 -3.342886447906494 402
8979 1024 0.5151100158691406 -3.342907190322876 22
8980 1024 0.5187598466873169 -3.342914581298828 316
8981 1024 0.5118399858474731 -3.3429386615753174 195
8982 1024 0.5126698613166809 -3.3429415225982666 652
8983 1024 0.513439953327179 -3.3429458141326904 619
8984 1024 0.5126098394393921 -3.3429715633392334 743
8985 1024 0.5130798816680908 -3.3429758548736572 805
8986 1024 0.5180700421333313 -3.342987298965454 735
8987 1024 0.513439953327179 -3.3429923057556152 843
8988 1024 0.5126500129699707 -3.343017101287842 929
8989 1024 0.5108999609947205 -3.343027114868164 857
8990 1024 0.5133600234985352 -3.3430333137512207 260
8991 1024 0.5121700763702393 -3.3430347442626953 239
8992 1024 0.512100100517273 -3.3430774211883545 367
8993 1024 0.509850025177002 -3.343085289001465 5
8994 1024 0.5141400694847107 -3.3430910110473633 80
8995 1024 0.5145300626754761 -3.3430986404418945 836
8996 1024 0.513729989528656 -3.3431124687194824 872
8997 1024 0.5122999548912048 -3.34312105178833 884
8998 1024 0.5102002024650574 -3.343125343322754 616
8999 1024 0.5145699977874756 -3.3431661128997803 953
9000 1024 0.510129988193512 -3.3431711196899414 967
9001 1024 0.510699987411499 -3.343172550201416 7
9002 1024 0.5159899592399597 -3.343179225921631 120
9003 1024 0.511970043182373 -3.3432204723358154 49
9004 1024 0.5108000040054321 -3.343226194381714 6
9005 1024 0.511959969997406 -3.3432555198669434 364
9006 1024 0.508870005607605 -3.343264579772949 771
9007 1024 0.5089000463485718 -3.3432741165161133 720
9008 1024 0.5088399648666382 -3.343278408050537 18
9009 1024 0.5098299384117126 -3.343280792236328 256
9010 1024 0.5115901231765747 -3.3432912826538086 1010
9011 1024 0.5097299814224243 -3.34330415725708 383
9012 1024 0.5096898078918457 -3.3433332443237305 220
9013 1024 0.5059099793434143 -3.3433334827423096 881
9014 1024 0.5093300342559814 -3.3433420658111572 407
9015 1024 0.507349967956543 -3.343344211578369 458
9016 1024 0.5087598562240601 -3.343350648880005 736
9017 1024 0.5082098841667175 -3.343355178833008 652
9018 1024 0.5087699890136719 -3.3433899879455566 513
9019 1024 0.5064498782157898 -3.3433923721313477 662
9020 1024 0.5083498954772949 -3.3433992862701416 238
9021 1024 0.5071099996566772 -3.3434205055236816 293
9022 1024 0.5044499635696411 -3.3434343338012695 601
9023 1024 0.5052899122238159 -3.343456506729126 643
9024 1024 0.5066500902175903 -3.3434696197509766 996
9025 1024 0.5030301809310913 -3.3434722423553467 131
9026 1024 0.5049999356269836 -3.343477249145508 430
9027 1024 0.5055897831916809 -3.3435165882110596 52
9028 1024 0.5045600533485413 -3.343518018722534 814
9029 1024 0.5090799927711487 -3.343519687652588 220
9030 1024 0.5064500570297241 -3.3435723781585693 213
9031 1024 0.5036500096321106 -3.343576669692993 817
9032 1024 0.502839982509613 -3.3435823917388916 586
9033 1024 0.501550018787384 -3.343625068664551 385
9034 1024 0.5023901462554932 -3.3436288833618164 781
9035 1024 0.5009599924087524 -3.343637466430664 603
9036 1024 0.5005900263786316 -3.343641757965088 415
9037 1024 0.501250147819519 -3.3436546325683594 917
9038 1024 0.5040399432182312 -3.3436617851257324 348
9039 1024 0.5018099546432495 -3.3436882495880127 443
9040 1024 0.5043200850486755 -3.3436925411224365 159
9041 1024 0.5004600882530212 -3.343709945678711 488
9042 1024 0.5012800693511963 -3.3437225818634033 56
9043 1024 0.5014200210571289 -3.3437254428863525 785
9044 1024 0.5016598105430603 -3.3437397480010986 84
9045 1024 0.5011700987815857 -3.3437554836273193 192
9046 1024 0.5002700686454773 -3.343766212463379 366
9047 1024 0.5007699728012085 -3.343770980834961 897
9048 1024 0.5009400248527527 -3.343801975250244 734
9049 1024 0.4988998770713806 -3.343810558319092 918
9050 1024 0.7377399802207947 -3.3438191413879395 422
9051 1024 0.7356000542640686 -3.343822717666626 131
9052 1024 0.7383899688720703 -3.343862533569336 922
9053 1024 0.7388200163841248 -3.343867063522339 811
9054 1024 0.7380300164222717 -3.343869209289551 693
9055 1024 0.7373902201652527 -3.3438727855682373 1010
9056 1024 0.7392101287841797 -3.3438878059387207 312
9057 1024 0.7374600172042847 -3.3438925743103027 56
9058 1024 0.7351500391960144 -3.3439064025878906 482
9059 1024 0.7367899417877197 -3.3439226150512695 766
9060 1024 0.739139974117279 -3.343935012817383 168
9061 1024 0.7369799613952637 -3.34393572807312 606
9062 1024 0.7344101071357727 -3.3439574241638184 494
9063 1024 0.7359499335289001 -3.343967914581299 1023
9064 1024 0.7359398603439331 -3.34397292137146 387
9065 1024 0.7402802109718323 -3.3439815044403076 132
9066 1024 0.7375101447105408 -3.3440301418304443 95
9067 1024 0.7353900671005249 -3.344034194946289 980
9068 1024 0.7367100119590759 -3.3440489768981934 291
9069 1024 0.7392800450325012 -3.344066619873047 764
9070 1024 0.7346099615097046 -3.3440699577331543 781
9071 1024 0.7388700842857361 -3.3440842628479004 630
9072 1024 0.7359700798988342 -3.3440914154052734 319
9073 1024 0.7348802089691162 -3.3440933227539062 218
9074 1024 0.7359598278999329 -3.34409761428833 720
9075 1024 0.7335901260375977 -3.3441216945648193 625
9076 1024 0.733680009841919 -3.344137668609619 138
9077 1024 0.7328499555587769 -3.3441591262817383 937
9078 1024 0.7378199696540833 -3.344168186187744 485
9079 1024 0.7364502549171448 -3.344176769256592 672
9080 1024 0.7307500839233398 -3.344179630279541 884
9081 1024 0.7302300333976746 -3.3441824913024902 757
9082 1024 0.7355200052261353 -3.3441977500915527 206
9083 1024 0.7352900505065918 -3.344198226928711 249
9084 1024 0.7345998883247375 -3.3442153930664062 939
9085 1024 0.7372201085090637 -3.3442232608795166 464
9086 1024 0.7353601455688477 -3.344249725341797 103
9087 1024 0.7329998016357422 -3.3442533016204834 949
9088 1024 0.7348099946975708 -3.344254970550537 728
9089 1024 0.7361398339271545 -3.344266414642334 368
9090 1024 0.7340900301933289 -3.344273090362549 977
9091 1024 0.7333500385284424 -3.344277858734131 874
9092 1024 0.7327600121498108 -3.3442788124084473 517
9093 1024 0.7336400151252747 -3.34428071975708 816
9094 1024 0.7356697916984558 -3.344301700592041 529
9095 1024 0.7335001230239868 -3.3443078994750977 189
9096 1024 0.7352600693702698 -3.344316244125366 937
9097 1024 0.7303799986839294 -3.3443191051483154 228
9098 1024 0.7329400181770325 -3.344331979751587 509
9099 1024 0.7334099411964417 -3.344334125518799 164
9100 1024 0.7321500778198242 -3.3443384170532227 395
9101 1024 0.7360399961471558 -3.3443403244018555 65
9102 1024 0.7363098859786987 -3.344362735748291 916
9103 1024 0.7322003245353699 -3.344390630722046 417
9104 1024 0.7316799163818359 -3.3443992137908936 878
9105 1024 0.7338899970054626 -3.3444032669067383 779
9106 1024 0.7322701215744019 -3.3444037437438965 947
9107 1024 0.7270099520683289 -3.344416618347168 444
9108 1024 0.7283800840377808 -3.344419479370117 141
9109 1024 0.7311999201774597 -3.344449996948242 959
9110 1024 0.7362899780273438 -3.3444628715515137 865
9111 1024 0.7323601245880127 -3.3444643020629883 1020
9112 1024 0.7308900952339172 -3.3444876670837402 946
9113 1024 0.7318200469017029 -3.3445239067077637 848
9114 1024 0.7342600226402283 -3.3445281982421875 919
9115 1024 0.7336399555206299 -3.344533681869507 698
9116 1024 0.7322899699211121 -3.3445658683776855 330
9117 1024 0.7307299375534058 -3.3445792198181152 980
9118 1024 0.7323099374771118 -3.3445816040039062 633
9119 1024 0.731769859790802 -3.3445982933044434 757
9120 1024 0.7300499081611633 -3.344606876373291 800
9121 1024 0.7272201180458069 -3.3446080684661865 889
9122 1024 0.7348199486732483 -3.3446123600006104 360
9123 1024 0.7250001430511475 -3.3446245193481445 269
9124 1024 0.7326200604438782 -3.3446402549743652 669
9125 1024 0.7318001389503479 -3.3446412086486816 975
9126 1024 0.7293099164962769 -3.34464955329895 21
9127 1024 0.7318200469017029 -3.344654083251953 95
9128 1024 0.7288201451301575 -3.344660997390747 181
9129 1024 0.7308699488639832 -3.344661235809326 359
9130 1024 0.7306401133537292 -3.344691038131714 483
9131 1024 0.7310400009155273 -3.344696044921875 1002
9132 1024 0.7303499579429626 -3.3447296619415283 635
9133 1024 0.7250001430511475 -3.3447442054748535 276
9134 1024 0.7251800298690796 -3.344752550125122 148
9135 1024 0.7305499315261841 -3.3447656631469727 276
9136 1024 0.7289097309112549 -3.34476900100708 431
9137 1024 0.7298299074172974 -3.3447818756103516 985
9138 1024 0.7313398718833923 -3.344792604446411 495
9139 1024 0.7304800748825073 -3.344796895980835 272
9140 1024 0.7248701453208923 -3.3448143005371094 576
9141 1024 0.7257601618766785 -3.3448195457458496 980
9142 1024 0.7285902500152588 -3.3448305130004883 432
9143 1024 0.7249200940132141 -3.3448333740234375 203
9144 1024 0.7266698479652405 -3.3448426723480225 302
9145 1024 0.7226200103759766 -3.344846725463867 604
9146 1024 0.7283598780632019 -3.3448572158813477 368
9147 1024 0.7274999618530273 -3.3448684215545654 567
9148 1024 0.7286401391029358 -3.344876289367676 739
9149 1024 0.7293799519538879 -3.344881296157837 682
9150 1024 0.7278401851654053 -3.344909191131592 158
9151 1024 0.7276298999786377 -3.344912052154541 979
9152 1024 0.7271901369094849 -3.3449201583862305 767
9153 1024 0.7263901233673096 -3.3449411392211914 892
9154 1024 0.7247401475906372 -3.3449487686157227 136
9155 1024 0.7273700833320618 -3.344961404800415 28
9156 1024 0.7286699414253235 -3.344961643218994 167
9157 1024 0.7273298501968384 -3.3449740409851074 589
9158 1024 0.7281900644302368 -3.3449831008911133 321
9159 1024 0.7253100275993347 -3.3450217247009277 499
9160 1024 0.7242200970649719 -3.345031261444092 170
9161 1024 0.7239399552345276 -3.3450329303741455 872
9162 1024 0.7253001928329468 -3.345050811767578 431
9163 1024 0.7272201180458069 -3.3450844287872314 637
9164 1024 0.7254201173782349 -3.3451037406921387 928
9165 1024 0.7248200178146362 -3.3451080322265625 356
9166 1024 0.7256699204444885 -3.345116138458252 377
9167 1024 0.7248499989509583 -3.3451180458068848 560
9168 1024 0.72409987449646 -3.3451318740844727 269
9169 1024 0.7245698571205139 -3.34513521194458 1013
9170 1024 0.7271100282669067 -3.3451409339904785 255
9171 1024 0.726939857006073 -3.3451452255249023 269
9172 1024 0.7252799868583679 -3.345151424407959 656
9173 1024 0.7239100337028503 -3.3451573848724365 188
9174 1024 0.7210702300071716 -3.345163106918335 50
9175 1024 0.7249200344085693 -3.3451974391937256 82
9176 1024 0.7203100919723511 -3.345198154449463 404
9177 1024 0.7231199741363525 -3.3452038764953613 28
9178 1024 0.7220603823661804 -3.345205783843994 139
9179 1024 0.721280038356781 -3.3452110290527344 37
9180 1024 0.7244301438331604 -3.3452162742614746 562
9181 1024 0.7221298813819885 -3.345216751098633 542
9182 1024 0.7221298813819885 -3.3452203273773193 963
9183 1024 0.7280799746513367 -3.3452224731445312 812
9184 1024 0.7210500240325928 -3.3452296257019043 139
9185 1024 0.7245800495147705 -3.3452489376068115 710
9186 1024 0.7245199680328369 -3.345257520675659 967
9187 1024 0.7240698933601379 -3.3452706336975098 25
9188 1024 0.7247601747512817 -3.3452911376953125 565
9189 1024 0.7226299047470093 -3.345292091369629 869
9190 1024 0.7216799855232239 -3.3452982902526855 623
9191 1024 0.7189301252365112 -3.345320224761963 49
9192 1024 0.7205298542976379 -3.345322608947754 1004
9193 1024 0.7206301093101501 -3.3453269004821777 1015
9194 1024 0.720710039138794 -3.345336437225342 794
9195 1024 0.7187299728393555 -3.345364809036255 973
9196 1024 0.7201998829841614 -3.345367431640625 977
9197 1024 0.7201598882675171 -3.3454034328460693 284
9198 1024 0.7199199795722961 -3.345407485961914 825
9199 1024 0.7221299409866333 -3.3454089164733887 599
9200 1024 0.7233700156211853 -3.345411777496338 966
9201 1024 0.7198900580406189 -3.34541916847229 366
9202 1024 0.7211300730705261 -3.3454513549804688 417
9203 1024 0.721780002117157 -3.3454577922821045 185
9204 1024 0.719880223274231 -3.3454737663269043 570
9205 1024 0.7218401432037354 -3.3454813957214355 964
9206 1024 0.7210699915885925 -3.3455021381378174 73
9207 1024 0.7199500799179077 -3.3455042839050293 923
9208 1024 0.7201800346374512 -3.3455071449279785 598
9209 1024 0.7188000082969666 -3.3455114364624023 984
9210 1024 0.7209100723266602 -3.345522165298462 348
9211 1024 0.7217799425125122 -3.3455357551574707 971
9212 1024 0.7193698883056641 -3.3455381393432617 30
9213 1024 0.7178099155426025 -3.345574378967285 416
9214 1024 0.7197301387786865 -3.345590591430664 847
9215 1024 0.71902996301651 -3.3456063270568848 30
9216 1024 0.7227801084518433 -3.3456122875213623 133
9217 1024 0.7144900560379028 -3.3456220626831055 442
9218 1024 0.7155399918556213 -3.345632314682007 163
9219 1024 0.714989960193634 -3.3456339836120605 530
9220 1024 0.7136200666427612 -3.3456368446350098 674
9221 1024 0.7188399434089661 -3.345640182495117 741
9222 1024 0.7185602188110352 -3.3456640243530273 808
9223 1024 0.7178700566291809 -3.34568452835083 225
9224 1024 0.7163200974464417 -3.3456852436065674 435
9225 1024 0.7212400436401367 -3.345696449279785 376
9226 1024 0.7195301055908203 -3.345705032348633 707
9227 1024 0.7176001071929932 -3.3457207679748535 1022
9228 1024 0.715410053730011 -3.3457536697387695 365
9229 1024 0.7167699933052063 -3.345782518386841 465
9230 1024 0.7161900997161865 -3.3457837104797363 255
9231 1024 0.7140599489212036 -3.345792531967163 520
9232 1024 0.7115598917007446 -3.3457932472229004 1020
9233 1024 0.7159502506256104 -3.3458125591278076 548
9234 1024 0.7172901630401611 -3.34582257270813 253
9235 1024 0.7132400274276733 -3.345850944519043 348
9236 1024 0.7132201790809631 -3.3458518981933594 708
9237 1024 0.7165402770042419 -3.3458547592163086 114
9238 1024 0.7127100229263306 -3.345862865447998 272
9239 1024 0.7153301239013672 -3.3458752632141113 340
9240 1024 0.713450014591217 -3.3458762168884277 1011
9241 1024 0.7145099639892578 -3.345891237258911 718
9242 1024 0.7116100788116455 -3.3458991050720215 524
9243 1024 0.7149099707603455 -3.3459441661834717 235
9244 1024 0.7117601037025452 -3.345947742462158 723
9245 1024 0.7162901759147644 -3.345961093902588 1009
9246 1024 0.7132201790809631 -3.3459649085998535 1010
9247 1024 0.7126801013946533 -3.3459744453430176 911
9248 1024 0.7148597836494446 -3.34598445892334 424
9249 1024 0.7096902132034302 -3.345998764038086 303
9250 1024 0.7135599851608276 -3.346005439758301 553
9251 1024 0.711379885673523 -3.3460264205932617 1001
9252 1024 0.7137198448181152 -3.346074104309082 1002
9253 1024 0.7095800042152405 -3.3461036682128906 532
9254 1024 0.7135299444198608 -3.346116065979004 856
9255 1024 0.7134199142456055 -3.3461170196533203 93
9256 1024 0.7149201035499573 -3.3461174964904785 328
9257 1024 0.7102601528167725 -3.3461294174194336 831
9258 1024 0.7134900689125061 -3.346142292022705 1006
9259 1024 0.7144999504089355 -3.3461532592773438 906
9260 1024 0.7102100849151611 -3.3461661338806152 894
9261 1024 0.7104501128196716 -3.3461856842041016 383
9262 1024 0.7116400599479675 -3.346194267272949 692
9263 1024 0.7094900608062744 -3.346221923828125 492
9264 1024 0.7092301845550537 -3.3462319374084473 96
9265 1024 0.7110802531242371 -3.3462467193603516 257
9266 1024 0.7137801051139832 -3.346250534057617 888
9267 1024 0.7112701535224915 -3.3462581634521484 1015
9268 1024 0.7064102292060852 -3.3462719917297363 581
9269 1024 0.7070400714874268 -3.3462746143341064 363
9270 1024 0.7094899415969849 -3.3462772369384766 1017
9271 1024 0.711430013179779 -3.346281051635742 200
9272 1024 0.7099400162696838 -3.346292495727539 95
9273 1024 0.7087600827217102 -3.3462960720062256 65
9274 1024 0.7081400752067566 -3.3462963104248047 724
9275 1024 0.7123702168464661 -3.346299648284912 727
9276 1024 0.7052198648452759 -3.3463103771209717 977
9277 1024 0.7076599597930908 -3.3463311195373535 738
9278 1024 0.7109699249267578 -3.3463382720947266 94
9279 1024 0.7098999619483948 -3.346339225769043 146
9280 1024 0.7098901867866516 -3.34635591506958 350
9281 1024 0.7108200192451477 -3.346357583999634 366
9282 1024 0.7015400528907776 -3.3463761806488037 115
9283 1024 0.7071201205253601 -3.346379041671753 126
9284 1024 0.7085601687431335 -3.34639048576355 457
9285 1024 0.7065000534057617 -3.34639310836792 319
9286 1024 0.708899974822998 -3.346421718597412 250
9287 1024 0.7077299356460571 -3.346428394317627 298
9288 1024 0.7052299976348877 -3.3464345932006836 385
9289 1024 0.703960120677948 -3.346440553665161 666
9290 1024 0.7084001898765564 -3.3464488983154297 642
9291 1024 0.7057998776435852 -3.3464605808258057 294
9292 1024 0.7073700428009033 -3.34647798538208 670
9293 1024 0.7063800692558289 -3.3464784622192383 393
9294 1024 0.7063202261924744 -3.346487045288086 635
9295 1024 0.7056501507759094 -3.3465137481689453 944
9296 1024 0.7064599990844727 -3.346517562866211 870
9297 1024 0.7033201456069946 -3.3465278148651123 923
9298 1024 0.7038200497627258 -3.3465349674224854 917
9299 1024 0.7064001560211182 -3.346555709838867 22
9300 1024 0.7070599794387817 -3.3465607166290283 377
9301 1024 0.7045700550079346 -3.3465657234191895 371
9302 1024 0.7056102752685547 -3.3465871810913086 268
9303 1024 0.707330048084259 -3.3465895652770996 734
9304 1024 0.7029201984405518 -3.346597194671631 918
9305 1024 0.7054400444030762 -3.3466219902038574 325
9306 1024 0.7051199078559875 -3.3466224670410156 594
9307 1024 0.7032001614570618 -3.34663724899292 368
9308 1024 0.7030501365661621 -3.3466405868530273 491
9309 1024 0.7015699744224548 -3.3466415405273438 502
9310 1024 0.7042999863624573 -3.346648693084717 440
9311 1024 0.7018899917602539 -3.3466551303863525 192
9312 1024 0.7004600167274475 -3.346658706665039 19
9313 1024 0.7059500217437744 -3.3466625213623047 276
9314 1024 0.7026200890541077 -3.3466691970825195 557
9315 1024 0.7044900059700012 -3.3466851711273193 651
9316 1024 0.7026000022888184 -3.3466882705688477 904
9317 1024 0.7042601704597473 -3.346691608428955 235
9318 1024 0.7022300362586975 -3.3467023372650146 943
9319 1024 0.7035501003265381 -3.346703052520752 174
9320 1024 0.6978399753570557 -3.3467094898223877 249
9321 1024 0.7000299096107483 -3.3467140197753906 458
9322 1024 0.703940212726593 -3.346721649169922 123
9323 1024 0.7032000422477722 -3.346723794937134 970
9324 1024 0.7022100687026978 -3.346726894378662 818
9325 1024 0.7059100270271301 -3.3467538356781006 256
9326 1024 0.7020002007484436 -3.3467583656311035 703
9327 1024 0.7025602459907532 -3.346759557723999 824
9328 1024 0.6996800303459167 -3.346773624420166 634
9329 1024 0.6993299722671509 -3.3467774391174316 37
9330 1024 0.6990000009536743 -3.3467884063720703 57
9331 1024 0.701710045337677 -3.3467941284179688 878
9332 1024 0.7013400793075562 -3.346799612045288 1009
9333 1024 0.7026699185371399 -3.3468050956726074 57
9334 1024 0.699670135974884 -3.3468127250671387 614
9335 1024 0.7009600400924683 -3.346827983856201 701
9336 1024 0.6994800567626953 -3.3468284606933594 244
9337 1024 0.7040000557899475 -3.346829414367676 456
9338 1024 0.6997700929641724 -3.346846103668213 571
9339 1024 0.7026400566101074 -3.3468475341796875 792
9340 1024 0.703970193862915 -3.3468611240386963 194
9341 1024 0.6985899806022644 -3.346864700317383 50
9342 1024 0.7009001970291138 -3.3468704223632812 922
9343 1024 0.6983300447463989 -3.3468825817108154 650
9344 1024 0.6977798342704773 -3.3469011783599854 385
9345 1024 0.6994100213050842 -3.346905469894409 966
9346 1024 0.7000501155853271 -3.346916913986206 435
9347 1024 0.6983501315116882 -3.3469371795654297 11
9348 1024 0.6997800469398499 -3.346940517425537 57
9349 1024 0.6997998356819153 -3.346957206726074 459
9350 1024 0.6992400288581848 -3.3469576835632324 290
9351 1024 0.6969400644302368 -3.346959114074707 144
9352 1024 0.6971699595451355 -3.346965789794922 782
9353 1024 0.6967501640319824 -3.3469696044921875 267
9354 1024 0.6944101452827454 -3.346972942352295 297
9355 1024 0.6972401142120361 -3.346977710723877 977
9356 1024 0.698870062828064 -3.346978187561035 377
9357 1024 0.6965600252151489 -3.3469882011413574 864
9358 1024 0.6992700695991516 -3.3469927310943604 722
9359 1024 0.6972599625587463 -3.3470025062561035 777
9360 1024 0.700150191783905 -3.3470091819763184 337
9361 1024 0.6987000107765198 -3.3470141887664795 377
9362 1024 0.6984800696372986 -3.347017765045166 116
9363 1024 0.6987901329994202 -3.3470301628112793 223
9364 1024 0.6962597966194153 -3.3470306396484375 767
9365 1024 0.6984800696372986 -3.347032070159912 991
9366 1024 0.6987300515174866 -3.3470444679260254 410
9367 1024 0.6957800388336182 -3.3470683097839355 177
9368 1024 0.6985502243041992 -3.347071409225464 1011
9369 1024 0.6951800584793091 -3.347072124481201 909
9370 1024 0.6980602145195007 -3.3470816612243652 846
9371 1024 0.6967600584030151 -3.3470826148986816 147
9372 1024 0.6989800333976746 -3.3470897674560547 161
9373 1024 0.6977701187133789 -3.3471028804779053 110
9374 1024 0.693579912185669 -3.347111701965332 933
9375 1024 0.6948700547218323 -3.3471150398254395 907
9376 1024 0.6945999264717102 -3.347123146057129 559
9377 1024 0.6974300146102905 -3.3471243381500244 257
9378 1024 0.6981900334358215 -3.347144603729248 907
9379 1024 0.6969300508499146 -3.3471550941467285 46
9380 1024 0.6943199038505554 -3.3471593856811523 730
9381 1024 0.6932499408721924 -3.3471641540527344 722
9382 1024 0.6978901028633118 -3.3471686840057373 96
9383 1024 0.6967799067497253 -3.3471786975860596 83
9384 1024 0.6948402523994446 -3.347198724746704 845
9385 1024 0.6965601444244385 -3.3472230434417725 959
9386 1024 0.6931401491165161 -3.3472275733947754 73
9387 1024 0.691540002822876 -3.3472471237182617 286
9388 1024 0.6916099190711975 -3.3472490310668945 887
9389 1024 0.6894498467445374 -3.3472695350646973 713
9390 1024 0.6929698586463928 -3.3472700119018555 1005
9391 1024 0.6932697892189026 -3.347275733947754 6
9392 1024 0.6925801038742065 -3.347278118133545 635
9393 1024 0.6922000646591187 -3.347283363342285 869
9394 1024 0.6928502321243286 -3.3472838401794434 547
9395 1024 0.694360077381134 -3.347290515899658 464
9396 1024 0.6967101693153381 -3.3473002910614014 459
9397 1024 0.6875899434089661 -3.3473153114318848 472
9398 1024 0.6906300187110901 -3.347320556640625 111
9399 1024 0.6936200261116028 -3.347327470779419 12
9400 1024 0.6942700743675232 -3.3473620414733887 408
9401 1024 0.6909400820732117 -3.347371816635132 1014
9402 1024 0.6896401047706604 -3.3473730087280273 127
9403 1024 0.6889700293540955 -3.347395420074463 967
9404 1024 0.689220130443573 -3.3474111557006836 373
9405 1024 0.6896299719810486 -3.347426414489746 39
9406 1024 0.6919701099395752 -3.347428321838379 812
9407 1024 0.6889299154281616 -3.3474321365356445 301
9408 1024 0.6906400322914124 -3.3474388122558594 298
9409 1024 0.6891899704933167 -3.347461223602295 825
9410 1024 0.6883000731468201 -3.3474748134613037 985
9411 1024 0.6907100677490234 -3.3474931716918945 1017
9412 1024 0.6916600465774536 -3.347499132156372 206
9413 1024 0.6894599795341492 -3.3475005626678467 962
9414 1024 0.6906698942184448 -3.3475019931793213 34
9415 1024 0.6908799409866333 -3.3475091457366943 601
9416 1024 0.6858699917793274 -3.347510814666748 595
9417 1024 0.6903300285339355 -3.3475146293640137 489
9418 1024 0.6905100345611572 -3.347517967224121 1013
9419 1024 0.6909998655319214 -3.3475189208984375 689
9420 1024 0.6864897608757019 -3.3475289344787598 118
9421 1024 0.69100022315979 -3.3475356101989746 779
9422 1024 0.689250111579895 -3.347536087036133 697
9423 1024 0.6884700655937195 -3.347538471221924 223
9424 1024 0.6871600151062012 -3.3475534915924072 590
9425 1024 0.6897902488708496 -3.3475961685180664 1011
9426 1024 0.6884599328041077 -3.347607135772705 361
9427 1024 0.6908501386642456 -3.34761381149292 175
9428 1024 0.6868100762367249 -3.3476152420043945 383
9429 1024 0.6859501004219055 -3.347625732421875 881
9430 1024 0.6883302330970764 -3.347627878189087 895
9431 1024 0.6857501268386841 -3.3476333618164062 285
9432 1024 0.6867599487304688 -3.347637176513672 520
9433 1024 0.6888002157211304 -3.3476462364196777 534
9434 1024 0.6823099851608276 -3.347646713256836 586
9435 1024 0.6865899562835693 -3.347670078277588 205
9436 1024 0.6863101124763489 -3.3476810455322266 209
9437 1024 0.6841899752616882 -3.347696542739868 160
9438 1024 0.6837201714515686 -3.3476991653442383 436
9439 1024 0.6854999661445618 -3.3477108478546143 296
9440 1024 0.685620129108429 -3.3477115631103516 622
9441 1024 0.6867399215698242 -3.347712278366089 118
9442 1024 0.6875801086425781 -3.347714900970459 218
9443 1024 0.6868000030517578 -3.3477280139923096 792
9444 1024 0.6877497434616089 -3.3477330207824707 748
9445 1024 0.6858299970626831 -3.347733736038208 669
9446 1024 0.6836099624633789 -3.3477351665496826 865
9447 1024 0.6845401525497437 -3.347750663757324 147
9448 1024 0.6886299252510071 -3.3477509021759033 137
9449 1024 0.6834900379180908 -3.3477516174316406 517
9450 1024 0.6853300929069519 -3.3477578163146973 644
9451 1024 0.6857200264930725 -3.347768783569336 969
9452 1024 0.6861199736595154 -3.347774028778076 373
9453 1024 0.6843498349189758 -3.347775459289551 129
9454 1024 0.6823998689651489 -3.347792387008667 907
9455 1024 0.6858099102973938 -3.3478102684020996 290
9456 1024 0.6838000416755676 -3.3478236198425293 20
9457 1024 0.6820200681686401 -3.347848415374756 593
9458 1024 0.6830301284790039 -3.3478708267211914 186
9459 1024 0.68367999792099 -3.3478751182556152 262
9460 1024 0.6837099194526672 -3.347884178161621 525
9461 1024 0.6827698945999146 -3.347904682159424 69
9462 1024 0.6805999875068665 -3.347909450531006 316
9463 1024 0.6798602342605591 -3.3479254245758057 49
9464 1024 0.6788099408149719 -3.347935438156128 774
9465 1024 0.6822700500488281 -3.347942352294922 739
9466 1024 0.6771200895309448 -3.347959041595459 59
9467 1024 0.6784999966621399 -3.3479666709899902 765
9468 1024 0.6812700033187866 -3.347980499267578 518
9469 1024 0.6777499318122864 -3.3479833602905273 917
9470 1024 0.677560031414032 -3.347984790802002 654
9471 1024 0.6770901083946228 -3.3479866981506348 648
9472 1024 0.6841099262237549 -3.3479886054992676 824
9473 1024 0.6805499196052551 -3.3479912281036377 254
9474 1024 0.6812397837638855 -3.34799861907959 551
9475 1024 0.6843701601028442 -3.3480019569396973 534
9476 1024 0.6809501647949219 -3.348004102706909 400
9477 1024 0.6796500086784363 -3.3480119705200195 872
9478 1024 0.6773699522018433 -3.3480191230773926 30
9479 1024 0.682370126247406 -3.3480310440063477 94
9480 1024 0.6835801005363464 -3.348045587539673 511
9481 1024 0.678849995136261 -3.348048448562622 617
9482 1024 0.6791899800300598 -3.3480498790740967 565
9483 1024 0.6807901859283447 -3.348057270050049 144
9484 1024 0.6781700253486633 -3.3480653762817383 463
9485 1024 0.6814701557159424 -3.3480777740478516 224
9486 1024 0.6755399703979492 -3.348095655441284 412
9487 1024 0.6782499551773071 -3.3480968475341797 637
9488 1024 0.6754599809646606 -3.3481082916259766 905
9489 1024 0.6760499477386475 -3.348114252090454 361
9490 1024 0.6778300404548645 -3.3481154441833496 1016
9491 1024 0.6775001287460327 -3.348118782043457 760
9492 1024 0.6812800168991089 -3.34812068939209 257
9493 1024 0.6792200803756714 -3.3481342792510986 637
9494 1024 0.6779499650001526 -3.348139762878418 386
9495 1024 0.6731699705123901 -3.348141670227051 760
9496 1024 0.6759899258613586 -3.3481528759002686 501
9497 1024 0.6802998185157776 -3.348165988922119 767
9498 1024 0.6742199659347534 -3.3481688499450684 567
9499 1024 0.6725199818611145 -3.3481764793395996 323
9500 1024 0.6764600276947021 -3.348179817199707 3
9501 1024 0.6759799122810364 -3.3481874465942383 118
9502 1024 0.6758301258087158 -3.3482165336608887 708
9503 1024 0.6749001145362854 -3.3482227325439453 323
9504 1024 0.6749300956726074 -3.3482301235198975 62
9505 1024 0.6755799055099487 -3.3482472896575928 66
9506 1024 0.6788700819015503 -3.3482494354248047 45
9507 1024 0.6779001355171204 -3.3482680320739746 154
9508 1024 0.6738297939300537 -3.348273754119873 299
9509 1024 0.6768399477005005 -3.348282814025879 576
9510 1024 0.6769101023674011 -3.3482894897460938 816
9511 1024 0.6727802157402039 -3.3483059406280518 824
9512 1024 0.6763899922370911 -3.348313808441162 631
9513 1024 0.6709101796150208 -3.348322868347168 671
9514 1024 0.6755599975585938 -3.348328113555908 488
9515 1024 0.6734901070594788 -3.3483314514160156 655
9516 1024 0.6741999387741089 -3.3483352661132812 795
9517 1024 0.6738297939300537 -3.348356008529663 778
9518 1024 0.672809898853302 -3.348360300064087 731
9519 1024 0.6728199124336243 -3.3483645915985107 30
9520 1024 0.6755900382995605 -3.348369598388672 493
9521 1024 0.6723502278327942 -3.3483810424804688 871
9522 1024 0.6764101982116699 -3.3483974933624268 509
9523 1024 0.6731499433517456 -3.3484089374542236 727
9524 1024 0.6707099080085754 -3.3484182357788086 1004
9525 1024 0.6687101721763611 -3.3484232425689697 459
9526 1024 0.6709399819374084 -3.348433256149292 303
9527 1024 0.6731899380683899 -3.3484444618225098 476
9528 1024 0.6697099208831787 -3.348465919494629 677
9529 1024 0.6738200783729553 -3.3484678268432617 171
9530 1024 0.6690899729728699 -3.34846830368042 349
9531 1024 0.6698698997497559 -3.348489284515381 914
9532 1024 0.6702299118041992 -3.348498821258545 620
9533 1024 0.6690300703048706 -3.3485026359558105 539
9534 1024 0.6684799194335938 -3.3485031127929688 208
9535 1024 0.6658298969268799 -3.348504066467285 10
9536 1024 0.670499861240387 -3.3485069274902344 748
9537 1024 0.6648000478744507 -3.348520517349243 1004
9538 1024 0.674030065536499 -3.3485231399536133 287
9539 1024 0.6708399653434753 -3.3485307693481445 645
9540 1024 0.6703001856803894 -3.348534107208252 217
9541 1024 0.6683099865913391 -3.348536968231201 166
9542 1024 0.6678999662399292 -3.348541736602783 776
9543 1024 0.6680299043655396 -3.3485476970672607 129
9544 1024 0.6702300906181335 -3.348550319671631 996
9545 1024 0.6630399227142334 -3.34857177734375 385
9546 1024 0.66920006275177 -3.348572254180908 12
9547 1024 0.6673099398612976 -3.348574161529541 504
9548 1024 0.6688899993896484 -3.3485891819000244 454
9549 1024 0.6667500734329224 -3.34859037399292 830
9550 1024 0.6696799993515015 -3.348590850830078 140
9551 1024 0.6682999134063721 -3.348597764968872 711
9552 1024 0.6670101284980774 -3.3486056327819824 36
9553 1024 0.66798996925354 -3.3486194610595703 294
9554 1024 0.6697898507118225 -3.3486204147338867 977
9555 1024 0.6656900644302368 -3.3486227989196777 174
9556 1024 0.6681600213050842 -3.348623752593994 41
9557 1024 0.6662499308586121 -3.3486328125 321
9558 1024 0.6655699610710144 -3.3486392498016357 79
9559 1024 0.6659500002861023 -3.3486475944519043 247
9560 1024 0.6697199940681458 -3.3486478328704834 734
9561 1024 0.6692401170730591 -3.348667860031128 319
9562 1024 0.66416996717453 -3.348670721054077 791
9563 1024 0.6667098999023438 -3.348674774169922 702
9564 1024 0.664139986038208 -3.3486976623535156 462
9565 1024 0.6675099730491638 -3.3487086296081543 311
9566 1024 0.6676298975944519 -3.3487353324890137 358
9567 1024 0.6657600998878479 -3.3487496376037598 490
9568 1024 0.6676300168037415 -3.348759174346924 938
9569 1024 0.6649900078773499 -3.3487637042999268 856
9570 1024 0.6637700796127319 -3.348766326904297 343
9571 1024 0.6620998382568359 -3.348780870437622 785
9572 1024 0.6654598712921143 -3.348790168762207 119
9573 1024 0.6617699861526489 -3.348809242248535 235
9574 1024 0.6624200344085693 -3.348811626434326 775
9575 1024 0.6625900268554688 -3.348829507827759 913
9576 1024 0.6658300161361694 -3.348834991455078 681
9577 1024 0.6579299569129944 -3.3488354682922363 306
9578 1024 0.663640022277832 -3.3488359451293945 689
9579 1024 0.6632398366928101 -3.3488364219665527 198
9580 1024 0.6621300578117371 -3.3488380908966064 846
9581 1024 0.6649500727653503 -3.3488409519195557 363
9582 1024 0.657430112361908 -3.3488574028015137 948
9583 1024 0.6620200276374817 -3.34885835647583 333
9584 1024 0.6620499491691589 -3.3488659858703613 210
9585 1024 0.6610900163650513 -3.348879337310791 89
9586 1024 0.6637899875640869 -3.348886728286743 941
9587 1024 0.6620500087738037 -3.3488917350769043 626
9588 1024 0.6612299084663391 -3.348905563354492 188
9589 1024 0.6573299169540405 -3.3489184379577637 232
9590 1024 0.6608099937438965 -3.348924160003662 554
9591 1024 0.6637398600578308 -3.3489253520965576 678
9592 1024 0.6598199605941772 -3.348933219909668 947
9593 1024 0.658220112323761 -3.348942756652832 778
9594 1024 0.6584799289703369 -3.3489468097686768 703
9595 1024 0.6594900488853455 -3.348963975906372 116
9596 1024 0.6613198518753052 -3.3489670753479004 620
9597 1024 0.6601999998092651 -3.348970413208008 673
9598 1024 0.6583999991416931 -3.3489809036254883 142
9599 1024 0.658289909362793 -3.3489913940429688 206
9600 1024 0.663379967212677 -3.348996877670288 555
9601 1024 0.6586399078369141 -3.3489997386932373 535
9602 1024 0.6586500406265259 -3.3490028381347656 990
9603 1024 0.6610497832298279 -3.349019765853882 786
9604 1024 0.6611900925636292 -3.349034070968628 888
9605 1024 0.660330057144165 -3.349039077758789 98
9606 1024 0.6567699313163757 -3.349043369293213 365
9607 1024 0.656140148639679 -3.3490447998046875 1013
9608 1024 0.6566399931907654 -3.349059820175171 689
9609 1024 0.6595299243927002 -3.3490729331970215 74
9610 1024 0.6572100520133972 -3.3490941524505615 403
9611 1024 0.6565898656845093 -3.3490943908691406 25
9612 1024 0.6536900401115417 -3.349100112915039 712
9613 1024 0.6535500884056091 -3.3491005897521973 507
9614 1024 0.6578601598739624 -3.349102735519409 125
9615 1024 0.6542001366615295 -3.3491313457489014 683
9616 1024 0.6542600393295288 -3.3491370677948 407
9617 1024 0.655829906463623 -3.349160671234131 763
9618 1024 0.6530299186706543 -3.3491740226745605 304
9619 1024 0.652940034866333 -3.349195957183838 356
9620 1024 0.6505200266838074 -3.349198579788208 188
9621 1024 0.6509001851081848 -3.3491997718811035 610
9622 1024 0.6536498665809631 -3.3492026329040527 958
9623 1024 0.6540099382400513 -3.349210262298584 190
9624 1024 0.6556099057197571 -3.349210739135742 648
9625 1024 0.6521599292755127 -3.3492307662963867 459
9626 1024 0.650640070438385 -3.349234104156494 467
9627 1024 0.6546499729156494 -3.3492343425750732 670
9628 1024 0.6529299020767212 -3.349238395690918 372
9629 1024 0.6531100273132324 -3.3492400646209717 869
9630 1024 0.6564900279045105 -3.349249839782715 492
9631 1024 0.652130126953125 -3.349260091781616 30
9632 1024 0.6533500552177429 -3.3492631912231445 145
9633 1024 0.6503897905349731 -3.3492655754089355 389
9634 1024 0.6526299715042114 -3.3492679595947266 409
9635 1024 0.6532999873161316 -3.349271297454834 355
9636 1024 0.6555799841880798 -3.3492822647094727 223
9637 1024 0.6533600687980652 -3.3492887020111084 246
9638 1024 0.6538100242614746 -3.3492958545684814 765
9639 1024 0.6529800295829773 -3.349299430847168 611
9640 1024 0.6477798223495483 -3.3493056297302246 9
9641 1024 0.6499200463294983 -3.3493075370788574 620
9642 1024 0.6517099738121033 -3.349310874938965 430
9643 1024 0.652289867401123 -3.349311590194702 198
9644 1024 0.6525099873542786 -3.349313259124756 298
9645 1024 0.6532800197601318 -3.3493194580078125 407
9646 1024 0.6507498621940613 -3.349323034286499 924
9647 1024 0.6553299427032471 -3.349325180053711 742
9648 1024 0.6513299942016602 -3.349334716796875 369
9649 1024 0.6529200673103333 -3.3493385314941406 607
9650 1024 0.6536999344825745 -3.349339485168457 9
9651 1024 0.6480600833892822 -3.3493402004241943 52
9652 1024 0.6516200304031372 -3.3493404388427734 382
9653 1024 0.6517199277877808 -3.349344253540039 206
9654 1024 0.651689887046814 -3.349346160888672 3
9655 1024 0.6492098569869995 -3.3493473529815674 746
9656 1024 0.6494200229644775 -3.3493475914001465 590
9657 1024 0.6485598683357239 -3.3493704795837402 48
9658 1024 0.6485100388526917 -3.349371910095215 661
9659 1024 0.6529799699783325 -3.3493752479553223 324
9660 1024 0.6469000577926636 -3.349377155303955 115
9661 1024 0.6524900197982788 -3.3493902683258057 187
9662 1024 0.6509299278259277 -3.349400281906128 61
9663 1024 0.6464402079582214 -3.3494017124176025 39
9664 1024 0.6477898955345154 -3.349414348602295 840
9665 1024 0.6468601226806641 -3.3494160175323486 340
9666 1024 0.6514399647712708 -3.3494231700897217 547
9667 1024 0.6485899090766907 -3.349432945251465 295
9668 1024 0.6525699496269226 -3.349433183670044 615
9669 1024 0.6456299424171448 -3.349435329437256 664
9670 1024 0.651689887046814 -3.3494386672973633 5
9671 1024 0.6458999514579773 -3.3494391441345215 1022
9672 1024 0.647100031375885 -3.349440336227417 678
9673 1024 0.6492400169372559 -3.349440574645996 276
9674 1024 0.646929919719696 -3.349445343017578 373
9675 1024 0.64764004945755 -3.34945011138916 122
9676 1024 0.6485500335693359 -3.349452495574951 466
9677 1024 0.6501200199127197 -3.3494606018066406 387
9678 1024 0.6462199091911316 -3.34946346282959 365
9679 1024 0.6490401029586792 -3.349463939666748 817
9680 1024 0.6466899514198303 -3.3494749069213867 356
9681 1024 0.6452999711036682 -3.349480152130127 674
9682 1024 0.6464800238609314 -3.3495218753814697 870
9683 1024 0.6481199264526367 -3.349534749984741 822
9684 1024 0.6439799070358276 -3.349536180496216 520
9685 1024 0.6467699408531189 -3.3495397567749023 779
9686 1024 0.6484399437904358 -3.349555492401123 680
9687 1024 0.6485400199890137 -3.3495559692382812 279
9688 1024 0.6464700102806091 -3.3495616912841797 489
9689 1024 0.6441599726676941 -3.349567413330078 990
9690 1024 0.6450397968292236 -3.3495678901672363 386
9691 1024 0.6444300413131714 -3.3495845794677734 637
9692 1024 0.6457599401473999 -3.3495850563049316 491
9693 1024 0.6469500660896301 -3.349587917327881 486
9694 1024 0.6463599801063538 -3.3495934009552 705
9695 1024 0.6466601490974426 -3.3495960235595703 595
9696 1024 0.6433300375938416 -3.349604606628418 880
9697 1024 0.6454898715019226 -3.3496127128601074 763
9698 1024 0.645530104637146 -3.349614143371582 244
9699 1024 0.6453598141670227 -3.3496251106262207 284
9700 1024 0.6404699087142944 -3.3496298789978027 978
9701 1024 0.6429299116134644 -3.349632740020752 667
9702 1024 0.6458600759506226 -3.3496692180633545 318
9703 1024 0.6413798928260803 -3.3496713638305664 570
9704 1024 0.6414100527763367 -3.349679946899414 629
9705 1024 0.644089937210083 -3.349691390991211 637
9706 1024 0.641450047492981 -3.3496921062469482 440
9707 1024 0.6380101442337036 -3.349701404571533 495
9708 1024 0.6404499411582947 -3.3497023582458496 979
9709 1024 0.6401000022888184 -3.349729061126709 53
9710 1024 0.6390199065208435 -3.3497314453125 186
9711 1024 0.6429399847984314 -3.3497376441955566 216
9712 1024 0.6425299644470215 -3.349752187728882 958
9713 1024 0.6381700038909912 -3.3497579097747803 328
9714 1024 0.6416000127792358 -3.3497650623321533 897
9715 1024 0.6433599591255188 -3.34976863861084 252
9716 1024 0.6361199617385864 -3.349769115447998 456
9717 1024 0.6403599977493286 -3.349773406982422 718
9718 1024 0.6401399374008179 -3.349787712097168 485
9719 1024 0.6387100219726562 -3.349794387817383 837
9720 1024 0.6398299336433411 -3.349799394607544 384
9721 1024 0.6387900114059448 -3.349802255630493 272
9722 1024 0.6375299692153931 -3.349808692932129 799
9723 1024 0.6377798914909363 -3.3498120307922363 520
9724 1024 0.6367100477218628 -3.3498151302337646 1023
9725 1024 0.64028000831604 -3.3498153686523438 233
9726 1024 0.6398999094963074 -3.349825143814087 209
9727 1024 0.6392399072647095 -3.349830150604248 683
9728 1024 0.6367201209068298 -3.349832534790039 699
9729 1024 0.6370698809623718 -3.3498380184173584 796
9730 1024 0.6377701163291931 -3.3498430252075195 863
9731 1024 0.638719916343689 -3.349848747253418 635
9732 1024 0.6378699541091919 -3.3498592376708984 375
9733 1024 0.6357899904251099 -3.3498694896698 801
9734 1024 0.6353499889373779 -3.3498716354370117 803
9735 1024 0.6375898718833923 -3.349888801574707 388
9736 1024 0.6359899044036865 -3.349893093109131 748
9737 1024 0.6365900635719299 -3.349893569946289 433
9738 1024 0.6377599835395813 -3.3498940467834473 758
9739 1024 0.6368200778961182 -3.3498969078063965 387
9740 1024 0.6370699405670166 -3.3498995304107666 1013
9741 1024 0.6362000703811646 -3.3498997688293457 726
9742 1024 0.6382898688316345 -3.349900722503662 190
9743 1024 0.6372399926185608 -3.349900960922241 884
9744 1024 0.6343598961830139 -3.3499038219451904 410
9745 1024 0.6354900598526001 -3.349905252456665 744
9746 1024 0.6355199813842773 -3.349910259246826 554
9747 1024 0.6349500417709351 -3.349914073944092 203
9748 1024 0.6371800899505615 -3.3499159812927246 262
9749 1024 0.6368399858474731 -3.3499221801757812 187
9750 1024 0.6325199007987976 -3.3499293327331543 907
9751 1024 0.6340300440788269 -3.349935531616211 615
9752 1024 0.6368601322174072 -3.349947929382324 676
9753 1024 0.6312698721885681 -3.34995174407959 625
9754 1024 0.6339199542999268 -3.3499553203582764 174
9755 1024 0.6394599676132202 -3.3499598503112793 620
9756 1024 0.6326199173927307 -3.3499622344970703 549
9757 1024 0.6325700879096985 -3.349963903427124 872
9758 1024 0.6355098485946655 -3.3499655723571777 247
9759 1024 0.6373299360275269 -3.3499670028686523 501
9760 1024 0.6328198909759521 -3.349972724914551 559
9761 1024 0.6350899934768677 -3.3499741554260254 413
9762 1024 0.6356899738311768 -3.349976062774658 89
9763 1024 0.6327799558639526 -3.349985361099243 814
9764 1024 0.6327700614929199 -3.349987506866455 584
9765 1024 0.6309099197387695 -3.3499889373779297 10
9766 1024 0.6344900131225586 -3.3499982357025146 526
9767 1024 0.6301901340484619 -3.349998950958252 1010
9768 1024 0.6322599053382874 -3.350004196166992 203
9769 1024 0.630389928817749 -3.3500070571899414 94
9770 1024 0.6329300999641418 -3.350015640258789 354
9771 1024 0.6343199610710144 -3.3500165939331055 808
9772 1024 0.6298600435256958 -3.350026845932007 101
9773 1024 0.6314299702644348 -3.3500397205352783 15
9774 1024 0.6311498880386353 -3.35005521774292 613
9775 1024 0.6304800510406494 -3.350055456161499 49
9776 1024 0.6352999210357666 -3.35006046295166 365
9777 1024 0.632379949092865 -3.350062608718872 321
9778 1024 0.6321101188659668 -3.3500661849975586 86
9779 1024 0.630000114440918 -3.3500680923461914 57
9780 1024 0.6301400065422058 -3.350071430206299 671
9781 1024 0.630370020866394 -3.3500828742980957 879
9782 1024 0.6323099732398987 -3.3500852584838867 20
9783 1024 0.6332699060440063 -3.350086212158203 519
9784 1024 0.6323999166488647 -3.3500900268554688 659
9785 1024 0.6301799416542053 -3.350092649459839 583
9786 1024 0.6308198571205139 -3.350102424621582 1008
9787 1024 0.6295397877693176 -3.3501176834106445 375
9788 1024 0.6290399432182312 -3.3501272201538086 26
9789 1024 0.6270700693130493 -3.3501298427581787 632
9790 1024 0.6291300654411316 -3.350131034851074 319
9791 1024 0.6306300759315491 -3.3501381874084473 233
9792 1024 0.6263899207115173 -3.3501434326171875 635
9793 1024 0.6287499666213989 -3.350144863128662 936
9794 1024 0.6273899078369141 -3.3501455783843994 665
9795 1024 0.6297200322151184 -3.3501486778259277 580
9796 1024 0.6328800320625305 -3.3501534461975098 927
9797 1024 0.6269500851631165 -3.3501687049865723 553
9798 1024 0.6254399418830872 -3.3501710891723633 584
9799 1024 0.6265299916267395 -3.350172519683838 796
9800 1024 0.6279898881912231 -3.350174903869629 516
9801 1024 0.6324899792671204 -3.3501763343811035 669
9802 1024 0.628830075263977 -3.350177049636841 158
9803 1024 0.6295099258422852 -3.3501827716827393 177
9804 1024 0.6296700239181519 -3.3501882553100586 859
9805 1024 0.6269500255584717 -3.350196361541748 80
9806 1024 0.6305001378059387 -3.3501968383789062 751
9807 1024 0.6276801824569702 -3.3501970767974854 865
9808 1024 0.6259002089500427 -3.350207805633545 757
9809 1024 0.6249698400497437 -3.3502182960510254 318
9810 1024 0.6242299675941467 -3.350220203399658 431
9811 1024 0.626380205154419 -3.3502213954925537 306
9812 1024 0.6299598217010498 -3.3502228260040283 395
9813 1024 0.6297098994255066 -3.350224018096924 743
9814 1024 0.6241998672485352 -3.350238800048828 980
9815 1024 0.6246000528335571 -3.3502492904663086 789
9816 1024 0.6263900399208069 -3.3502511978149414 636
9817 1024 0.6261398792266846 -3.350252866744995 211
9818 1024 0.6262498497962952 -3.3502578735351562 648
9819 1024 0.6268302202224731 -3.350264310836792 792
9820 1024 0.6288498640060425 -3.350267171859741 105
9821 1024 0.6285799145698547 -3.3502674102783203 737
9822 1024 0.6264899373054504 -3.350278377532959 391
9823 1024 0.6256999969482422 -3.350281238555908 960
9824 1024 0.6254099011421204 -3.3502864837646484 502
9825 1024 0.6226798892021179 -3.3502869606018066 657
9826 1024 0.6227201223373413 -3.3502871990203857 998
9827 1024 0.6217198967933655 -3.350304126739502 722
9828 1024 0.6271198987960815 -3.35030460357666 99
9829 1024 0.6268599033355713 -3.3503074645996094 1014
9830 1024 0.6254100799560547 -3.350309371948242 457
9831 1024 0.6238901019096375 -3.350313186645508 255
9832 1024 0.6218300461769104 -3.350313663482666 0
9833 1024 0.6214799880981445 -3.3503146171569824 906
9834 1024 0.6225900650024414 -3.3503193855285645 430
9835 1024 0.6259500980377197 -3.350322961807251 665
9836 1024 0.6221100687980652 -3.3503243923187256 386
9837 1024 0.623499870300293 -3.3503355979919434 938
9838 1024 0.6239799857139587 -3.350338935852051 421
9839 1024 0.6245099306106567 -3.350339889526367 353
9840 1024 0.6238499879837036 -3.350343704223633 367
9841 1024 0.6239400506019592 -3.350346565246582 97
9842 1024 0.6201099157333374 -3.350351572036743 747
9843 1024 0.6228201389312744 -3.350353717803955 136
9844 1024 0.6192699670791626 -3.350358009338379 105
9845 1024 0.6251199245452881 -3.3503828048706055 279
9846 1024 0.6192100048065186 -3.350388765335083 800
9847 1024 0.6204800009727478 -3.350403308868408 108
9848 1024 0.6213900446891785 -3.3504116535186768 659
9849 1024 0.6185401678085327 -3.350417375564575 500
9850 1024 0.6222400069236755 -3.3504204750061035 112
9851 1024 0.6206400394439697 -3.350428819656372 554
9852 1024 0.6182199716567993 -3.3504388332366943 799
9853 1024 0.6200400590896606 -3.3504438400268555 614
9854 1024 0.6203000545501709 -3.350458860397339 341
9855 1024 0.6213499903678894 -3.3504652976989746 1018
9856 1024 0.6205599308013916 -3.350468873977661 497
9857 1024 0.6194698810577393 -3.350480556488037 788
9858 1024 0.6197299361228943 -3.3504843711853027 93
9859 1024 0.619100034236908 -3.350491523742676 894
9860 1024 0.6213001012802124 -3.3504953384399414 744
9861 1024 0.6156699657440186 -3.3505020141601562 590
9862 1024 0.6174700856208801 -3.3505144119262695 646
9863 1024 0.6172099709510803 -3.3505160808563232 163
9864 1024 0.6159400939941406 -3.3505215644836426 427
9865 1024 0.6136299967765808 -3.3505234718322754 403
9866 1024 0.616100013256073 -3.3505282402038574 753
9867 1024 0.6179301142692566 -3.350533962249756 713
9868 1024 0.6159199476242065 -3.3505353927612305 365
9869 1024 0.6167199015617371 -3.350536346435547 58
9870 1024 0.6171800494194031 -3.350541591644287 641
9871 1024 0.6151100993156433 -3.3505425453186035 42
9872 1024 0.6162601113319397 -3.3505444526672363 522
9873 1024 0.6205799579620361 -3.3505492210388184 662
9874 1024 0.6123700141906738 -3.3505516052246094 191
9875 1024 0.6146000027656555 -3.350559711456299 67
9876 1024 0.615399956703186 -3.3505611419677734 775
9877 1024 0.6144002079963684 -3.350569009780884 106
9878 1024 0.6131600737571716 -3.3505711555480957 743
9879 1024 0.612460196018219 -3.35058331489563 489
9880 1024 0.6163198947906494 -3.3505890369415283 91
9881 1024 0.6150299906730652 -3.350602149963379 677
9882 1024 0.6129400730133057 -3.3506059646606445 667
9883 1024 0.6152000427246094 -3.350614070892334 631
9884 1024 0.6156800389289856 -3.350614547729492 663
9885 1024 0.6145800352096558 -3.3506178855895996 29
9886 1024 0.6122598648071289 -3.3506226539611816 266
9887 1024 0.6120799779891968 -3.3506274223327637 358
9888 1024 0.613520085811615 -3.3506369590759277 182
9889 1024 0.612790048122406 -3.3506436347961426 117
9890 1024 0.6132599711418152 -3.350649356842041 156
9891 1024 0.6136098504066467 -3.350653648376465 475
9892 1024 0.6114000082015991 -3.350654125213623 268
9893 1024 0.6125702261924744 -3.3506577014923096 967
9894 1024 0.6143200397491455 -3.3506579399108887 314
9895 1024 0.6119199991226196 -3.350684881210327 355
9896 1024 0.6107699871063232 -3.3506956100463867 564
9897 1024 0.6100299954414368 -3.3506994247436523 724
9898 1024 0.6130300760269165 -3.3507003784179688 1012
9899 1024 0.6107200384140015 -3.3507018089294434 273
9900 1024 0.6079099774360657 -3.350707530975342 737
9901 1024 0.6113700866699219 -3.3507134914398193 869
9902 1024 0.6114300489425659 -3.350717544555664 391
9903 1024 0.6093801259994507 -3.350722312927246 1018
9904 1024 0.6087700128555298 -3.350731372833252 59
9905 1024 0.6111400723457336 -3.3507347106933594 141
9906 1024 0.6110800504684448 -3.350740671157837 978
9907 1024 0.6092801690101624 -3.3507561683654785 577
9908 1024 0.6097899079322815 -3.3507578372955322 73
9909 1024 0.6121500730514526 -3.3507604598999023 492
9910 1024 0.6069098711013794 -3.3507792949676514 300
9911 1024 0.6078999042510986 -3.3507819175720215 778
9912 1024 0.6059999465942383 -3.35078501701355 90
9913 1024 0.6066499352455139 -3.35078763961792 512
9914 1024 0.6104400753974915 -3.350787878036499 781
9915 1024 0.6035799980163574 -3.350792169570923 956
9916 1024 0.6071200370788574 -3.3507943153381348 312
9917 1024 0.6101600527763367 -3.3507957458496094 185
9918 1024 0.6081401109695435 -3.3508005142211914 195
9919 1024 0.6116399765014648 -3.3508036136627197 175
9920 1024 0.6093900203704834 -3.3508050441741943 809
9921 1024 0.6063101291656494 -3.350809097290039 859
9922 1024 0.6082001328468323 -3.3508105278015137 455
9923 1024 0.6078298687934875 -3.350818634033203 327
9924 1024 0.6115202307701111 -3.3508193492889404 98
9925 1024 0.6074400544166565 -3.350820541381836 243
9926 1024 0.6065800189971924 -3.350820779800415 727
9927 1024 0.6076099276542664 -3.3508243560791016 235
9928 1024 0.604400098323822 -3.350825309753418 1022
9929 1024 0.6037600636482239 -3.350829601287842 759
9930 1024 0.6056900024414062 -3.350839376449585 102
9931 1024 0.6033300161361694 -3.350843906402588 345
9932 1024 0.6068500876426697 -3.350855827331543 810
9933 1024 0.6040199398994446 -3.350857973098755 271
9934 1024 0.6060400605201721 -3.350865125656128 758
9935 1024 0.6031301021575928 -3.350867986679077 672
9936 1024 0.6045799851417542 -3.3508708477020264 310
9937 1024 0.6058400273323059 -3.3508710861206055 335
9938 1024 0.6066501140594482 -3.350881576538086 1009
9939 1024 0.6025199890136719 -3.350882053375244 346
9940 1024 0.6042600274085999 -3.3508851528167725 456
9941 1024 0.6038399934768677 -3.350886344909668 126
9942 1024 0.6069498062133789 -3.3508880138397217 10
9943 1024 0.60111004114151 -3.350898027420044 200
9944 1024 0.6056900024414062 -3.3508996963500977 495
9945 1024 0.6044100522994995 -3.3509037494659424 263
9946 1024 0.6004002094268799 -3.3509106636047363 262
9947 1024 0.5977999567985535 -3.3509116172790527 207
9948 1024 0.6064399480819702 -3.35091233253479 409
9949 1024 0.6037700772285461 -3.350924015045166 168
9950 1024 0.6071699857711792 -3.3509364128112793 913
9951 1024 0.6016201376914978 -3.350942373275757 235
9952 1024 0.6011800765991211 -3.3509521484375 200
9953 1024 0.6033200621604919 -3.3509559631347656 226
9954 1024 0.6040099263191223 -3.3509631156921387 750
9955 1024 0.6072900891304016 -3.3509697914123535 582
9956 1024 0.5998699069023132 -3.350973606109619 22
9957 1024 0.6050899624824524 -3.3509764671325684 285
9958 1024 0.6054000854492188 -3.3509769439697266 377
9959 1024 0.6013601422309875 -3.350977897644043 607
9960 1024 0.6019600629806519 -3.350978374481201 246
9961 1024 0.6009901165962219 -3.350985527038574 149
9962 1024 0.6011298894882202 -3.3509974479675293 580
9963 1024 0.602620005607605 -3.3510167598724365 473
9964 1024 0.5995200276374817 -3.3510184288024902 409
9965 1024 0.6012399792671204 -3.3510265350341797 337
9966 1024 0.597629964351654 -3.351048469543457 119
9967 1024 0.600600004196167 -3.351050853729248 41
9968 1024 0.5983401536941528 -3.3510525226593018 473
9969 1024 0.6033400297164917 -3.351052761077881 69
9970 1024 0.5952800512313843 -3.3510570526123047 545
9971 1024 0.5978701114654541 -3.351059675216675 512
9972 1024 0.5961802005767822 -3.351062536239624 243
9973 1024 0.6002501249313354 -3.351071834564209 597
9974 1024 0.6007301211357117 -3.351073980331421 821
9975 1024 0.5985900163650513 -3.351083993911743 69
9976 1024 0.6025599837303162 -3.351088285446167 970
9977 1024 0.5953100919723511 -3.351092576980591 236
9978 1024 0.598110020160675 -3.3510937690734863 924
9979 1024 0.5972601771354675 -3.351099729537964 970
9980 1024 0.6024401187896729 -3.3511009216308594 895
9981 1024 0.5986201167106628 -3.351101875305176 707
9982 1024 0.5974600315093994 -3.351104736328125 868
9983 1024 0.598980188369751 -3.351106882095337 302
9984 1024 0.5967600345611572 -3.3511111736297607 190
9985 1024 0.5920300483703613 -3.351113796234131 556
9986 1024 0.5973101258277893 -3.35111403465271 812
9987 1024 0.5993101596832275 -3.3511152267456055 558
9988 1024 0.599530041217804 -3.35111665725708 314
9989 1024 0.5953602194786072 -3.3511197566986084 667
9990 1024 0.5981701016426086 -3.3511204719543457 756
9991 1024 0.5979700684547424 -3.351126194000244 163
9992 1024 0.5948299765586853 -3.351132869720459 659
9993 1024 0.5973101854324341 -3.351140022277832 10
9994 1024 0.5966500043869019 -3.3511581420898438 338
9995 1024 0.5953100323677063 -3.3511598110198975 129
9996 1024 0.5954601764678955 -3.3511626720428467 868
9997 1024 0.5927202105522156 -3.351165771484375 943
9998 1024 0.593779981136322 -3.351170063018799 796
9999 1024 0.5901399850845337 -3.351170539855957 408
10000 1024 0.5915400385856628 -3.3511741161346436 796
#
# Run ended: 2026-09-18 18:39:29.173242
# Elapsed time: 0:07:59.706533